6603d019-cf11-4464-af83-d73a6114d7d9,8a1eb4a2-9b78-44bf-bb1e-2556e0dab34c,4334
4d871fb3-f0e1-4dc9-8415-2546e8723250,9303996d-4078-4c79-80db-6a3eaa36104a,229595
7fba12e8-f336-4a99-a479-dbcb1fc058b8,f52dd1ff-6bbf-4473-8f2f-718db4a10f87,165421
07f047c6-eec0-4f71-98d8-0b06fac54ea9,0e73205f-4f6a-4208-ad93-9e5206df13c7,422533
47cd9c20-4d9e-4b8a-813b-7cf5ccc918cd,095d08c2-5199-4d31-a548-12b5955c61a1,42753
d9dbc87f-1fec-4d78-bf2b-ec41887dfd44,98eab8e7-ae72-4457-9ea0-742b7ae8093d,295021
a8fe04d7-c6e9-4857-be39-37559d653f33,78fd87d1-526d-4b18-8de8-c4c281977037,100958
51d7b18f-7c8c-4230-a198-36ad0e73f79d,7cc6cfa4-c1e9-494a-986b-bbf607bc5550,230279
a90a0979-3d6a-4c77-b2ce-81ba1f5311a5,d1f46208-0958-4793-bf89-39afc8da5c85,156887
07f047c6-eec0-4f71-98d8-0b06fac54ea9,a730d385-0f71-42a3-8b8c-b4195bfa8f1f,425839
28be9ff8-6e8b-486b-bf5d-0d5f62c0c810,32fffa33-1cd7-46d6-8e2e-e98450886d01,187586
5d4da318-295f-43fd-b303-bbd5fc786145,385ddbb9-9e74-4532-b04a-de4e304cf8a7,108587
58207bba-605a-4b23-98aa-9ac09a28437f,51d7b18f-7c8c-4230-a198-36ad0e73f79d,4089
78fd87d1-526d-4b18-8de8-c4c281977037,6603d019-cf11-4464-af83-d73a6114d7d9,40681
9eddc067-b8c5-418d-8707-e41b27dafb46,cf8d0727-06ae-41b7-a2bf-c14ea6affcfa,56136
87fcf9bd-c496-499a-8ddd-b5f35af99931,b31626b2-19f3-473f-8056-240a12f26768,105638
b5dc2142-0bad-4987-be8e-d11f22d9ea51,a8a3a809-1348-41fe-b334-afa6e29e0493,298821
0e73205f-4f6a-4208-ad93-9e5206df13c7,99d5f7aa-2bc3-4aab-be55-528b049579c6,193886
25b1246f-0e37-44e9-a053-8fa48c7f8e1e,7fba12e8-f336-4a99-a479-dbcb1fc058b8,228664
853a8faf-f277-4783-a080-1a32165bdc6e,78560cc8-0cca-433a-8291-89c80601bf63,533069
095d08c2-5199-4d31-a548-12b5955c61a1,4d871fb3-f0e1-4dc9-8415-2546e8723250,411265
0532f619-2dfb-4ed2-8656-ce67a56128aa,f5a4a30f-bf41-44c8-b3b3-283ffe260a60,201665
87d34d56-3bfc-4b8e-b3cf-5f8fc1df2732,99d5f7aa-2bc3-4aab-be55-528b049579c6,207025
9bb7ec36-dda1-4ff9-a738-6f7f2e9f7630,68dd02c1-3e68-4d4d-8773-fe9569808537,172113
a44a2fb9-565b-468e-a23d-5956fdd2e744,9303996d-4078-4c79-80db-6a3eaa36104a,26566
3fe4fa6b-719c-428e-ab19-ac1e5a83f0f1,7cc6cfa4-c1e9-494a-986b-bbf607bc5550,121232
15ba1443-4cf1-4367-93b6-60fbb95a5b5e,d7ea63f6-7280-453f-83c2-3f8ddc60ef79,499761
15ba1443-4cf1-4367-93b6-60fbb95a5b5e,464300eb-3855-4132-b377-6fe93a794fee,178653
87fcf9bd-c496-499a-8ddd-b5f35af99931,a730d385-0f71-42a3-8b8c-b4195bfa8f1f,88078
47cd9c20-4d9e-4b8a-813b-7cf5ccc918cd,78699c1e-3234-4c39-a2d4-5e6e545dc68e,76933
8a1eb4a2-9b78-44bf-bb1e-2556e0dab34c,558c8707-3d8a-4375-8e7e-998395fb46e5,212235
10949264-8492-44d9-ba5c-65c4b7838df4,3628d3b6-b07f-41cd-8c09-8c99afa414ba,114693
1dc801b8-53d9-46a5-85fd-164140883dd0,2993ded9-071e-45bc-9b13-accdf5d3ebec,301327
78fd87d1-526d-4b18-8de8-c4c281977037,cf8d0727-06ae-41b7-a2bf-c14ea6affcfa,33919
1ab2769c-a290-4b2f-9e27-da26985f69d8,180627e6-0c19-44ba-82b6-4ec97d3ad85d,218830
83ca04ab-5096-4031-b64a-163ca57dfb1b,464300eb-3855-4132-b377-6fe93a794fee,289682
a90a0979-3d6a-4c77-b2ce-81ba1f5311a5,51d7b18f-7c8c-4230-a198-36ad0e73f79d,114480
d59927c9-8f84-405f-b928-2ec21f8c6eb1,d7ea63f6-7280-453f-83c2-3f8ddc60ef79,79678
7cc6cfa4-c1e9-494a-986b-bbf607bc5550,f38f3d11-ca55-4e14-9b7a-3c41774011e1,178548
8536988f-ed41-448c-97ce-9555c75abfaa,cce1aaa6-a333-477e-8c63-815bef486b25,66790
e7338740-b7ee-469c-9c74-bee7dd5f18d2,d59927c9-8f84-405f-b928-2ec21f8c6eb1,189495
12ff259b-fcec-4111-8a3e-92f1b34ef005,7d7d78f3-acce-4f6a-9cea-2a3afcde3e8f,372694
06e59082-1be0-4c86-87a5-ccf1f9fea164,47cd9c20-4d9e-4b8a-813b-7cf5ccc918cd,391974
8536988f-ed41-448c-97ce-9555c75abfaa,22a5a25e-618e-456a-b80a-9cbef2c43460,78773
3628d3b6-b07f-41cd-8c09-8c99afa414ba,5e62c6a4-2bb4-4e1c-8488-e10c7b1c3f63,502149
78fd87d1-526d-4b18-8de8-c4c281977037,0305e738-0366-4b59-9641-5036465d07cd,41435
5065fc4a-0d76-4ae7-84f0-b17d57bc7ce8,1cf3a191-a526-4d97-a3d3-434d14f60ce3,208706
d7ea63f6-7280-453f-83c2-3f8ddc60ef79,853a8faf-f277-4783-a080-1a32165bdc6e,221944
08610465-eb20-4cef-a770-ee3cd8e75508,2993ded9-071e-45bc-9b13-accdf5d3ebec,59648
e413f084-e90e-424a-b205-f3dd75142edc,f38f3d11-ca55-4e14-9b7a-3c41774011e1,26594
dbc42853-f1be-402c-845f-6452bea1fcf0,78699c1e-3234-4c39-a2d4-5e6e545dc68e,454943
d9dbc87f-1fec-4d78-bf2b-ec41887dfd44,1cf3a191-a526-4d97-a3d3-434d14f60ce3,104291
e413f084-e90e-424a-b205-f3dd75142edc,e313b334-d8e0-4f9d-a841-02495ccfd0d4,11994
4b3124e8-5fe8-4c26-8e72-8f6ba2766978,4130354e-87e6-4255-9189-522263c3027f,194970
4130354e-87e6-4255-9189-522263c3027f,310f8c32-4e53-4985-bd1b-6da805a969db,544398
db21b201-6b2e-4e52-ad8d-d44123fc5c63,d3f7b752-a107-4df3-9795-14db35826c73,144709
e7338740-b7ee-469c-9c74-bee7dd5f18d2,8536988f-ed41-448c-97ce-9555c75abfaa,295907
a9b5bf1c-cbe0-4d26-9be9-e219091870fb,839cc007-0190-43a3-a229-b97fe0fdddd1,138081
51d7b18f-7c8c-4230-a198-36ad0e73f79d,45e57df9-772b-40ca-aafc-898162c69844,509399
c9fc8fa1-ca0e-4b1e-904c-80e5d80b2e39,f5a4a30f-bf41-44c8-b3b3-283ffe260a60,155936
1db7abdf-2504-4e24-99b3-3dffe16ee8eb,4d871fb3-f0e1-4dc9-8415-2546e8723250,292831
b154fd49-3672-4066-8fe1-a9993e912518,a90a0979-3d6a-4c77-b2ce-81ba1f5311a5,18807
558c8707-3d8a-4375-8e7e-998395fb46e5,64afb508-3fdb-4f14-a721-040f46ad6d54,88374
384df65c-8611-4041-99a2-9b5a19d87245,58207bba-605a-4b23-98aa-9ac09a28437f,100031
1cf3a191-a526-4d97-a3d3-434d14f60ce3,a90a0979-3d6a-4c77-b2ce-81ba1f5311a5,249130
a9b5bf1c-cbe0-4d26-9be9-e219091870fb,3b07c7ff-6fed-490a-a9e1-f5bafebc6f0b,166665
cce1aaa6-a333-477e-8c63-815bef486b25,db21b201-6b2e-4e52-ad8d-d44123fc5c63,86406
b54ac68a-3eca-435c-8902-200a1a1b09ff,5065fc4a-0d76-4ae7-84f0-b17d57bc7ce8,146160
f52dd1ff-6bbf-4473-8f2f-718db4a10f87,c855958a-64c0-4592-b32a-d7a4c8b2b733,429668
9303996d-4078-4c79-80db-6a3eaa36104a,2c9eb637-701c-47c0-86f9-52df6517d923,278935
54835b8a-a27f-4145-a0f6-df40badc1d0e,f5a4a30f-bf41-44c8-b3b3-283ffe260a60,30825
b391f9a6-4399-4069-9150-100fa9423b03,08610465-eb20-4cef-a770-ee3cd8e75508,123215
d3f7b752-a107-4df3-9795-14db35826c73,cd4373fe-0091-4421-898d-1322bb7921e8,378248
e7338740-b7ee-469c-9c74-bee7dd5f18d2,1db7abdf-2504-4e24-99b3-3dffe16ee8eb,99712
0532f619-2dfb-4ed2-8656-ce67a56128aa,18036c84-0da6-4c1e-9b11-126a55b485c7,84332
6c6bed17-97db-4220-bcd7-9c74bb5c30a0,cb0c31f6-0fd6-46de-af02-5d25005aa5bb,188564
29e9ab61-e061-4d94-8cd3-c99446d51c55,58207bba-605a-4b23-98aa-9ac09a28437f,122806
b2063c94-d6ff-4b99-9b1a-191d9fc22602,e413f084-e90e-424a-b205-f3dd75142edc,158281
558c8707-3d8a-4375-8e7e-998395fb46e5,15ba1443-4cf1-4367-93b6-60fbb95a5b5e,75702
9bb7ec36-dda1-4ff9-a738-6f7f2e9f7630,d7ea63f6-7280-453f-83c2-3f8ddc60ef79,172997
a90a0979-3d6a-4c77-b2ce-81ba1f5311a5,01961663-3143-4f5c-92e7-965eec12a0f9,57419
64afb508-3fdb-4f14-a721-040f46ad6d54,b35a5f3e-d9e7-47bf-a5f8-e8abdc9166c0,167466
87d34d56-3bfc-4b8e-b3cf-5f8fc1df2732,a90a0979-3d6a-4c77-b2ce-81ba1f5311a5,218789
7cc6cfa4-c1e9-494a-986b-bbf607bc5550,dbc42853-f1be-402c-845f-6452bea1fcf0,110663
310f8c32-4e53-4985-bd1b-6da805a969db,a90a0979-3d6a-4c77-b2ce-81ba1f5311a5,78544
d7ea63f6-7280-453f-83c2-3f8ddc60ef79,759c268e-84f7-4975-a0d9-19b2cd8f0dde,93936
e7338740-b7ee-469c-9c74-bee7dd5f18d2,245f557e-4c75-4015-b6b5-3a52111e716f,252808
0e73205f-4f6a-4208-ad93-9e5206df13c7,cce1aaa6-a333-477e-8c63-815bef486b25,218713
6c6bed17-97db-4220-bcd7-9c74bb5c30a0,78699c1e-3234-4c39-a2d4-5e6e545dc68e,60547
7fba12e8-f336-4a99-a479-dbcb1fc058b8,d3f7b752-a107-4df3-9795-14db35826c73,365885
5f9a0ffa-c748-4fbb-95a5-8eab94c05210,cd4373fe-0091-4421-898d-1322bb7921e8,158903
1dc801b8-53d9-46a5-85fd-164140883dd0,853a8faf-f277-4783-a080-1a32165bdc6e,525950
1cf3a191-a526-4d97-a3d3-434d14f60ce3,b2063c94-d6ff-4b99-9b1a-191d9fc22602,403809
1db7abdf-2504-4e24-99b3-3dffe16ee8eb,400beeb3-50ab-4b56-8775-3b2b07aedbc3,387269
87d34d56-3bfc-4b8e-b3cf-5f8fc1df2732,464300eb-3855-4132-b377-6fe93a794fee,168939
180627e6-0c19-44ba-82b6-4ec97d3ad85d,6c6bed17-97db-4220-bcd7-9c74bb5c30a0,61860
b154fd49-3672-4066-8fe1-a9993e912518,b391f9a6-4399-4069-9150-100fa9423b03,38358
8c6f7203-3c40-4766-9212-79d89260e8e9,06e59082-1be0-4c86-87a5-ccf1f9fea164,380044
64afb508-3fdb-4f14-a721-040f46ad6d54,8c6f7203-3c40-4766-9212-79d89260e8e9,327105
cb0c31f6-0fd6-46de-af02-5d25005aa5bb,c855958a-64c0-4592-b32a-d7a4c8b2b733,348227
464300eb-3855-4132-b377-6fe93a794fee,a8a3a809-1348-41fe-b334-afa6e29e0493,188457
2c754a65-ff58-47e6-85c1-78eb1aca2225,47cd9c20-4d9e-4b8a-813b-7cf5ccc918cd,129904
558c8707-3d8a-4375-8e7e-998395fb46e5,22a5a25e-618e-456a-b80a-9cbef2c43460,135922
e731b69c-eeaf-4cae-8db6-e0cb7a703579,58207bba-605a-4b23-98aa-9ac09a28437f,56626
e7338740-b7ee-469c-9c74-bee7dd5f18d2,2daeec3a-f864-4eba-bdf5-03ccf9feb992,378091
5065fc4a-0d76-4ae7-84f0-b17d57bc7ce8,58207bba-605a-4b23-98aa-9ac09a28437f,63666
f38f3d11-ca55-4e14-9b7a-3c41774011e1,21140c1d-976c-4879-8bdc-a2a06014a372,341069
0532f619-2dfb-4ed2-8656-ce67a56128aa,25b1246f-0e37-44e9-a053-8fa48c7f8e1e,192768
87fcf9bd-c496-499a-8ddd-b5f35af99931,a44a2fb9-565b-468e-a23d-5956fdd2e744,98043
14d26f53-dd5e-4cfa-aada-67c21bb5d939,28be9ff8-6e8b-486b-bf5d-0d5f62c0c810,156447
c9fc8fa1-ca0e-4b1e-904c-80e5d80b2e39,78699c1e-3234-4c39-a2d4-5e6e545dc68e,203270
4e6f9bb8-78a5-4e09-9673-cce1f5489a5b,c9fc8fa1-ca0e-4b1e-904c-80e5d80b2e39,36923
3b07c7ff-6fed-490a-a9e1-f5bafebc6f0b,6e279e72-004f-470e-8bb4-0999c3fc6164,331503
78fd87d1-526d-4b18-8de8-c4c281977037,1cf3a191-a526-4d97-a3d3-434d14f60ce3,51667
65d47575-b37f-4501-841e-142b28a09398,10949264-8492-44d9-ba5c-65c4b7838df4,38320
8536988f-ed41-448c-97ce-9555c75abfaa,9bb7ec36-dda1-4ff9-a738-6f7f2e9f7630,138980
06e59082-1be0-4c86-87a5-ccf1f9fea164,10949264-8492-44d9-ba5c-65c4b7838df4,226414
5e62c6a4-2bb4-4e1c-8488-e10c7b1c3f63,d3f7b752-a107-4df3-9795-14db35826c73,135935
4d871fb3-f0e1-4dc9-8415-2546e8723250,7fba12e8-f336-4a99-a479-dbcb1fc058b8,149947
2993ded9-071e-45bc-9b13-accdf5d3ebec,245f557e-4c75-4015-b6b5-3a52111e716f,4362
58207bba-605a-4b23-98aa-9ac09a28437f,558c8707-3d8a-4375-8e7e-998395fb46e5,11022
b31626b2-19f3-473f-8056-240a12f26768,a43c454e-eaae-4ccf-ba48-24cf178c0031,444159
8c6f7203-3c40-4766-9212-79d89260e8e9,b5dc2142-0bad-4987-be8e-d11f22d9ea51,252622
9303996d-4078-4c79-80db-6a3eaa36104a,2130aa47-2aba-4a23-b3ca-a4360325ae32,191172
98eab8e7-ae72-4457-9ea0-742b7ae8093d,6603d019-cf11-4464-af83-d73a6114d7d9,54273
8a5a20aa-c7aa-4e06-b3af-7285634af283,b2063c94-d6ff-4b99-9b1a-191d9fc22602,8814
cd4373fe-0091-4421-898d-1322bb7921e8,1db7abdf-2504-4e24-99b3-3dffe16ee8eb,294217
25b1246f-0e37-44e9-a053-8fa48c7f8e1e,d7ea63f6-7280-453f-83c2-3f8ddc60ef79,237992
8a5a20aa-c7aa-4e06-b3af-7285634af283,180627e6-0c19-44ba-82b6-4ec97d3ad85d,6832
6603d019-cf11-4464-af83-d73a6114d7d9,b5dc2142-0bad-4987-be8e-d11f22d9ea51,23541
a730d385-0f71-42a3-8b8c-b4195bfa8f1f,a8a3a809-1348-41fe-b334-afa6e29e0493,135694
48ad0f18-b76e-4483-9afc-cd7e59be5f3a,839cc007-0190-43a3-a229-b97fe0fdddd1,205587
58207bba-605a-4b23-98aa-9ac09a28437f,2c9eb637-701c-47c0-86f9-52df6517d923,17648
1cf3a191-a526-4d97-a3d3-434d14f60ce3,8a1eb4a2-9b78-44bf-bb1e-2556e0dab34c,428447
b35a5f3e-d9e7-47bf-a5f8-e8abdc9166c0,4d871fb3-f0e1-4dc9-8415-2546e8723250,89863
a9b5bf1c-cbe0-4d26-9be9-e219091870fb,2130aa47-2aba-4a23-b3ca-a4360325ae32,191128
a44a2fb9-565b-468e-a23d-5956fdd2e744,4130354e-87e6-4255-9189-522263c3027f,77264
0a48b595-c065-4fc3-81fc-25305be2e919,6e279e72-004f-470e-8bb4-0999c3fc6164,264355
7d7c80c6-da3d-482a-87d2-4323b489f08b,54d734a2-73fa-4c9d-8cf3-7a39eaef3b2d,19185
b2063c94-d6ff-4b99-9b1a-191d9fc22602,83ca04ab-5096-4031-b64a-163ca57dfb1b,141423
a43c454e-eaae-4ccf-ba48-24cf178c0031,14d26f53-dd5e-4cfa-aada-67c21bb5d939,4100
e313b334-d8e0-4f9d-a841-02495ccfd0d4,385ddbb9-9e74-4532-b04a-de4e304cf8a7,226728
87fcf9bd-c496-499a-8ddd-b5f35af99931,1277cc00-3031-42e9-bb55-37ca86bbfb7c,33598
83ca04ab-5096-4031-b64a-163ca57dfb1b,5d4da318-295f-43fd-b303-bbd5fc786145,261996
87fcf9bd-c496-499a-8ddd-b5f35af99931,4b2c12b4-cdf9-4dc2-b23a-09610cc147eb,56461
1cf3a191-a526-4d97-a3d3-434d14f60ce3,d9dbc87f-1fec-4d78-bf2b-ec41887dfd44,407321
1ab2769c-a290-4b2f-9e27-da26985f69d8,b5dc2142-0bad-4987-be8e-d11f22d9ea51,460391
01961663-3143-4f5c-92e7-965eec12a0f9,839cc007-0190-43a3-a229-b97fe0fdddd1,212112
d3f7b752-a107-4df3-9795-14db35826c73,4b2c12b4-cdf9-4dc2-b23a-09610cc147eb,426678
0e73205f-4f6a-4208-ad93-9e5206df13c7,4130354e-87e6-4255-9189-522263c3027f,374216
29e9ab61-e061-4d94-8cd3-c99446d51c55,0305e738-0366-4b59-9641-5036465d07cd,287082
11e6699e-09c0-4e83-aa27-821896ae0c18,f52dd1ff-6bbf-4473-8f2f-718db4a10f87,49790
65d47575-b37f-4501-841e-142b28a09398,ea73977d-dcbd-4fd4-81c2-5ac84fa64cac,124430
8c6f7203-3c40-4766-9212-79d89260e8e9,a730d385-0f71-42a3-8b8c-b4195bfa8f1f,139951
60daa3ab-6065-4f2b-830b-86b36bb4afe8,a90a0979-3d6a-4c77-b2ce-81ba1f5311a5,271162
8a5a20aa-c7aa-4e06-b3af-7285634af283,06e59082-1be0-4c86-87a5-ccf1f9fea164,9094
0532f619-2dfb-4ed2-8656-ce67a56128aa,cb0c31f6-0fd6-46de-af02-5d25005aa5bb,100326
6c6bed17-97db-4220-bcd7-9c74bb5c30a0,1cf3a191-a526-4d97-a3d3-434d14f60ce3,74553
f5a4a30f-bf41-44c8-b3b3-283ffe260a60,cb0c31f6-0fd6-46de-af02-5d25005aa5bb,165719
6603d019-cf11-4464-af83-d73a6114d7d9,4e6f9bb8-78a5-4e09-9673-cce1f5489a5b,25346
a8fe04d7-c6e9-4857-be39-37559d653f33,21140c1d-976c-4879-8bdc-a2a06014a372,51870
9eddc067-b8c5-418d-8707-e41b27dafb46,8a1eb4a2-9b78-44bf-bb1e-2556e0dab34c,23911
7e557ea8-c91d-46eb-8ca1-0358f43dcabe,2c754a65-ff58-47e6-85c1-78eb1aca2225,284099
51d7b18f-7c8c-4230-a198-36ad0e73f79d,01961663-3143-4f5c-92e7-965eec12a0f9,254746
a9b5bf1c-cbe0-4d26-9be9-e219091870fb,d1f46208-0958-4793-bf89-39afc8da5c85,73718
b54ac68a-3eca-435c-8902-200a1a1b09ff,d9dbc87f-1fec-4d78-bf2b-ec41887dfd44,300290
9bb7ec36-dda1-4ff9-a738-6f7f2e9f7630,e313b334-d8e0-4f9d-a841-02495ccfd0d4,131163
68dd02c1-3e68-4d4d-8773-fe9569808537,d7ea63f6-7280-453f-83c2-3f8ddc60ef79,163170
e413f084-e90e-424a-b205-f3dd75142edc,78699c1e-3234-4c39-a2d4-5e6e545dc68e,26104
47cd9c20-4d9e-4b8a-813b-7cf5ccc918cd,08610465-eb20-4cef-a770-ee3cd8e75508,74072
2c754a65-ff58-47e6-85c1-78eb1aca2225,e731b69c-eeaf-4cae-8db6-e0cb7a703579,156921
1ab2769c-a290-4b2f-9e27-da26985f69d8,0305e738-0366-4b59-9641-5036465d07cd,321966
a8fe04d7-c6e9-4857-be39-37559d653f33,180627e6-0c19-44ba-82b6-4ec97d3ad85d,55972
06e59082-1be0-4c86-87a5-ccf1f9fea164,18036c84-0da6-4c1e-9b11-126a55b485c7,173596
60daa3ab-6065-4f2b-830b-86b36bb4afe8,1cf3a191-a526-4d97-a3d3-434d14f60ce3,188360
12ff259b-fcec-4111-8a3e-92f1b34ef005,68dd02c1-3e68-4d4d-8773-fe9569808537,105653
7d7c80c6-da3d-482a-87d2-4323b489f08b,1dc801b8-53d9-46a5-85fd-164140883dd0,29390
58207bba-605a-4b23-98aa-9ac09a28437f,51d7b18f-7c8c-4230-a198-36ad0e73f79d,6760
310f8c32-4e53-4985-bd1b-6da805a969db,095d08c2-5199-4d31-a548-12b5955c61a1,75974
394c6a7f-f4e5-40b8-bf5b-a953d624f184,06e59082-1be0-4c86-87a5-ccf1f9fea164,171676
cf8d0727-06ae-41b7-a2bf-c14ea6affcfa,68dd02c1-3e68-4d4d-8773-fe9569808537,29159
d3f7b752-a107-4df3-9795-14db35826c73,e3dc7114-400f-4423-b05f-d6c737c28279,274541
7d7c80c6-da3d-482a-87d2-4323b489f08b,78699c1e-3234-4c39-a2d4-5e6e545dc68e,28942
04d0fe46-e270-4bf0-b721-ee363d6a6e2f,54d734a2-73fa-4c9d-8cf3-7a39eaef3b2d,235486
0e73205f-4f6a-4208-ad93-9e5206df13c7,b54ac68a-3eca-435c-8902-200a1a1b09ff,205971
0532f619-2dfb-4ed2-8656-ce67a56128aa,32fffa33-1cd7-46d6-8e2e-e98450886d01,156810
e3dc7114-400f-4423-b05f-d6c737c28279,e7338740-b7ee-469c-9c74-bee7dd5f18d2,79704
8c6f7203-3c40-4766-9212-79d89260e8e9,a8a3a809-1348-41fe-b334-afa6e29e0493,217004
400beeb3-50ab-4b56-8775-3b2b07aedbc3,51d7b18f-7c8c-4230-a198-36ad0e73f79d,49992
54835b8a-a27f-4145-a0f6-df40badc1d0e,4d871fb3-f0e1-4dc9-8415-2546e8723250,57395
12ff259b-fcec-4111-8a3e-92f1b34ef005,4b3124e8-5fe8-4c26-8e72-8f6ba2766978,212915
0532f619-2dfb-4ed2-8656-ce67a56128aa,b5c5b6ab-0337-4187-afc3-a1ec6230064f,49125
a730d385-0f71-42a3-8b8c-b4195bfa8f1f,853a8faf-f277-4783-a080-1a32165bdc6e,441733
32fffa33-1cd7-46d6-8e2e-e98450886d01,04d0fe46-e270-4bf0-b721-ee363d6a6e2f,57234
0305e738-0366-4b59-9641-5036465d07cd,9303996d-4078-4c79-80db-6a3eaa36104a,267174
25b1246f-0e37-44e9-a053-8fa48c7f8e1e,48ad0f18-b76e-4483-9afc-cd7e59be5f3a,58924
d59927c9-8f84-405f-b928-2ec21f8c6eb1,60daa3ab-6065-4f2b-830b-86b36bb4afe8,51787
d1f46208-0958-4793-bf89-39afc8da5c85,78699c1e-3234-4c39-a2d4-5e6e545dc68e,132061
a9b5bf1c-cbe0-4d26-9be9-e219091870fb,87d34d56-3bfc-4b8e-b3cf-5f8fc1df2732,125633
e731b69c-eeaf-4cae-8db6-e0cb7a703579,54d734a2-73fa-4c9d-8cf3-7a39eaef3b2d,41057
83ca04ab-5096-4031-b64a-163ca57dfb1b,87fcf9bd-c496-499a-8ddd-b5f35af99931,221922
6603d019-cf11-4464-af83-d73a6114d7d9,a9b5bf1c-cbe0-4d26-9be9-e219091870fb,15309
e3dc7114-400f-4423-b05f-d6c737c28279,5d4da318-295f-43fd-b303-bbd5fc786145,375121
4e6f9bb8-78a5-4e09-9673-cce1f5489a5b,3b07c7ff-6fed-490a-a9e1-f5bafebc6f0b,203566
5d4da318-295f-43fd-b303-bbd5fc786145,245f557e-4c75-4015-b6b5-3a52111e716f,222837
e7338740-b7ee-469c-9c74-bee7dd5f18d2,a9b5bf1c-cbe0-4d26-9be9-e219091870fb,187671
8a1eb4a2-9b78-44bf-bb1e-2556e0dab34c,51d7b18f-7c8c-4230-a198-36ad0e73f79d,152663
07f047c6-eec0-4f71-98d8-0b06fac54ea9,21140c1d-976c-4879-8bdc-a2a06014a372,264839
87d34d56-3bfc-4b8e-b3cf-5f8fc1df2732,54d734a2-73fa-4c9d-8cf3-7a39eaef3b2d,349291
58207bba-605a-4b23-98aa-9ac09a28437f,2993ded9-071e-45bc-9b13-accdf5d3ebec,14734
65d47575-b37f-4501-841e-142b28a09398,d59927c9-8f84-405f-b928-2ec21f8c6eb1,110538
32fffa33-1cd7-46d6-8e2e-e98450886d01,385ddbb9-9e74-4532-b04a-de4e304cf8a7,49100
a44a2fb9-565b-468e-a23d-5956fdd2e744,8536988f-ed41-448c-97ce-9555c75abfaa,102772
1ab2769c-a290-4b2f-9e27-da26985f69d8,83ca04ab-5096-4031-b64a-163ca57dfb1b,382609
a8fe04d7-c6e9-4857-be39-37559d653f33,6e279e72-004f-470e-8bb4-0999c3fc6164,45351
e731b69c-eeaf-4cae-8db6-e0cb7a703579,64afb508-3fdb-4f14-a721-040f46ad6d54,14505
245f557e-4c75-4015-b6b5-3a52111e716f,2daeec3a-f864-4eba-bdf5-03ccf9feb992,116111
25b1246f-0e37-44e9-a053-8fa48c7f8e1e,3b07c7ff-6fed-490a-a9e1-f5bafebc6f0b,128255
a44a2fb9-565b-468e-a23d-5956fdd2e744,245f557e-4c75-4015-b6b5-3a52111e716f,50227
83ca04ab-5096-4031-b64a-163ca57dfb1b,a44a2fb9-565b-468e-a23d-5956fdd2e744,235106
f5a4a30f-bf41-44c8-b3b3-283ffe260a60,12ff259b-fcec-4111-8a3e-92f1b34ef005,97648
3fe4fa6b-719c-428e-ab19-ac1e5a83f0f1,400beeb3-50ab-4b56-8775-3b2b07aedbc3,90094
a9b5bf1c-cbe0-4d26-9be9-e219091870fb,54835b8a-a27f-4145-a0f6-df40badc1d0e,147785
d7ea63f6-7280-453f-83c2-3f8ddc60ef79,54835b8a-a27f-4145-a0f6-df40badc1d0e,67276
a8a3a809-1348-41fe-b334-afa6e29e0493,25b1246f-0e37-44e9-a053-8fa48c7f8e1e,233531
385ddbb9-9e74-4532-b04a-de4e304cf8a7,a8a3a809-1348-41fe-b334-afa6e29e0493,89949
b154fd49-3672-4066-8fe1-a9993e912518,3b07c7ff-6fed-490a-a9e1-f5bafebc6f0b,48252
3b07c7ff-6fed-490a-a9e1-f5bafebc6f0b,22a5a25e-618e-456a-b80a-9cbef2c43460,234154
a43c454e-eaae-4ccf-ba48-24cf178c0031,78699c1e-3234-4c39-a2d4-5e6e545dc68e,4294
4b2c12b4-cdf9-4dc2-b23a-09610cc147eb,7cc6cfa4-c1e9-494a-986b-bbf607bc5550,392392
e7338740-b7ee-469c-9c74-bee7dd5f18d2,27a6c30d-3dd4-430c-9b72-6a22b6bc28be,385187
cd4373fe-0091-4421-898d-1322bb7921e8,07f047c6-eec0-4f71-98d8-0b06fac54ea9,427253
a8a3a809-1348-41fe-b334-afa6e29e0493,b2063c94-d6ff-4b99-9b1a-191d9fc22602,287350
9303996d-4078-4c79-80db-6a3eaa36104a,7e557ea8-c91d-46eb-8ca1-0358f43dcabe,250213
32fffa33-1cd7-46d6-8e2e-e98450886d01,7e557ea8-c91d-46eb-8ca1-0358f43dcabe,26162
db21b201-6b2e-4e52-ad8d-d44123fc5c63,3628d3b6-b07f-41cd-8c09-8c99afa414ba,103710
c9fc8fa1-ca0e-4b1e-904c-80e5d80b2e39,a90a0979-3d6a-4c77-b2ce-81ba1f5311a5,260808
2daeec3a-f864-4eba-bdf5-03ccf9feb992,7d7d78f3-acce-4f6a-9cea-2a3afcde3e8f,254063
b5dc2142-0bad-4987-be8e-d11f22d9ea51,2c754a65-ff58-47e6-85c1-78eb1aca2225,238821
1db7abdf-2504-4e24-99b3-3dffe16ee8eb,b35a5f3e-d9e7-47bf-a5f8-e8abdc9166c0,142264
b154fd49-3672-4066-8fe1-a9993e912518,8a5a20aa-c7aa-4e06-b3af-7285634af283,43628
e413f084-e90e-424a-b205-f3dd75142edc,180627e6-0c19-44ba-82b6-4ec97d3ad85d,11066
21140c1d-976c-4879-8bdc-a2a06014a372,85b8f4a0-8132-49e1-8991-32d3b09d6b71,159126
15ba1443-4cf1-4367-93b6-60fbb95a5b5e,a9b5bf1c-cbe0-4d26-9be9-e219091870fb,271731
1a445f91-2ead-438a-9157-e2306187972a,48ad0f18-b76e-4483-9afc-cd7e59be5f3a,296977
095d08c2-5199-4d31-a548-12b5955c61a1,47cd9c20-4d9e-4b8a-813b-7cf5ccc918cd,434981
a9b5bf1c-cbe0-4d26-9be9-e219091870fb,58207bba-605a-4b23-98aa-9ac09a28437f,411443
400beeb3-50ab-4b56-8775-3b2b07aedbc3,119ea857-b60b-491c-8e01-ab437e50f26e,126904
25b1246f-0e37-44e9-a053-8fa48c7f8e1e,08610465-eb20-4cef-a770-ee3cd8e75508,251034
3b07c7ff-6fed-490a-a9e1-f5bafebc6f0b,2c754a65-ff58-47e6-85c1-78eb1aca2225,110359
cb0c31f6-0fd6-46de-af02-5d25005aa5bb,c63bfa5b-d5bb-461c-b9eb-e8744301a90e,65120
384df65c-8611-4041-99a2-9b5a19d87245,0e73205f-4f6a-4208-ad93-9e5206df13c7,229448
25cf4233-39d3-47dc-bf10-51d2687e74de,e3dc7114-400f-4423-b05f-d6c737c28279,44154
b54ac68a-3eca-435c-8902-200a1a1b09ff,1ab2769c-a290-4b2f-9e27-da26985f69d8,161067
400beeb3-50ab-4b56-8775-3b2b07aedbc3,384df65c-8611-4041-99a2-9b5a19d87245,101605
0532f619-2dfb-4ed2-8656-ce67a56128aa,4b2c12b4-cdf9-4dc2-b23a-09610cc147eb,44347
e121b8a7-f238-42b9-8457-181650d599f1,f5a4a30f-bf41-44c8-b3b3-283ffe260a60,12316
839cc007-0190-43a3-a229-b97fe0fdddd1,12ff259b-fcec-4111-8a3e-92f1b34ef005,9274
54d734a2-73fa-4c9d-8cf3-7a39eaef3b2d,8c6f7203-3c40-4766-9212-79d89260e8e9,57003
67a1a352-63c6-43f9-9d71-ce28a20ae21c,f5a4a30f-bf41-44c8-b3b3-283ffe260a60,34470
385ddbb9-9e74-4532-b04a-de4e304cf8a7,8536988f-ed41-448c-97ce-9555c75abfaa,85184
cf8d0727-06ae-41b7-a2bf-c14ea6affcfa,87fcf9bd-c496-499a-8ddd-b5f35af99931,48196
f52dd1ff-6bbf-4473-8f2f-718db4a10f87,a730d385-0f71-42a3-8b8c-b4195bfa8f1f,164288
f38f3d11-ca55-4e14-9b7a-3c41774011e1,10949264-8492-44d9-ba5c-65c4b7838df4,269585
65d47575-b37f-4501-841e-142b28a09398,e121b8a7-f238-42b9-8457-181650d599f1,80073
f52dd1ff-6bbf-4473-8f2f-718db4a10f87,5065fc4a-0d76-4ae7-84f0-b17d57bc7ce8,240711
4b3124e8-5fe8-4c26-8e72-8f6ba2766978,e7338740-b7ee-469c-9c74-bee7dd5f18d2,254742
a90a0979-3d6a-4c77-b2ce-81ba1f5311a5,0532f619-2dfb-4ed2-8656-ce67a56128aa,154474
b31626b2-19f3-473f-8056-240a12f26768,9303996d-4078-4c79-80db-6a3eaa36104a,162575
5e62c6a4-2bb4-4e1c-8488-e10c7b1c3f63,245f557e-4c75-4015-b6b5-3a52111e716f,108517
5f9a0ffa-c748-4fbb-95a5-8eab94c05210,b5c5b6ab-0337-4187-afc3-a1ec6230064f,46979
87d34d56-3bfc-4b8e-b3cf-5f8fc1df2732,b35a5f3e-d9e7-47bf-a5f8-e8abdc9166c0,319117
78699c1e-3234-4c39-a2d4-5e6e545dc68e,25cf4233-39d3-47dc-bf10-51d2687e74de,64617
18036c84-0da6-4c1e-9b11-126a55b485c7,f38f3d11-ca55-4e14-9b7a-3c41774011e1,224962
22a5a25e-618e-456a-b80a-9cbef2c43460,759c268e-84f7-4975-a0d9-19b2cd8f0dde,38384
245f557e-4c75-4015-b6b5-3a52111e716f,d1f46208-0958-4793-bf89-39afc8da5c85,77597
a9b5bf1c-cbe0-4d26-9be9-e219091870fb,f38f3d11-ca55-4e14-9b7a-3c41774011e1,181512
85b8f4a0-8132-49e1-8991-32d3b09d6b71,6603d019-cf11-4464-af83-d73a6114d7d9,270038
7d7c80c6-da3d-482a-87d2-4323b489f08b,25b1246f-0e37-44e9-a053-8fa48c7f8e1e,17517
07f047c6-eec0-4f71-98d8-0b06fac54ea9,ea73977d-dcbd-4fd4-81c2-5ac84fa64cac,359617
e3dc7114-400f-4423-b05f-d6c737c28279,0532f619-2dfb-4ed2-8656-ce67a56128aa,252833
b154fd49-3672-4066-8fe1-a9993e912518,9eddc067-b8c5-418d-8707-e41b27dafb46,45715
7d7c80c6-da3d-482a-87d2-4323b489f08b,e3dc7114-400f-4423-b05f-d6c737c28279,35343
d59927c9-8f84-405f-b928-2ec21f8c6eb1,e413f084-e90e-424a-b205-f3dd75142edc,57135
b5c5b6ab-0337-4187-afc3-a1ec6230064f,7e557ea8-c91d-46eb-8ca1-0358f43dcabe,192265
18036c84-0da6-4c1e-9b11-126a55b485c7,7d7d78f3-acce-4f6a-9cea-2a3afcde3e8f,224287
7fba12e8-f336-4a99-a479-dbcb1fc058b8,a90a0979-3d6a-4c77-b2ce-81ba1f5311a5,254039
095d08c2-5199-4d31-a548-12b5955c61a1,cf8d0727-06ae-41b7-a2bf-c14ea6affcfa,374390
cce1aaa6-a333-477e-8c63-815bef486b25,a8a3a809-1348-41fe-b334-afa6e29e0493,165420
4d871fb3-f0e1-4dc9-8415-2546e8723250,5f9a0ffa-c748-4fbb-95a5-8eab94c05210,202430
7cc6cfa4-c1e9-494a-986b-bbf607bc5550,64afb508-3fdb-4f14-a721-040f46ad6d54,473382
c63bfa5b-d5bb-461c-b9eb-e8744301a90e,87d34d56-3bfc-4b8e-b3cf-5f8fc1df2732,38639
2daeec3a-f864-4eba-bdf5-03ccf9feb992,21140c1d-976c-4879-8bdc-a2a06014a372,244204
1db7abdf-2504-4e24-99b3-3dffe16ee8eb,5f9a0ffa-c748-4fbb-95a5-8eab94c05210,559295
15ba1443-4cf1-4367-93b6-60fbb95a5b5e,06e59082-1be0-4c86-87a5-ccf1f9fea164,512029
21140c1d-976c-4879-8bdc-a2a06014a372,51d7b18f-7c8c-4230-a198-36ad0e73f79d,105676
a90a0979-3d6a-4c77-b2ce-81ba1f5311a5,180627e6-0c19-44ba-82b6-4ec97d3ad85d,35036
6e279e72-004f-470e-8bb4-0999c3fc6164,d1f46208-0958-4793-bf89-39afc8da5c85,266527
2993ded9-071e-45bc-9b13-accdf5d3ebec,28be9ff8-6e8b-486b-bf5d-0d5f62c0c810,3904
9eddc067-b8c5-418d-8707-e41b27dafb46,9303996d-4078-4c79-80db-6a3eaa36104a,39150
8c6f7203-3c40-4766-9212-79d89260e8e9,a43c454e-eaae-4ccf-ba48-24cf178c0031,365574
e731b69c-eeaf-4cae-8db6-e0cb7a703579,07f047c6-eec0-4f71-98d8-0b06fac54ea9,44142
a730d385-0f71-42a3-8b8c-b4195bfa8f1f,cf8d0727-06ae-41b7-a2bf-c14ea6affcfa,191697
28be9ff8-6e8b-486b-bf5d-0d5f62c0c810,68dd02c1-3e68-4d4d-8773-fe9569808537,373957
98eab8e7-ae72-4457-9ea0-742b7ae8093d,d7ea63f6-7280-453f-83c2-3f8ddc60ef79,61193
e121b8a7-f238-42b9-8457-181650d599f1,b54ac68a-3eca-435c-8902-200a1a1b09ff,12254
08610465-eb20-4cef-a770-ee3cd8e75508,45e57df9-772b-40ca-aafc-898162c69844,96066
ea73977d-dcbd-4fd4-81c2-5ac84fa64cac,54d734a2-73fa-4c9d-8cf3-7a39eaef3b2d,128564
64afb508-3fdb-4f14-a721-040f46ad6d54,54835b8a-a27f-4145-a0f6-df40badc1d0e,147851
0a672532-6002-4b7d-bee3-274a62a9fb5a,98eab8e7-ae72-4457-9ea0-742b7ae8093d,279563
b5dc2142-0bad-4987-be8e-d11f22d9ea51,839cc007-0190-43a3-a229-b97fe0fdddd1,263195
3fe4fa6b-719c-428e-ab19-ac1e5a83f0f1,1a445f91-2ead-438a-9157-e2306187972a,85706
2130aa47-2aba-4a23-b3ca-a4360325ae32,78699c1e-3234-4c39-a2d4-5e6e545dc68e,344927
759c268e-84f7-4975-a0d9-19b2cd8f0dde,a9b5bf1c-cbe0-4d26-9be9-e219091870fb,214733
78699c1e-3234-4c39-a2d4-5e6e545dc68e,6e279e72-004f-470e-8bb4-0999c3fc6164,109140
8a5a20aa-c7aa-4e06-b3af-7285634af283,2993ded9-071e-45bc-9b13-accdf5d3ebec,8543
10949264-8492-44d9-ba5c-65c4b7838df4,78699c1e-3234-4c39-a2d4-5e6e545dc68e,362012
8c6f7203-3c40-4766-9212-79d89260e8e9,8536988f-ed41-448c-97ce-9555c75abfaa,78470
54d734a2-73fa-4c9d-8cf3-7a39eaef3b2d,cce1aaa6-a333-477e-8c63-815bef486b25,56417
b5c5b6ab-0337-4187-afc3-a1ec6230064f,2993ded9-071e-45bc-9b13-accdf5d3ebec,45331
a43c454e-eaae-4ccf-ba48-24cf178c0031,54835b8a-a27f-4145-a0f6-df40badc1d0e,2442
5e62c6a4-2bb4-4e1c-8488-e10c7b1c3f63,8c6f7203-3c40-4766-9212-79d89260e8e9,198820
6603d019-cf11-4464-af83-d73a6114d7d9,d7ea63f6-7280-453f-83c2-3f8ddc60ef79,23181
0a672532-6002-4b7d-bee3-274a62a9fb5a,095d08c2-5199-4d31-a548-12b5955c61a1,85256
0305e738-0366-4b59-9641-5036465d07cd,01961663-3143-4f5c-92e7-965eec12a0f9,174938
65d47575-b37f-4501-841e-142b28a09398,06e59082-1be0-4c86-87a5-ccf1f9fea164,147223
98eab8e7-ae72-4457-9ea0-742b7ae8093d,cce1aaa6-a333-477e-8c63-815bef486b25,67574
245f557e-4c75-4015-b6b5-3a52111e716f,dbc42853-f1be-402c-845f-6452bea1fcf0,169551
85b8f4a0-8132-49e1-8991-32d3b09d6b71,15ba1443-4cf1-4367-93b6-60fbb95a5b5e,110940
b391f9a6-4399-4069-9150-100fa9423b03,54835b8a-a27f-4145-a0f6-df40badc1d0e,96422
a90a0979-3d6a-4c77-b2ce-81ba1f5311a5,3b07c7ff-6fed-490a-a9e1-f5bafebc6f0b,133745
3628d3b6-b07f-41cd-8c09-8c99afa414ba,7e557ea8-c91d-46eb-8ca1-0358f43dcabe,109934
558c8707-3d8a-4375-8e7e-998395fb46e5,7cc6cfa4-c1e9-494a-986b-bbf607bc5550,44982
85b8f4a0-8132-49e1-8991-32d3b09d6b71,54835b8a-a27f-4145-a0f6-df40badc1d0e,275901
4130354e-87e6-4255-9189-522263c3027f,cce1aaa6-a333-477e-8c63-815bef486b25,451158
d59927c9-8f84-405f-b928-2ec21f8c6eb1,78699c1e-3234-4c39-a2d4-5e6e545dc68e,28059
b391f9a6-4399-4069-9150-100fa9423b03,7e557ea8-c91d-46eb-8ca1-0358f43dcabe,430257
fadaa8d2-d11e-48f4-b113-7ae97265e717,ea73977d-dcbd-4fd4-81c2-5ac84fa64cac,64072
119ea857-b60b-491c-8e01-ab437e50f26e,f38f3d11-ca55-4e14-9b7a-3c41774011e1,371650
dbc42853-f1be-402c-845f-6452bea1fcf0,22a5a25e-618e-456a-b80a-9cbef2c43460,522249
a43c454e-eaae-4ccf-ba48-24cf178c0031,21140c1d-976c-4879-8bdc-a2a06014a372,4901
a44a2fb9-565b-468e-a23d-5956fdd2e744,25b1246f-0e37-44e9-a053-8fa48c7f8e1e,90290
0305e738-0366-4b59-9641-5036465d07cd,cb0c31f6-0fd6-46de-af02-5d25005aa5bb,260470
1cf3a191-a526-4d97-a3d3-434d14f60ce3,b31626b2-19f3-473f-8056-240a12f26768,198548
b391f9a6-4399-4069-9150-100fa9423b03,25cf4233-39d3-47dc-bf10-51d2687e74de,243972
7fba12e8-f336-4a99-a479-dbcb1fc058b8,58207bba-605a-4b23-98aa-9ac09a28437f,437871
a730d385-0f71-42a3-8b8c-b4195bfa8f1f,464300eb-3855-4132-b377-6fe93a794fee,382240
1ab2769c-a290-4b2f-9e27-da26985f69d8,b5dc2142-0bad-4987-be8e-d11f22d9ea51,339134
a90a0979-3d6a-4c77-b2ce-81ba1f5311a5,e121b8a7-f238-42b9-8457-181650d599f1,128285
04d0fe46-e270-4bf0-b721-ee363d6a6e2f,0a48b595-c065-4fc3-81fc-25305be2e919,251905
29e9ab61-e061-4d94-8cd3-c99446d51c55,119ea857-b60b-491c-8e01-ab437e50f26e,180995
3535f85d-9583-4470-ac4c-9afdc1038270,b391f9a6-4399-4069-9150-100fa9423b03,128695
45e57df9-772b-40ca-aafc-898162c69844,4b3124e8-5fe8-4c26-8e72-8f6ba2766978,109702
32fffa33-1cd7-46d6-8e2e-e98450886d01,e731b69c-eeaf-4cae-8db6-e0cb7a703579,23327
d59927c9-8f84-405f-b928-2ec21f8c6eb1,cce1aaa6-a333-477e-8c63-815bef486b25,62924
8c6f7203-3c40-4766-9212-79d89260e8e9,4130354e-87e6-4255-9189-522263c3027f,326786
e731b69c-eeaf-4cae-8db6-e0cb7a703579,db21b201-6b2e-4e52-ad8d-d44123fc5c63,70219
29e9ab61-e061-4d94-8cd3-c99446d51c55,a8fe04d7-c6e9-4857-be39-37559d653f33,142991
22a5a25e-618e-456a-b80a-9cbef2c43460,a8a3a809-1348-41fe-b334-afa6e29e0493,13152
78699c1e-3234-4c39-a2d4-5e6e545dc68e,21140c1d-976c-4879-8bdc-a2a06014a372,116740
47cd9c20-4d9e-4b8a-813b-7cf5ccc918cd,a43c454e-eaae-4ccf-ba48-24cf178c0031,135210
095d08c2-5199-4d31-a548-12b5955c61a1,25b1246f-0e37-44e9-a053-8fa48c7f8e1e,340748
b5dc2142-0bad-4987-be8e-d11f22d9ea51,67a1a352-63c6-43f9-9d71-ce28a20ae21c,245985
0305e738-0366-4b59-9641-5036465d07cd,cb0c31f6-0fd6-46de-af02-5d25005aa5bb,292504
11e6699e-09c0-4e83-aa27-821896ae0c18,1a445f91-2ead-438a-9157-e2306187972a,57953
b31626b2-19f3-473f-8056-240a12f26768,11e6699e-09c0-4e83-aa27-821896ae0c18,359041
47cd9c20-4d9e-4b8a-813b-7cf5ccc918cd,12ff259b-fcec-4111-8a3e-92f1b34ef005,29106
45e57df9-772b-40ca-aafc-898162c69844,0305e738-0366-4b59-9641-5036465d07cd,375567
400beeb3-50ab-4b56-8775-3b2b07aedbc3,78699c1e-3234-4c39-a2d4-5e6e545dc68e,104859
394c6a7f-f4e5-40b8-bf5b-a953d624f184,e7338740-b7ee-469c-9c74-bee7dd5f18d2,220811
51d7b18f-7c8c-4230-a198-36ad0e73f79d,310f8c32-4e53-4985-bd1b-6da805a969db,217801
8c6f7203-3c40-4766-9212-79d89260e8e9,c63bfa5b-d5bb-461c-b9eb-e8744301a90e,234598
1ab2769c-a290-4b2f-9e27-da26985f69d8,25cf4233-39d3-47dc-bf10-51d2687e74de,332014
4b2c12b4-cdf9-4dc2-b23a-09610cc147eb,b391f9a6-4399-4069-9150-100fa9423b03,494872
7cc6cfa4-c1e9-494a-986b-bbf607bc5550,7d7d78f3-acce-4f6a-9cea-2a3afcde3e8f,363955
c63bfa5b-d5bb-461c-b9eb-e8744301a90e,b5dc2142-0bad-4987-be8e-d11f22d9ea51,86813
67a1a352-63c6-43f9-9d71-ce28a20ae21c,2130aa47-2aba-4a23-b3ca-a4360325ae32,42180
759c268e-84f7-4975-a0d9-19b2cd8f0dde,47cd9c20-4d9e-4b8a-813b-7cf5ccc918cd,172825
29e9ab61-e061-4d94-8cd3-c99446d51c55,10949264-8492-44d9-ba5c-65c4b7838df4,396319
27a6c30d-3dd4-430c-9b72-6a22b6bc28be,11e6699e-09c0-4e83-aa27-821896ae0c18,187768
b55783b5-489c-4878-a0aa-c81825d0ae80,400beeb3-50ab-4b56-8775-3b2b07aedbc3,88363
119ea857-b60b-491c-8e01-ab437e50f26e,d9dbc87f-1fec-4d78-bf2b-ec41887dfd44,90488
384df65c-8611-4041-99a2-9b5a19d87245,cb0c31f6-0fd6-46de-af02-5d25005aa5bb,206724
9eddc067-b8c5-418d-8707-e41b27dafb46,29e9ab61-e061-4d94-8cd3-c99446d51c55,51590
87d34d56-3bfc-4b8e-b3cf-5f8fc1df2732,4b3124e8-5fe8-4c26-8e72-8f6ba2766978,370729
2daeec3a-f864-4eba-bdf5-03ccf9feb992,e731b69c-eeaf-4cae-8db6-e0cb7a703579,100095
759c268e-84f7-4975-a0d9-19b2cd8f0dde,d9dbc87f-1fec-4d78-bf2b-ec41887dfd44,91805
78699c1e-3234-4c39-a2d4-5e6e545dc68e,7e557ea8-c91d-46eb-8ca1-0358f43dcabe,263033
d9dbc87f-1fec-4d78-bf2b-ec41887dfd44,2993ded9-071e-45bc-9b13-accdf5d3ebec,324052
1cf3a191-a526-4d97-a3d3-434d14f60ce3,cb0c31f6-0fd6-46de-af02-5d25005aa5bb,262258
c9fc8fa1-ca0e-4b1e-904c-80e5d80b2e39,b31626b2-19f3-473f-8056-240a12f26768,61054
558c8707-3d8a-4375-8e7e-998395fb46e5,cb0c31f6-0fd6-46de-af02-5d25005aa5bb,65013
e3dc7114-400f-4423-b05f-d6c737c28279,400beeb3-50ab-4b56-8775-3b2b07aedbc3,242039
f52dd1ff-6bbf-4473-8f2f-718db4a10f87,cf8d0727-06ae-41b7-a2bf-c14ea6affcfa,175196
8a5a20aa-c7aa-4e06-b3af-7285634af283,8536988f-ed41-448c-97ce-9555c75abfaa,10443
ea73977d-dcbd-4fd4-81c2-5ac84fa64cac,5d4da318-295f-43fd-b303-bbd5fc786145,53947
b391f9a6-4399-4069-9150-100fa9423b03,464300eb-3855-4132-b377-6fe93a794fee,271589
b5c5b6ab-0337-4187-afc3-a1ec6230064f,78560cc8-0cca-433a-8291-89c80601bf63,226654
b391f9a6-4399-4069-9150-100fa9423b03,853a8faf-f277-4783-a080-1a32165bdc6e,217095
e121b8a7-f238-42b9-8457-181650d599f1,12ff259b-fcec-4111-8a3e-92f1b34ef005,4575
1db7abdf-2504-4e24-99b3-3dffe16ee8eb,1ab2769c-a290-4b2f-9e27-da26985f69d8,533228
1dc801b8-53d9-46a5-85fd-164140883dd0,1cf3a191-a526-4d97-a3d3-434d14f60ce3,127607
b55783b5-489c-4878-a0aa-c81825d0ae80,32fffa33-1cd7-46d6-8e2e-e98450886d01,34969
3628d3b6-b07f-41cd-8c09-8c99afa414ba,18036c84-0da6-4c1e-9b11-126a55b485c7,466304
e313b334-d8e0-4f9d-a841-02495ccfd0d4,1dc801b8-53d9-46a5-85fd-164140883dd0,218541
4130354e-87e6-4255-9189-522263c3027f,e7338740-b7ee-469c-9c74-bee7dd5f18d2,362669
839cc007-0190-43a3-a229-b97fe0fdddd1,9bb7ec36-dda1-4ff9-a738-6f7f2e9f7630,24118
e3dc7114-400f-4423-b05f-d6c737c28279,119ea857-b60b-491c-8e01-ab437e50f26e,109935
87fcf9bd-c496-499a-8ddd-b5f35af99931,3535f85d-9583-4470-ac4c-9afdc1038270,58830
2c9eb637-701c-47c0-86f9-52df6517d923,87fcf9bd-c496-499a-8ddd-b5f35af99931,86709
78fd87d1-526d-4b18-8de8-c4c281977037,87d34d56-3bfc-4b8e-b3cf-5f8fc1df2732,23634
a44a2fb9-565b-468e-a23d-5956fdd2e744,cd0aac86-7ac4-4828-8feb-b4a36d4f517c,100404
c855958a-64c0-4592-b32a-d7a4c8b2b733,10949264-8492-44d9-ba5c-65c4b7838df4,124426
4b2c12b4-cdf9-4dc2-b23a-09610cc147eb,5e62c6a4-2bb4-4e1c-8488-e10c7b1c3f63,183292
9eddc067-b8c5-418d-8707-e41b27dafb46,4b2c12b4-cdf9-4dc2-b23a-09610cc147eb,57461
db21b201-6b2e-4e52-ad8d-d44123fc5c63,65d47575-b37f-4501-841e-142b28a09398,80635
58207bba-605a-4b23-98aa-9ac09a28437f,2c754a65-ff58-47e6-85c1-78eb1aca2225,9627
d9dbc87f-1fec-4d78-bf2b-ec41887dfd44,2daeec3a-f864-4eba-bdf5-03ccf9feb992,175801
6c6bed17-97db-4220-bcd7-9c74bb5c30a0,12ff259b-fcec-4111-8a3e-92f1b34ef005,166073
0532f619-2dfb-4ed2-8656-ce67a56128aa,60daa3ab-6065-4f2b-830b-86b36bb4afe8,85784
a8a3a809-1348-41fe-b334-afa6e29e0493,60daa3ab-6065-4f2b-830b-86b36bb4afe8,164879
119ea857-b60b-491c-8e01-ab437e50f26e,a44a2fb9-565b-468e-a23d-5956fdd2e744,355178
e313b334-d8e0-4f9d-a841-02495ccfd0d4,4d871fb3-f0e1-4dc9-8415-2546e8723250,519116
3535f85d-9583-4470-ac4c-9afdc1038270,32fffa33-1cd7-46d6-8e2e-e98450886d01,203269
f52dd1ff-6bbf-4473-8f2f-718db4a10f87,9303996d-4078-4c79-80db-6a3eaa36104a,452957
9bb7ec36-dda1-4ff9-a738-6f7f2e9f7630,a8a3a809-1348-41fe-b334-afa6e29e0493,122060
9bb7ec36-dda1-4ff9-a738-6f7f2e9f7630,1cf3a191-a526-4d97-a3d3-434d14f60ce3,120928
58207bba-605a-4b23-98aa-9ac09a28437f,18036c84-0da6-4c1e-9b11-126a55b485c7,3417
5d4da318-295f-43fd-b303-bbd5fc786145,7cc6cfa4-c1e9-494a-986b-bbf607bc5550,224879
98eab8e7-ae72-4457-9ea0-742b7ae8093d,58207bba-605a-4b23-98aa-9ac09a28437f,76785
60daa3ab-6065-4f2b-830b-86b36bb4afe8,853a8faf-f277-4783-a080-1a32165bdc6e,275845
400beeb3-50ab-4b56-8775-3b2b07aedbc3,180627e6-0c19-44ba-82b6-4ec97d3ad85d,175365
e313b334-d8e0-4f9d-a841-02495ccfd0d4,01961663-3143-4f5c-92e7-965eec12a0f9,243941
65d47575-b37f-4501-841e-142b28a09398,85b8f4a0-8132-49e1-8991-32d3b09d6b71,43051
fadaa8d2-d11e-48f4-b113-7ae97265e717,b154fd49-3672-4066-8fe1-a9993e912518,27552
4e6f9bb8-78a5-4e09-9673-cce1f5489a5b,54835b8a-a27f-4145-a0f6-df40badc1d0e,90224
7fba12e8-f336-4a99-a479-dbcb1fc058b8,25b1246f-0e37-44e9-a053-8fa48c7f8e1e,383894
839cc007-0190-43a3-a229-b97fe0fdddd1,98eab8e7-ae72-4457-9ea0-742b7ae8093d,9759
b35a5f3e-d9e7-47bf-a5f8-e8abdc9166c0,ea73977d-dcbd-4fd4-81c2-5ac84fa64cac,99553
7d7d78f3-acce-4f6a-9cea-2a3afcde3e8f,29e9ab61-e061-4d94-8cd3-c99446d51c55,9181
47cd9c20-4d9e-4b8a-813b-7cf5ccc918cd,e3dc7114-400f-4423-b05f-d6c737c28279,130467
04d0fe46-e270-4bf0-b721-ee363d6a6e2f,47cd9c20-4d9e-4b8a-813b-7cf5ccc918cd,142420
cce1aaa6-a333-477e-8c63-815bef486b25,25cf4233-39d3-47dc-bf10-51d2687e74de,236580
4e6f9bb8-78a5-4e09-9673-cce1f5489a5b,87fcf9bd-c496-499a-8ddd-b5f35af99931,98104
f52dd1ff-6bbf-4473-8f2f-718db4a10f87,65d47575-b37f-4501-841e-142b28a09398,469615
10949264-8492-44d9-ba5c-65c4b7838df4,11e6699e-09c0-4e83-aa27-821896ae0c18,191777
6603d019-cf11-4464-af83-d73a6114d7d9,c9fc8fa1-ca0e-4b1e-904c-80e5d80b2e39,15019
78fd87d1-526d-4b18-8de8-c4c281977037,3b07c7ff-6fed-490a-a9e1-f5bafebc6f0b,31475
25cf4233-39d3-47dc-bf10-51d2687e74de,b2063c94-d6ff-4b99-9b1a-191d9fc22602,30644
a9b5bf1c-cbe0-4d26-9be9-e219091870fb,b391f9a6-4399-4069-9150-100fa9423b03,89006
64afb508-3fdb-4f14-a721-040f46ad6d54,cb0c31f6-0fd6-46de-af02-5d25005aa5bb,546751
78fd87d1-526d-4b18-8de8-c4c281977037,7d7c80c6-da3d-482a-87d2-4323b489f08b,51526
dbc42853-f1be-402c-845f-6452bea1fcf0,64afb508-3fdb-4f14-a721-040f46ad6d54,114735
65d47575-b37f-4501-841e-142b28a09398,10949264-8492-44d9-ba5c-65c4b7838df4,86596
3628d3b6-b07f-41cd-8c09-8c99afa414ba,c9fc8fa1-ca0e-4b1e-904c-80e5d80b2e39,454288
d1f46208-0958-4793-bf89-39afc8da5c85,54d734a2-73fa-4c9d-8cf3-7a39eaef3b2d,199338
cf8d0727-06ae-41b7-a2bf-c14ea6affcfa,27a6c30d-3dd4-430c-9b72-6a22b6bc28be,97194
78560cc8-0cca-433a-8291-89c80601bf63,96e28973-b877-402f-b3ae-36ec55c8844e,35341
7d7c80c6-da3d-482a-87d2-4323b489f08b,b5c5b6ab-0337-4187-afc3-a1ec6230064f,29807
b2063c94-d6ff-4b99-9b1a-191d9fc22602,58207bba-605a-4b23-98aa-9ac09a28437f,151339
a8a3a809-1348-41fe-b334-afa6e29e0493,27a6c30d-3dd4-430c-9b72-6a22b6bc28be,192935
1cf3a191-a526-4d97-a3d3-434d14f60ce3,d7ea63f6-7280-453f-83c2-3f8ddc60ef79,344318
839cc007-0190-43a3-a229-b97fe0fdddd1,e313b334-d8e0-4f9d-a841-02495ccfd0d4,45894
99d5f7aa-2bc3-4aab-be55-528b049579c6,d7ea63f6-7280-453f-83c2-3f8ddc60ef79,507936
558c8707-3d8a-4375-8e7e-998395fb46e5,3628d3b6-b07f-41cd-8c09-8c99afa414ba,54202
f38f3d11-ca55-4e14-9b7a-3c41774011e1,1db7abdf-2504-4e24-99b3-3dffe16ee8eb,159082
839cc007-0190-43a3-a229-b97fe0fdddd1,98eab8e7-ae72-4457-9ea0-742b7ae8093d,33402
e413f084-e90e-424a-b205-f3dd75142edc,db21b201-6b2e-4e52-ad8d-d44123fc5c63,21266
5e62c6a4-2bb4-4e1c-8488-e10c7b1c3f63,18036c84-0da6-4c1e-9b11-126a55b485c7,59774
8a1eb4a2-9b78-44bf-bb1e-2556e0dab34c,0a48b595-c065-4fc3-81fc-25305be2e919,351788
3535f85d-9583-4470-ac4c-9afdc1038270,394c6a7f-f4e5-40b8-bf5b-a953d624f184,157669
2c9eb637-701c-47c0-86f9-52df6517d923,06e59082-1be0-4c86-87a5-ccf1f9fea164,101536
2130aa47-2aba-4a23-b3ca-a4360325ae32,87fcf9bd-c496-499a-8ddd-b5f35af99931,251398
ea73977d-dcbd-4fd4-81c2-5ac84fa64cac,b5c5b6ab-0337-4187-afc3-a1ec6230064f,114238
7e557ea8-c91d-46eb-8ca1-0358f43dcabe,64afb508-3fdb-4f14-a721-040f46ad6d54,259800
99d5f7aa-2bc3-4aab-be55-528b049579c6,32fffa33-1cd7-46d6-8e2e-e98450886d01,177982
853a8faf-f277-4783-a080-1a32165bdc6e,d3f7b752-a107-4df3-9795-14db35826c73,195808
1ab2769c-a290-4b2f-9e27-da26985f69d8,f52dd1ff-6bbf-4473-8f2f-718db4a10f87,274416
22a5a25e-618e-456a-b80a-9cbef2c43460,3b07c7ff-6fed-490a-a9e1-f5bafebc6f0b,29350
7d7d78f3-acce-4f6a-9cea-2a3afcde3e8f,21140c1d-976c-4879-8bdc-a2a06014a372,9572
180627e6-0c19-44ba-82b6-4ec97d3ad85d,78699c1e-3234-4c39-a2d4-5e6e545dc68e,74616
25b1246f-0e37-44e9-a053-8fa48c7f8e1e,9eddc067-b8c5-418d-8707-e41b27dafb46,181010
6603d019-cf11-4464-af83-d73a6114d7d9,87fcf9bd-c496-499a-8ddd-b5f35af99931,9529
21140c1d-976c-4879-8bdc-a2a06014a372,15ba1443-4cf1-4367-93b6-60fbb95a5b5e,224703
cce1aaa6-a333-477e-8c63-815bef486b25,64afb508-3fdb-4f14-a721-040f46ad6d54,101112
78560cc8-0cca-433a-8291-89c80601bf63,4d871fb3-f0e1-4dc9-8415-2546e8723250,56736
b5dc2142-0bad-4987-be8e-d11f22d9ea51,d9dbc87f-1fec-4d78-bf2b-ec41887dfd44,264389
3b07c7ff-6fed-490a-a9e1-f5bafebc6f0b,2993ded9-071e-45bc-9b13-accdf5d3ebec,471415
f38f3d11-ca55-4e14-9b7a-3c41774011e1,b5dc2142-0bad-4987-be8e-d11f22d9ea51,463677
759c268e-84f7-4975-a0d9-19b2cd8f0dde,a90a0979-3d6a-4c77-b2ce-81ba1f5311a5,65475
b54ac68a-3eca-435c-8902-200a1a1b09ff,b5dc2142-0bad-4987-be8e-d11f22d9ea51,79578
d7ea63f6-7280-453f-83c2-3f8ddc60ef79,b154fd49-3672-4066-8fe1-a9993e912518,164385
384df65c-8611-4041-99a2-9b5a19d87245,8a5a20aa-c7aa-4e06-b3af-7285634af283,85496
10949264-8492-44d9-ba5c-65c4b7838df4,8c6f7203-3c40-4766-9212-79d89260e8e9,122404
8a5a20aa-c7aa-4e06-b3af-7285634af283,853a8faf-f277-4783-a080-1a32165bdc6e,7777
07f047c6-eec0-4f71-98d8-0b06fac54ea9,cf8d0727-06ae-41b7-a2bf-c14ea6affcfa,416791
07f047c6-eec0-4f71-98d8-0b06fac54ea9,e413f084-e90e-424a-b205-f3dd75142edc,433053
b154fd49-3672-4066-8fe1-a9993e912518,a9b5bf1c-cbe0-4d26-9be9-e219091870fb,66553
47cd9c20-4d9e-4b8a-813b-7cf5ccc918cd,e7338740-b7ee-469c-9c74-bee7dd5f18d2,67949
db21b201-6b2e-4e52-ad8d-d44123fc5c63,fadaa8d2-d11e-48f4-b113-7ae97265e717,135295
1dc801b8-53d9-46a5-85fd-164140883dd0,cce1aaa6-a333-477e-8c63-815bef486b25,487552
83ca04ab-5096-4031-b64a-163ca57dfb1b,78fd87d1-526d-4b18-8de8-c4c281977037,164350
6e279e72-004f-470e-8bb4-0999c3fc6164,0a672532-6002-4b7d-bee3-274a62a9fb5a,299834
a8fe04d7-c6e9-4857-be39-37559d653f33,08610465-eb20-4cef-a770-ee3cd8e75508,150840
8c6f7203-3c40-4766-9212-79d89260e8e9,99d5f7aa-2bc3-4aab-be55-528b049579c6,259994
4e6f9bb8-78a5-4e09-9673-cce1f5489a5b,b5dc2142-0bad-4987-be8e-d11f22d9ea51,196844
0532f619-2dfb-4ed2-8656-ce67a56128aa,3535f85d-9583-4470-ac4c-9afdc1038270,102839
15ba1443-4cf1-4367-93b6-60fbb95a5b5e,54835b8a-a27f-4145-a0f6-df40badc1d0e,205223
a8a3a809-1348-41fe-b334-afa6e29e0493,8a1eb4a2-9b78-44bf-bb1e-2556e0dab34c,240142
f5a4a30f-bf41-44c8-b3b3-283ffe260a60,2c9eb637-701c-47c0-86f9-52df6517d923,219109
11e6699e-09c0-4e83-aa27-821896ae0c18,310f8c32-4e53-4985-bd1b-6da805a969db,54621
12ff259b-fcec-4111-8a3e-92f1b34ef005,29e9ab61-e061-4d94-8cd3-c99446d51c55,68643
2130aa47-2aba-4a23-b3ca-a4360325ae32,1ab2769c-a290-4b2f-9e27-da26985f69d8,313880
67a1a352-63c6-43f9-9d71-ce28a20ae21c,25cf4233-39d3-47dc-bf10-51d2687e74de,20080
ea73977d-dcbd-4fd4-81c2-5ac84fa64cac,2993ded9-071e-45bc-9b13-accdf5d3ebec,57478
87fcf9bd-c496-499a-8ddd-b5f35af99931,e313b334-d8e0-4f9d-a841-02495ccfd0d4,124539
385ddbb9-9e74-4532-b04a-de4e304cf8a7,a44a2fb9-565b-468e-a23d-5956fdd2e744,107921
83ca04ab-5096-4031-b64a-163ca57dfb1b,65d47575-b37f-4501-841e-142b28a09398,393537
78699c1e-3234-4c39-a2d4-5e6e545dc68e,68dd02c1-3e68-4d4d-8773-fe9569808537,67177
a9b5bf1c-cbe0-4d26-9be9-e219091870fb,07f047c6-eec0-4f71-98d8-0b06fac54ea9,266210
e731b69c-eeaf-4cae-8db6-e0cb7a703579,1cf3a191-a526-4d97-a3d3-434d14f60ce3,49858
e413f084-e90e-424a-b205-f3dd75142edc,245f557e-4c75-4015-b6b5-3a52111e716f,9339
08610465-eb20-4cef-a770-ee3cd8e75508,7e557ea8-c91d-46eb-8ca1-0358f43dcabe,52579
58207bba-605a-4b23-98aa-9ac09a28437f,1a445f91-2ead-438a-9157-e2306187972a,11280
8536988f-ed41-448c-97ce-9555c75abfaa,87fcf9bd-c496-499a-8ddd-b5f35af99931,151624
f52dd1ff-6bbf-4473-8f2f-718db4a10f87,9eddc067-b8c5-418d-8707-e41b27dafb46,396430
cd4373fe-0091-4421-898d-1322bb7921e8,095d08c2-5199-4d31-a548-12b5955c61a1,313906
51d7b18f-7c8c-4230-a198-36ad0e73f79d,b5c5b6ab-0337-4187-afc3-a1ec6230064f,382408
f38f3d11-ca55-4e14-9b7a-3c41774011e1,e3dc7114-400f-4423-b05f-d6c737c28279,195566
cd4373fe-0091-4421-898d-1322bb7921e8,2daeec3a-f864-4eba-bdf5-03ccf9feb992,241668
98eab8e7-ae72-4457-9ea0-742b7ae8093d,0a672532-6002-4b7d-bee3-274a62a9fb5a,72423
29e9ab61-e061-4d94-8cd3-c99446d51c55,1db7abdf-2504-4e24-99b3-3dffe16ee8eb,170758
87fcf9bd-c496-499a-8ddd-b5f35af99931,a8fe04d7-c6e9-4857-be39-37559d653f33,81919
c63bfa5b-d5bb-461c-b9eb-e8744301a90e,d7ea63f6-7280-453f-83c2-3f8ddc60ef79,96811
0305e738-0366-4b59-9641-5036465d07cd,8a5a20aa-c7aa-4e06-b3af-7285634af283,80064
32fffa33-1cd7-46d6-8e2e-e98450886d01,5f9a0ffa-c748-4fbb-95a5-8eab94c05210,47712
0e73205f-4f6a-4208-ad93-9e5206df13c7,12ff259b-fcec-4111-8a3e-92f1b34ef005,522054
10949264-8492-44d9-ba5c-65c4b7838df4,ea73977d-dcbd-4fd4-81c2-5ac84fa64cac,92203
10949264-8492-44d9-ba5c-65c4b7838df4,cd0aac86-7ac4-4828-8feb-b4a36d4f517c,208848
8a5a20aa-c7aa-4e06-b3af-7285634af283,839cc007-0190-43a3-a229-b97fe0fdddd1,9780
e731b69c-eeaf-4cae-8db6-e0cb7a703579,0305e738-0366-4b59-9641-5036465d07cd,25987
e121b8a7-f238-42b9-8457-181650d599f1,12ff259b-fcec-4111-8a3e-92f1b34ef005,10498
a8fe04d7-c6e9-4857-be39-37559d653f33,3628d3b6-b07f-41cd-8c09-8c99afa414ba,96987
18036c84-0da6-4c1e-9b11-126a55b485c7,c9fc8fa1-ca0e-4b1e-904c-80e5d80b2e39,345978
08610465-eb20-4cef-a770-ee3cd8e75508,e313b334-d8e0-4f9d-a841-02495ccfd0d4,190941
cce1aaa6-a333-477e-8c63-815bef486b25,b55783b5-489c-4878-a0aa-c81825d0ae80,218754
db21b201-6b2e-4e52-ad8d-d44123fc5c63,cd4373fe-0091-4421-898d-1322bb7921e8,108899
558c8707-3d8a-4375-8e7e-998395fb46e5,f52dd1ff-6bbf-4473-8f2f-718db4a10f87,82229
853a8faf-f277-4783-a080-1a32165bdc6e,095d08c2-5199-4d31-a548-12b5955c61a1,320730
e731b69c-eeaf-4cae-8db6-e0cb7a703579,8536988f-ed41-448c-97ce-9555c75abfaa,70868
5e62c6a4-2bb4-4e1c-8488-e10c7b1c3f63,e7338740-b7ee-469c-9c74-bee7dd5f18d2,223673
32fffa33-1cd7-46d6-8e2e-e98450886d01,47cd9c20-4d9e-4b8a-813b-7cf5ccc918cd,44699
853a8faf-f277-4783-a080-1a32165bdc6e,4130354e-87e6-4255-9189-522263c3027f,207138
60daa3ab-6065-4f2b-830b-86b36bb4afe8,0e73205f-4f6a-4208-ad93-9e5206df13c7,397669
8a5a20aa-c7aa-4e06-b3af-7285634af283,06e59082-1be0-4c86-87a5-ccf1f9fea164,11051
54d734a2-73fa-4c9d-8cf3-7a39eaef3b2d,385ddbb9-9e74-4532-b04a-de4e304cf8a7,58266
64afb508-3fdb-4f14-a721-040f46ad6d54,51d7b18f-7c8c-4230-a198-36ad0e73f79d,386311
c9fc8fa1-ca0e-4b1e-904c-80e5d80b2e39,2130aa47-2aba-4a23-b3ca-a4360325ae32,125956
6e279e72-004f-470e-8bb4-0999c3fc6164,853a8faf-f277-4783-a080-1a32165bdc6e,117831
ea73977d-dcbd-4fd4-81c2-5ac84fa64cac,cb0c31f6-0fd6-46de-af02-5d25005aa5bb,107358
78fd87d1-526d-4b18-8de8-c4c281977037,5f9a0ffa-c748-4fbb-95a5-8eab94c05210,30377
7cc6cfa4-c1e9-494a-986b-bbf607bc5550,96e28973-b877-402f-b3ae-36ec55c8844e,231559
e7338740-b7ee-469c-9c74-bee7dd5f18d2,a90a0979-3d6a-4c77-b2ce-81ba1f5311a5,271603
29e9ab61-e061-4d94-8cd3-c99446d51c55,384df65c-8611-4041-99a2-9b5a19d87245,305541
1db7abdf-2504-4e24-99b3-3dffe16ee8eb,67a1a352-63c6-43f9-9d71-ce28a20ae21c,446711
b54ac68a-3eca-435c-8902-200a1a1b09ff,07f047c6-eec0-4f71-98d8-0b06fac54ea9,160420
a9b5bf1c-cbe0-4d26-9be9-e219091870fb,e313b334-d8e0-4f9d-a841-02495ccfd0d4,108575
9bb7ec36-dda1-4ff9-a738-6f7f2e9f7630,01961663-3143-4f5c-92e7-965eec12a0f9,238850
87fcf9bd-c496-499a-8ddd-b5f35af99931,12ff259b-fcec-4111-8a3e-92f1b34ef005,29455
67a1a352-63c6-43f9-9d71-ce28a20ae21c,e413f084-e90e-424a-b205-f3dd75142edc,48756
21140c1d-976c-4879-8bdc-a2a06014a372,180627e6-0c19-44ba-82b6-4ec97d3ad85d,195483
8a5a20aa-c7aa-4e06-b3af-7285634af283,83ca04ab-5096-4031-b64a-163ca57dfb1b,4735
2130aa47-2aba-4a23-b3ca-a4360325ae32,cd0aac86-7ac4-4828-8feb-b4a36d4f517c,365954
15ba1443-4cf1-4367-93b6-60fbb95a5b5e,cb0c31f6-0fd6-46de-af02-5d25005aa5bb,409356
cce1aaa6-a333-477e-8c63-815bef486b25,5f9a0ffa-c748-4fbb-95a5-8eab94c05210,203141
b391f9a6-4399-4069-9150-100fa9423b03,245f557e-4c75-4015-b6b5-3a52111e716f,151339
51d7b18f-7c8c-4230-a198-36ad0e73f79d,1a445f91-2ead-438a-9157-e2306187972a,382573
2993ded9-071e-45bc-9b13-accdf5d3ebec,558c8707-3d8a-4375-8e7e-998395fb46e5,7154
3628d3b6-b07f-41cd-8c09-8c99afa414ba,b5c5b6ab-0337-4187-afc3-a1ec6230064f,215169
7cc6cfa4-c1e9-494a-986b-bbf607bc5550,4e6f9bb8-78a5-4e09-9673-cce1f5489a5b,436106
394c6a7f-f4e5-40b8-bf5b-a953d624f184,4130354e-87e6-4255-9189-522263c3027f,201154
3628d3b6-b07f-41cd-8c09-8c99afa414ba,78699c1e-3234-4c39-a2d4-5e6e545dc68e,161604
32fffa33-1cd7-46d6-8e2e-e98450886d01,1db7abdf-2504-4e24-99b3-3dffe16ee8eb,44449
45e57df9-772b-40ca-aafc-898162c69844,f52dd1ff-6bbf-4473-8f2f-718db4a10f87,162479
119ea857-b60b-491c-8e01-ab437e50f26e,a90a0979-3d6a-4c77-b2ce-81ba1f5311a5,216049
d7ea63f6-7280-453f-83c2-3f8ddc60ef79,07f047c6-eec0-4f71-98d8-0b06fac54ea9,204226
1db7abdf-2504-4e24-99b3-3dffe16ee8eb,385ddbb9-9e74-4532-b04a-de4e304cf8a7,436338
394c6a7f-f4e5-40b8-bf5b-a953d624f184,58207bba-605a-4b23-98aa-9ac09a28437f,106233
2130aa47-2aba-4a23-b3ca-a4360325ae32,cd0aac86-7ac4-4828-8feb-b4a36d4f517c,203149
83ca04ab-5096-4031-b64a-163ca57dfb1b,01961663-3143-4f5c-92e7-965eec12a0f9,177334
cf8d0727-06ae-41b7-a2bf-c14ea6affcfa,385ddbb9-9e74-4532-b04a-de4e304cf8a7,92318
78fd87d1-526d-4b18-8de8-c4c281977037,99d5f7aa-2bc3-4aab-be55-528b049579c6,34102
464300eb-3855-4132-b377-6fe93a794fee,a8fe04d7-c6e9-4857-be39-37559d653f33,173356
b391f9a6-4399-4069-9150-100fa9423b03,a730d385-0f71-42a3-8b8c-b4195bfa8f1f,441356
839cc007-0190-43a3-a229-b97fe0fdddd1,87d34d56-3bfc-4b8e-b3cf-5f8fc1df2732,16290
c63bfa5b-d5bb-461c-b9eb-e8744301a90e,fadaa8d2-d11e-48f4-b113-7ae97265e717,109877
87d34d56-3bfc-4b8e-b3cf-5f8fc1df2732,3535f85d-9583-4470-ac4c-9afdc1038270,282625
21140c1d-976c-4879-8bdc-a2a06014a372,d59927c9-8f84-405f-b928-2ec21f8c6eb1,195215
095d08c2-5199-4d31-a548-12b5955c61a1,3628d3b6-b07f-41cd-8c09-8c99afa414ba,274934
3628d3b6-b07f-41cd-8c09-8c99afa414ba,2993ded9-071e-45bc-9b13-accdf5d3ebec,408127
c855958a-64c0-4592-b32a-d7a4c8b2b733,6603d019-cf11-4464-af83-d73a6114d7d9,63899
e7338740-b7ee-469c-9c74-bee7dd5f18d2,b31626b2-19f3-473f-8056-240a12f26768,342953
4b3124e8-5fe8-4c26-8e72-8f6ba2766978,7d7c80c6-da3d-482a-87d2-4323b489f08b,132182
1db7abdf-2504-4e24-99b3-3dffe16ee8eb,8536988f-ed41-448c-97ce-9555c75abfaa,300135
6c6bed17-97db-4220-bcd7-9c74bb5c30a0,c9fc8fa1-ca0e-4b1e-904c-80e5d80b2e39,59000
51d7b18f-7c8c-4230-a198-36ad0e73f79d,1cf3a191-a526-4d97-a3d3-434d14f60ce3,386636
9eddc067-b8c5-418d-8707-e41b27dafb46,5f9a0ffa-c748-4fbb-95a5-8eab94c05210,31479
cce1aaa6-a333-477e-8c63-815bef486b25,1277cc00-3031-42e9-bb55-37ca86bbfb7c,50733
65d47575-b37f-4501-841e-142b28a09398,6603d019-cf11-4464-af83-d73a6114d7d9,57984
60daa3ab-6065-4f2b-830b-86b36bb4afe8,5e62c6a4-2bb4-4e1c-8488-e10c7b1c3f63,433768
c9fc8fa1-ca0e-4b1e-904c-80e5d80b2e39,245f557e-4c75-4015-b6b5-3a52111e716f,232429
64afb508-3fdb-4f14-a721-040f46ad6d54,21140c1d-976c-4879-8bdc-a2a06014a372,337094
7fba12e8-f336-4a99-a479-dbcb1fc058b8,10949264-8492-44d9-ba5c-65c4b7838df4,90961
095d08c2-5199-4d31-a548-12b5955c61a1,99d5f7aa-2bc3-4aab-be55-528b049579c6,216725
db21b201-6b2e-4e52-ad8d-d44123fc5c63,c63bfa5b-d5bb-461c-b9eb-e8744301a90e,59049
11e6699e-09c0-4e83-aa27-821896ae0c18,28be9ff8-6e8b-486b-bf5d-0d5f62c0c810,79507
98eab8e7-ae72-4457-9ea0-742b7ae8093d,4130354e-87e6-4255-9189-522263c3027f,63495
f52dd1ff-6bbf-4473-8f2f-718db4a10f87,245f557e-4c75-4015-b6b5-3a52111e716f,291964
e413f084-e90e-424a-b205-f3dd75142edc,78fd87d1-526d-4b18-8de8-c4c281977037,20114
ea73977d-dcbd-4fd4-81c2-5ac84fa64cac,78fd87d1-526d-4b18-8de8-c4c281977037,114277
853a8faf-f277-4783-a080-1a32165bdc6e,7d7d78f3-acce-4f6a-9cea-2a3afcde3e8f,512133
a8a3a809-1348-41fe-b334-afa6e29e0493,0e73205f-4f6a-4208-ad93-9e5206df13c7,485657
a44a2fb9-565b-468e-a23d-5956fdd2e744,10949264-8492-44d9-ba5c-65c4b7838df4,80513
b2063c94-d6ff-4b99-9b1a-191d9fc22602,1277cc00-3031-42e9-bb55-37ca86bbfb7c,157557
8c6f7203-3c40-4766-9212-79d89260e8e9,b54ac68a-3eca-435c-8902-200a1a1b09ff,94659
67a1a352-63c6-43f9-9d71-ce28a20ae21c,6e279e72-004f-470e-8bb4-0999c3fc6164,37141
1277cc00-3031-42e9-bb55-37ca86bbfb7c,06e59082-1be0-4c86-87a5-ccf1f9fea164,231753
a730d385-0f71-42a3-8b8c-b4195bfa8f1f,e313b334-d8e0-4f9d-a841-02495ccfd0d4,274522
3fe4fa6b-719c-428e-ab19-ac1e5a83f0f1,c63bfa5b-d5bb-461c-b9eb-e8744301a90e,67269
54d734a2-73fa-4c9d-8cf3-7a39eaef3b2d,25b1246f-0e37-44e9-a053-8fa48c7f8e1e,42191
2130aa47-2aba-4a23-b3ca-a4360325ae32,83ca04ab-5096-4031-b64a-163ca57dfb1b,301685
0532f619-2dfb-4ed2-8656-ce67a56128aa,21140c1d-976c-4879-8bdc-a2a06014a372,180545
22a5a25e-618e-456a-b80a-9cbef2c43460,2130aa47-2aba-4a23-b3ca-a4360325ae32,41926
1dc801b8-53d9-46a5-85fd-164140883dd0,a730d385-0f71-42a3-8b8c-b4195bfa8f1f,477268
1db7abdf-2504-4e24-99b3-3dffe16ee8eb,0a672532-6002-4b7d-bee3-274a62a9fb5a,496037
2130aa47-2aba-4a23-b3ca-a4360325ae32,180627e6-0c19-44ba-82b6-4ec97d3ad85d,380575
65d47575-b37f-4501-841e-142b28a09398,d59927c9-8f84-405f-b928-2ec21f8c6eb1,67606
8a1eb4a2-9b78-44bf-bb1e-2556e0dab34c,15ba1443-4cf1-4367-93b6-60fbb95a5b5e,311387
ea73977d-dcbd-4fd4-81c2-5ac84fa64cac,25b1246f-0e37-44e9-a053-8fa48c7f8e1e,103676
28be9ff8-6e8b-486b-bf5d-0d5f62c0c810,cd4373fe-0091-4421-898d-1322bb7921e8,229293
1ab2769c-a290-4b2f-9e27-da26985f69d8,3535f85d-9583-4470-ac4c-9afdc1038270,304901
5d4da318-295f-43fd-b303-bbd5fc786145,2993ded9-071e-45bc-9b13-accdf5d3ebec,91102
4130354e-87e6-4255-9189-522263c3027f,12ff259b-fcec-4111-8a3e-92f1b34ef005,104782
7cc6cfa4-c1e9-494a-986b-bbf607bc5550,e413f084-e90e-424a-b205-f3dd75142edc,543253
54835b8a-a27f-4145-a0f6-df40badc1d0e,6c6bed17-97db-4220-bcd7-9c74bb5c30a0,111114
d9dbc87f-1fec-4d78-bf2b-ec41887dfd44,e7338740-b7ee-469c-9c74-bee7dd5f18d2,254894
cd0aac86-7ac4-4828-8feb-b4a36d4f517c,e313b334-d8e0-4f9d-a841-02495ccfd0d4,229021
a8a3a809-1348-41fe-b334-afa6e29e0493,6c6bed17-97db-4220-bcd7-9c74bb5c30a0,461529
1dc801b8-53d9-46a5-85fd-164140883dd0,98eab8e7-ae72-4457-9ea0-742b7ae8093d,390430
7cc6cfa4-c1e9-494a-986b-bbf607bc5550,cce1aaa6-a333-477e-8c63-815bef486b25,225559
51d7b18f-7c8c-4230-a198-36ad0e73f79d,d7ea63f6-7280-453f-83c2-3f8ddc60ef79,337250
78560cc8-0cca-433a-8291-89c80601bf63,558c8707-3d8a-4375-8e7e-998395fb46e5,24389
29e9ab61-e061-4d94-8cd3-c99446d51c55,fadaa8d2-d11e-48f4-b113-7ae97265e717,314071
6c6bed17-97db-4220-bcd7-9c74bb5c30a0,1cf3a191-a526-4d97-a3d3-434d14f60ce3,271989
385ddbb9-9e74-4532-b04a-de4e304cf8a7,8a5a20aa-c7aa-4e06-b3af-7285634af283,74984
b35a5f3e-d9e7-47bf-a5f8-e8abdc9166c0,dbc42853-f1be-402c-845f-6452bea1fcf0,89455
c63bfa5b-d5bb-461c-b9eb-e8744301a90e,12ff259b-fcec-4111-8a3e-92f1b34ef005,136504
400beeb3-50ab-4b56-8775-3b2b07aedbc3,6603d019-cf11-4464-af83-d73a6114d7d9,53332
095d08c2-5199-4d31-a548-12b5955c61a1,87d34d56-3bfc-4b8e-b3cf-5f8fc1df2732,172747
68dd02c1-3e68-4d4d-8773-fe9569808537,5f9a0ffa-c748-4fbb-95a5-8eab94c05210,370351
394c6a7f-f4e5-40b8-bf5b-a953d624f184,7cc6cfa4-c1e9-494a-986b-bbf607bc5550,180466
1db7abdf-2504-4e24-99b3-3dffe16ee8eb,8a1eb4a2-9b78-44bf-bb1e-2556e0dab34c,256410
1db7abdf-2504-4e24-99b3-3dffe16ee8eb,b391f9a6-4399-4069-9150-100fa9423b03,279100
12ff259b-fcec-4111-8a3e-92f1b34ef005,1cf3a191-a526-4d97-a3d3-434d14f60ce3,318657
68dd02c1-3e68-4d4d-8773-fe9569808537,db21b201-6b2e-4e52-ad8d-d44123fc5c63,468024
7d7c80c6-da3d-482a-87d2-4323b489f08b,1a445f91-2ead-438a-9157-e2306187972a,17980
9bb7ec36-dda1-4ff9-a738-6f7f2e9f7630,87d34d56-3bfc-4b8e-b3cf-5f8fc1df2732,182057
65d47575-b37f-4501-841e-142b28a09398,8a5a20aa-c7aa-4e06-b3af-7285634af283,71384
10949264-8492-44d9-ba5c-65c4b7838df4,4d871fb3-f0e1-4dc9-8415-2546e8723250,102442
04d0fe46-e270-4bf0-b721-ee363d6a6e2f,a8fe04d7-c6e9-4857-be39-37559d653f33,217219
4b3124e8-5fe8-4c26-8e72-8f6ba2766978,b35a5f3e-d9e7-47bf-a5f8-e8abdc9166c0,312129
384df65c-8611-4041-99a2-9b5a19d87245,0e73205f-4f6a-4208-ad93-9e5206df13c7,105681
d3f7b752-a107-4df3-9795-14db35826c73,8a5a20aa-c7aa-4e06-b3af-7285634af283,436204
28be9ff8-6e8b-486b-bf5d-0d5f62c0c810,c855958a-64c0-4592-b32a-d7a4c8b2b733,121898
08610465-eb20-4cef-a770-ee3cd8e75508,385ddbb9-9e74-4532-b04a-de4e304cf8a7,188377
cd4373fe-0091-4421-898d-1322bb7921e8,67a1a352-63c6-43f9-9d71-ce28a20ae21c,333690
839cc007-0190-43a3-a229-b97fe0fdddd1,4b3124e8-5fe8-4c26-8e72-8f6ba2766978,46647
47cd9c20-4d9e-4b8a-813b-7cf5ccc918cd,60daa3ab-6065-4f2b-830b-86b36bb4afe8,134001
4e6f9bb8-78a5-4e09-9673-cce1f5489a5b,e3dc7114-400f-4423-b05f-d6c737c28279,69435
21140c1d-976c-4879-8bdc-a2a06014a372,db21b201-6b2e-4e52-ad8d-d44123fc5c63,42746
d59927c9-8f84-405f-b928-2ec21f8c6eb1,6c6bed17-97db-4220-bcd7-9c74bb5c30a0,76886
47cd9c20-4d9e-4b8a-813b-7cf5ccc918cd,1dc801b8-53d9-46a5-85fd-164140883dd0,57157
5d4da318-295f-43fd-b303-bbd5fc786145,54835b8a-a27f-4145-a0f6-df40badc1d0e,54067
d9dbc87f-1fec-4d78-bf2b-ec41887dfd44,f38f3d11-ca55-4e14-9b7a-3c41774011e1,235277
21140c1d-976c-4879-8bdc-a2a06014a372,a8fe04d7-c6e9-4857-be39-37559d653f33,154122
ea73977d-dcbd-4fd4-81c2-5ac84fa64cac,12ff259b-fcec-4111-8a3e-92f1b34ef005,123668
9bb7ec36-dda1-4ff9-a738-6f7f2e9f7630,4b3124e8-5fe8-4c26-8e72-8f6ba2766978,58154
e413f084-e90e-424a-b205-f3dd75142edc,5f9a0ffa-c748-4fbb-95a5-8eab94c05210,16805
87d34d56-3bfc-4b8e-b3cf-5f8fc1df2732,1277cc00-3031-42e9-bb55-37ca86bbfb7c,357447
a90a0979-3d6a-4c77-b2ce-81ba1f5311a5,1dc801b8-53d9-46a5-85fd-164140883dd0,92172
b31626b2-19f3-473f-8056-240a12f26768,12ff259b-fcec-4111-8a3e-92f1b34ef005,466787
4e6f9bb8-78a5-4e09-9673-cce1f5489a5b,e7338740-b7ee-469c-9c74-bee7dd5f18d2,164444
759c268e-84f7-4975-a0d9-19b2cd8f0dde,87fcf9bd-c496-499a-8ddd-b5f35af99931,360794
ea73977d-dcbd-4fd4-81c2-5ac84fa64cac,cce1aaa6-a333-477e-8c63-815bef486b25,57025
27a6c30d-3dd4-430c-9b72-6a22b6bc28be,07f047c6-eec0-4f71-98d8-0b06fac54ea9,256123
65d47575-b37f-4501-841e-142b28a09398,c9fc8fa1-ca0e-4b1e-904c-80e5d80b2e39,122206
08610465-eb20-4cef-a770-ee3cd8e75508,12ff259b-fcec-4111-8a3e-92f1b34ef005,52452
8536988f-ed41-448c-97ce-9555c75abfaa,58207bba-605a-4b23-98aa-9ac09a28437f,160174
f5a4a30f-bf41-44c8-b3b3-283ffe260a60,5d4da318-295f-43fd-b303-bbd5fc786145,181619
6c6bed17-97db-4220-bcd7-9c74bb5c30a0,394c6a7f-f4e5-40b8-bf5b-a953d624f184,190192
45e57df9-772b-40ca-aafc-898162c69844,d59927c9-8f84-405f-b928-2ec21f8c6eb1,408408
54835b8a-a27f-4145-a0f6-df40badc1d0e,48ad0f18-b76e-4483-9afc-cd7e59be5f3a,67808
ea73977d-dcbd-4fd4-81c2-5ac84fa64cac,78560cc8-0cca-433a-8291-89c80601bf63,34300
9bb7ec36-dda1-4ff9-a738-6f7f2e9f7630,01961663-3143-4f5c-92e7-965eec12a0f9,246699
b35a5f3e-d9e7-47bf-a5f8-e8abdc9166c0,8536988f-ed41-448c-97ce-9555c75abfaa,148522
6e279e72-004f-470e-8bb4-0999c3fc6164,853a8faf-f277-4783-a080-1a32165bdc6e,282552
c63bfa5b-d5bb-461c-b9eb-e8744301a90e,a9b5bf1c-cbe0-4d26-9be9-e219091870fb,143632
11e6699e-09c0-4e83-aa27-821896ae0c18,853a8faf-f277-4783-a080-1a32165bdc6e,27915
68dd02c1-3e68-4d4d-8773-fe9569808537,3b07c7ff-6fed-490a-a9e1-f5bafebc6f0b,392664
01961663-3143-4f5c-92e7-965eec12a0f9,60daa3ab-6065-4f2b-830b-86b36bb4afe8,248508
67a1a352-63c6-43f9-9d71-ce28a20ae21c,4130354e-87e6-4255-9189-522263c3027f,39035
2993ded9-071e-45bc-9b13-accdf5d3ebec,cd4373fe-0091-4421-898d-1322bb7921e8,5370
2130aa47-2aba-4a23-b3ca-a4360325ae32,28be9ff8-6e8b-486b-bf5d-0d5f62c0c810,78683
b5c5b6ab-0337-4187-afc3-a1ec6230064f,10949264-8492-44d9-ba5c-65c4b7838df4,198049
58207bba-605a-4b23-98aa-9ac09a28437f,c63bfa5b-d5bb-461c-b9eb-e8744301a90e,13807
2c9eb637-701c-47c0-86f9-52df6517d923,99d5f7aa-2bc3-4aab-be55-528b049579c6,206654
9303996d-4078-4c79-80db-6a3eaa36104a,b55783b5-489c-4878-a0aa-c81825d0ae80,353783
a43c454e-eaae-4ccf-ba48-24cf178c0031,f38f3d11-ca55-4e14-9b7a-3c41774011e1,5136
f38f3d11-ca55-4e14-9b7a-3c41774011e1,cce1aaa6-a333-477e-8c63-815bef486b25,424274
27a6c30d-3dd4-430c-9b72-6a22b6bc28be,96e28973-b877-402f-b3ae-36ec55c8844e,143128
b54ac68a-3eca-435c-8902-200a1a1b09ff,45e57df9-772b-40ca-aafc-898162c69844,306873
5065fc4a-0d76-4ae7-84f0-b17d57bc7ce8,25b1246f-0e37-44e9-a053-8fa48c7f8e1e,143335
384df65c-8611-4041-99a2-9b5a19d87245,464300eb-3855-4132-b377-6fe93a794fee,66234
c63bfa5b-d5bb-461c-b9eb-e8744301a90e,c9fc8fa1-ca0e-4b1e-904c-80e5d80b2e39,92170
394c6a7f-f4e5-40b8-bf5b-a953d624f184,7d7c80c6-da3d-482a-87d2-4323b489f08b,175737
7d7c80c6-da3d-482a-87d2-4323b489f08b,6c6bed17-97db-4220-bcd7-9c74bb5c30a0,16535
87fcf9bd-c496-499a-8ddd-b5f35af99931,5065fc4a-0d76-4ae7-84f0-b17d57bc7ce8,43463
d59927c9-8f84-405f-b928-2ec21f8c6eb1,b2063c94-d6ff-4b99-9b1a-191d9fc22602,98043
12ff259b-fcec-4111-8a3e-92f1b34ef005,a730d385-0f71-42a3-8b8c-b4195bfa8f1f,141097
65d47575-b37f-4501-841e-142b28a09398,15ba1443-4cf1-4367-93b6-60fbb95a5b5e,41303
5d4da318-295f-43fd-b303-bbd5fc786145,2c754a65-ff58-47e6-85c1-78eb1aca2225,181396
e313b334-d8e0-4f9d-a841-02495ccfd0d4,2130aa47-2aba-4a23-b3ca-a4360325ae32,328352
a8a3a809-1348-41fe-b334-afa6e29e0493,9eddc067-b8c5-418d-8707-e41b27dafb46,267825
28be9ff8-6e8b-486b-bf5d-0d5f62c0c810,558c8707-3d8a-4375-8e7e-998395fb46e5,217621
51d7b18f-7c8c-4230-a198-36ad0e73f79d,78fd87d1-526d-4b18-8de8-c4c281977037,102416
2c754a65-ff58-47e6-85c1-78eb1aca2225,e3dc7114-400f-4423-b05f-d6c737c28279,314868
5e62c6a4-2bb4-4e1c-8488-e10c7b1c3f63,b5c5b6ab-0337-4187-afc3-a1ec6230064f,166345
b54ac68a-3eca-435c-8902-200a1a1b09ff,b391f9a6-4399-4069-9150-100fa9423b03,224361
0a48b595-c065-4fc3-81fc-25305be2e919,d3f7b752-a107-4df3-9795-14db35826c73,213952
394c6a7f-f4e5-40b8-bf5b-a953d624f184,3628d3b6-b07f-41cd-8c09-8c99afa414ba,251734
6603d019-cf11-4464-af83-d73a6114d7d9,1ab2769c-a290-4b2f-9e27-da26985f69d8,5185
10949264-8492-44d9-ba5c-65c4b7838df4,3535f85d-9583-4470-ac4c-9afdc1038270,165029
464300eb-3855-4132-b377-6fe93a794fee,32fffa33-1cd7-46d6-8e2e-e98450886d01,174454
394c6a7f-f4e5-40b8-bf5b-a953d624f184,d3f7b752-a107-4df3-9795-14db35826c73,62423
8c6f7203-3c40-4766-9212-79d89260e8e9,119ea857-b60b-491c-8e01-ab437e50f26e,97459
98eab8e7-ae72-4457-9ea0-742b7ae8093d,b55783b5-489c-4878-a0aa-c81825d0ae80,22343
58207bba-605a-4b23-98aa-9ac09a28437f,b5dc2142-0bad-4987-be8e-d11f22d9ea51,5219
78fd87d1-526d-4b18-8de8-c4c281977037,e313b334-d8e0-4f9d-a841-02495ccfd0d4,30119
65d47575-b37f-4501-841e-142b28a09398,d7ea63f6-7280-453f-83c2-3f8ddc60ef79,78574
464300eb-3855-4132-b377-6fe93a794fee,8a1eb4a2-9b78-44bf-bb1e-2556e0dab34c,191752
51d7b18f-7c8c-4230-a198-36ad0e73f79d,1277cc00-3031-42e9-bb55-37ca86bbfb7c,414747
0532f619-2dfb-4ed2-8656-ce67a56128aa,d1f46208-0958-4793-bf89-39afc8da5c85,115480
119ea857-b60b-491c-8e01-ab437e50f26e,7d7c80c6-da3d-482a-87d2-4323b489f08b,361470
a730d385-0f71-42a3-8b8c-b4195bfa8f1f,12ff259b-fcec-4111-8a3e-92f1b34ef005,154984
a43c454e-eaae-4ccf-ba48-24cf178c0031,d1f46208-0958-4793-bf89-39afc8da5c85,6795
78fd87d1-526d-4b18-8de8-c4c281977037,1277cc00-3031-42e9-bb55-37ca86bbfb7c,23438
a43c454e-eaae-4ccf-ba48-24cf178c0031,9eddc067-b8c5-418d-8707-e41b27dafb46,2180
8536988f-ed41-448c-97ce-9555c75abfaa,384df65c-8611-4041-99a2-9b5a19d87245,261239
ea73977d-dcbd-4fd4-81c2-5ac84fa64cac,385ddbb9-9e74-4532-b04a-de4e304cf8a7,39459
6603d019-cf11-4464-af83-d73a6114d7d9,85b8f4a0-8132-49e1-8991-32d3b09d6b71,11023
1cf3a191-a526-4d97-a3d3-434d14f60ce3,fadaa8d2-d11e-48f4-b113-7ae97265e717,254503
d9dbc87f-1fec-4d78-bf2b-ec41887dfd44,28be9ff8-6e8b-486b-bf5d-0d5f62c0c810,84201
5e62c6a4-2bb4-4e1c-8488-e10c7b1c3f63,78699c1e-3234-4c39-a2d4-5e6e545dc68e,97402
47cd9c20-4d9e-4b8a-813b-7cf5ccc918cd,1db7abdf-2504-4e24-99b3-3dffe16ee8eb,63261
759c268e-84f7-4975-a0d9-19b2cd8f0dde,28be9ff8-6e8b-486b-bf5d-0d5f62c0c810,176516
cd0aac86-7ac4-4828-8feb-b4a36d4f517c,b55783b5-489c-4878-a0aa-c81825d0ae80,64787
a44a2fb9-565b-468e-a23d-5956fdd2e744,48ad0f18-b76e-4483-9afc-cd7e59be5f3a,70380
8536988f-ed41-448c-97ce-9555c75abfaa,839cc007-0190-43a3-a229-b97fe0fdddd1,66529
5e62c6a4-2bb4-4e1c-8488-e10c7b1c3f63,21140c1d-976c-4879-8bdc-a2a06014a372,221558
245f557e-4c75-4015-b6b5-3a52111e716f,5e62c6a4-2bb4-4e1c-8488-e10c7b1c3f63,97699
b391f9a6-4399-4069-9150-100fa9423b03,3628d3b6-b07f-41cd-8c09-8c99afa414ba,201986
d7ea63f6-7280-453f-83c2-3f8ddc60ef79,2c754a65-ff58-47e6-85c1-78eb1aca2225,74462
fadaa8d2-d11e-48f4-b113-7ae97265e717,a9b5bf1c-cbe0-4d26-9be9-e219091870fb,44796
9303996d-4078-4c79-80db-6a3eaa36104a,b5dc2142-0bad-4987-be8e-d11f22d9ea51,547994
64afb508-3fdb-4f14-a721-040f46ad6d54,b2063c94-d6ff-4b99-9b1a-191d9fc22602,349772
4130354e-87e6-4255-9189-522263c3027f,9bb7ec36-dda1-4ff9-a738-6f7f2e9f7630,478655
4b3124e8-5fe8-4c26-8e72-8f6ba2766978,1a445f91-2ead-438a-9157-e2306187972a,336078
119ea857-b60b-491c-8e01-ab437e50f26e,3fe4fa6b-719c-428e-ab19-ac1e5a83f0f1,353649
29e9ab61-e061-4d94-8cd3-c99446d51c55,dbc42853-f1be-402c-845f-6452bea1fcf0,223544
2130aa47-2aba-4a23-b3ca-a4360325ae32,b35a5f3e-d9e7-47bf-a5f8-e8abdc9166c0,71500
5f9a0ffa-c748-4fbb-95a5-8eab94c05210,8c6f7203-3c40-4766-9212-79d89260e8e9,174050
87fcf9bd-c496-499a-8ddd-b5f35af99931,cf8d0727-06ae-41b7-a2bf-c14ea6affcfa,78936
e413f084-e90e-424a-b205-f3dd75142edc,db21b201-6b2e-4e52-ad8d-d44123fc5c63,34781
385ddbb9-9e74-4532-b04a-de4e304cf8a7,759c268e-84f7-4975-a0d9-19b2cd8f0dde,41912
78560cc8-0cca-433a-8291-89c80601bf63,4130354e-87e6-4255-9189-522263c3027f,34828
87d34d56-3bfc-4b8e-b3cf-5f8fc1df2732,9bb7ec36-dda1-4ff9-a738-6f7f2e9f7630,257678
51d7b18f-7c8c-4230-a198-36ad0e73f79d,1cf3a191-a526-4d97-a3d3-434d14f60ce3,487122
a44a2fb9-565b-468e-a23d-5956fdd2e744,1db7abdf-2504-4e24-99b3-3dffe16ee8eb,97411
25cf4233-39d3-47dc-bf10-51d2687e74de,3628d3b6-b07f-41cd-8c09-8c99afa414ba,32820
6e279e72-004f-470e-8bb4-0999c3fc6164,fadaa8d2-d11e-48f4-b113-7ae97265e717,172858
4e6f9bb8-78a5-4e09-9673-cce1f5489a5b,a44a2fb9-565b-468e-a23d-5956fdd2e744,182474
2993ded9-071e-45bc-9b13-accdf5d3ebec,b5dc2142-0bad-4987-be8e-d11f22d9ea51,9244
78699c1e-3234-4c39-a2d4-5e6e545dc68e,9bb7ec36-dda1-4ff9-a738-6f7f2e9f7630,200491
4130354e-87e6-4255-9189-522263c3027f,1cf3a191-a526-4d97-a3d3-434d14f60ce3,389400
54835b8a-a27f-4145-a0f6-df40badc1d0e,c855958a-64c0-4592-b32a-d7a4c8b2b733,76823
c9fc8fa1-ca0e-4b1e-904c-80e5d80b2e39,cf8d0727-06ae-41b7-a2bf-c14ea6affcfa,122576
400beeb3-50ab-4b56-8775-3b2b07aedbc3,db21b201-6b2e-4e52-ad8d-d44123fc5c63,117176
2c9eb637-701c-47c0-86f9-52df6517d923,08610465-eb20-4cef-a770-ee3cd8e75508,189321
8a5a20aa-c7aa-4e06-b3af-7285634af283,6e279e72-004f-470e-8bb4-0999c3fc6164,9778
ea73977d-dcbd-4fd4-81c2-5ac84fa64cac,e413f084-e90e-424a-b205-f3dd75142edc,120633
384df65c-8611-4041-99a2-9b5a19d87245,99d5f7aa-2bc3-4aab-be55-528b049579c6,114233
98eab8e7-ae72-4457-9ea0-742b7ae8093d,96e28973-b877-402f-b3ae-36ec55c8844e,68690
fadaa8d2-d11e-48f4-b113-7ae97265e717,384df65c-8611-4041-99a2-9b5a19d87245,68777
12ff259b-fcec-4111-8a3e-92f1b34ef005,759c268e-84f7-4975-a0d9-19b2cd8f0dde,364452
dbc42853-f1be-402c-845f-6452bea1fcf0,2c9eb637-701c-47c0-86f9-52df6517d923,213704
cd0aac86-7ac4-4828-8feb-b4a36d4f517c,f38f3d11-ca55-4e14-9b7a-3c41774011e1,151514
0a48b595-c065-4fc3-81fc-25305be2e919,1cf3a191-a526-4d97-a3d3-434d14f60ce3,180476
4130354e-87e6-4255-9189-522263c3027f,b2063c94-d6ff-4b99-9b1a-191d9fc22602,311467
a90a0979-3d6a-4c77-b2ce-81ba1f5311a5,a43c454e-eaae-4ccf-ba48-24cf178c0031,162766
0e73205f-4f6a-4208-ad93-9e5206df13c7,e413f084-e90e-424a-b205-f3dd75142edc,502628
6603d019-cf11-4464-af83-d73a6114d7d9,1ab2769c-a290-4b2f-9e27-da26985f69d8,18708
f5a4a30f-bf41-44c8-b3b3-283ffe260a60,21140c1d-976c-4879-8bdc-a2a06014a372,266532
29e9ab61-e061-4d94-8cd3-c99446d51c55,1277cc00-3031-42e9-bb55-37ca86bbfb7c,308865
310f8c32-4e53-4985-bd1b-6da805a969db,25b1246f-0e37-44e9-a053-8fa48c7f8e1e,78127
e313b334-d8e0-4f9d-a841-02495ccfd0d4,64afb508-3fdb-4f14-a721-040f46ad6d54,136972
54d734a2-73fa-4c9d-8cf3-7a39eaef3b2d,cd4373fe-0091-4421-898d-1322bb7921e8,21695
83ca04ab-5096-4031-b64a-163ca57dfb1b,a90a0979-3d6a-4c77-b2ce-81ba1f5311a5,278799
2daeec3a-f864-4eba-bdf5-03ccf9feb992,f5a4a30f-bf41-44c8-b3b3-283ffe260a60,144748
25b1246f-0e37-44e9-a053-8fa48c7f8e1e,4d871fb3-f0e1-4dc9-8415-2546e8723250,233136
48ad0f18-b76e-4483-9afc-cd7e59be5f3a,45e57df9-772b-40ca-aafc-898162c69844,156317
3b07c7ff-6fed-490a-a9e1-f5bafebc6f0b,c855958a-64c0-4592-b32a-d7a4c8b2b733,88871
99d5f7aa-2bc3-4aab-be55-528b049579c6,4b2c12b4-cdf9-4dc2-b23a-09610cc147eb,216614
4b2c12b4-cdf9-4dc2-b23a-09610cc147eb,4e6f9bb8-78a5-4e09-9673-cce1f5489a5b,168684
e413f084-e90e-424a-b205-f3dd75142edc,45e57df9-772b-40ca-aafc-898162c69844,27594
f38f3d11-ca55-4e14-9b7a-3c41774011e1,db21b201-6b2e-4e52-ad8d-d44123fc5c63,95435
2c9eb637-701c-47c0-86f9-52df6517d923,b5c5b6ab-0337-4187-afc3-a1ec6230064f,159338
3628d3b6-b07f-41cd-8c09-8c99afa414ba,e3dc7114-400f-4423-b05f-d6c737c28279,234308
0305e738-0366-4b59-9641-5036465d07cd,2130aa47-2aba-4a23-b3ca-a4360325ae32,150227
68dd02c1-3e68-4d4d-8773-fe9569808537,10949264-8492-44d9-ba5c-65c4b7838df4,457175
28be9ff8-6e8b-486b-bf5d-0d5f62c0c810,180627e6-0c19-44ba-82b6-4ec97d3ad85d,387457
119ea857-b60b-491c-8e01-ab437e50f26e,06e59082-1be0-4c86-87a5-ccf1f9fea164,66154
2130aa47-2aba-4a23-b3ca-a4360325ae32,2daeec3a-f864-4eba-bdf5-03ccf9feb992,273502
558c8707-3d8a-4375-8e7e-998395fb46e5,4d871fb3-f0e1-4dc9-8415-2546e8723250,118261
558c8707-3d8a-4375-8e7e-998395fb46e5,394c6a7f-f4e5-40b8-bf5b-a953d624f184,49969
2130aa47-2aba-4a23-b3ca-a4360325ae32,6c6bed17-97db-4220-bcd7-9c74bb5c30a0,161450
b391f9a6-4399-4069-9150-100fa9423b03,2130aa47-2aba-4a23-b3ca-a4360325ae32,501972
7cc6cfa4-c1e9-494a-986b-bbf607bc5550,e731b69c-eeaf-4cae-8db6-e0cb7a703579,104266
853a8faf-f277-4783-a080-1a32165bdc6e,6e279e72-004f-470e-8bb4-0999c3fc6164,476378
0e73205f-4f6a-4208-ad93-9e5206df13c7,a43c454e-eaae-4ccf-ba48-24cf178c0031,93749
54835b8a-a27f-4145-a0f6-df40badc1d0e,cf8d0727-06ae-41b7-a2bf-c14ea6affcfa,69255
e413f084-e90e-424a-b205-f3dd75142edc,839cc007-0190-43a3-a229-b97fe0fdddd1,17118
83ca04ab-5096-4031-b64a-163ca57dfb1b,119ea857-b60b-491c-8e01-ab437e50f26e,402452
47cd9c20-4d9e-4b8a-813b-7cf5ccc918cd,9303996d-4078-4c79-80db-6a3eaa36104a,69463
68dd02c1-3e68-4d4d-8773-fe9569808537,47cd9c20-4d9e-4b8a-813b-7cf5ccc918cd,289029
d1f46208-0958-4793-bf89-39afc8da5c85,8a5a20aa-c7aa-4e06-b3af-7285634af283,121383
c855958a-64c0-4592-b32a-d7a4c8b2b733,99d5f7aa-2bc3-4aab-be55-528b049579c6,279936
fadaa8d2-d11e-48f4-b113-7ae97265e717,48ad0f18-b76e-4483-9afc-cd7e59be5f3a,45015
b54ac68a-3eca-435c-8902-200a1a1b09ff,b5dc2142-0bad-4987-be8e-d11f22d9ea51,116216
4b3124e8-5fe8-4c26-8e72-8f6ba2766978,87fcf9bd-c496-499a-8ddd-b5f35af99931,319139
cd4373fe-0091-4421-898d-1322bb7921e8,5e62c6a4-2bb4-4e1c-8488-e10c7b1c3f63,566322
a8a3a809-1348-41fe-b334-afa6e29e0493,385ddbb9-9e74-4532-b04a-de4e304cf8a7,451568
839cc007-0190-43a3-a229-b97fe0fdddd1,5d4da318-295f-43fd-b303-bbd5fc786145,11133
5065fc4a-0d76-4ae7-84f0-b17d57bc7ce8,48ad0f18-b76e-4483-9afc-cd7e59be5f3a,252917
245f557e-4c75-4015-b6b5-3a52111e716f,67a1a352-63c6-43f9-9d71-ce28a20ae21c,108917
87fcf9bd-c496-499a-8ddd-b5f35af99931,85b8f4a0-8132-49e1-8991-32d3b09d6b71,45897
11e6699e-09c0-4e83-aa27-821896ae0c18,d3f7b752-a107-4df3-9795-14db35826c73,97556
1db7abdf-2504-4e24-99b3-3dffe16ee8eb,f38f3d11-ca55-4e14-9b7a-3c41774011e1,507950
47cd9c20-4d9e-4b8a-813b-7cf5ccc918cd,cd4373fe-0091-4421-898d-1322bb7921e8,41357
58207bba-605a-4b23-98aa-9ac09a28437f,29e9ab61-e061-4d94-8cd3-c99446d51c55,5204
1a445f91-2ead-438a-9157-e2306187972a,7d7d78f3-acce-4f6a-9cea-2a3afcde3e8f,133992
b5dc2142-0bad-4987-be8e-d11f22d9ea51,47cd9c20-4d9e-4b8a-813b-7cf5ccc918cd,100601
54835b8a-a27f-4145-a0f6-df40badc1d0e,06e59082-1be0-4c86-87a5-ccf1f9fea164,29825
87d34d56-3bfc-4b8e-b3cf-5f8fc1df2732,e3dc7114-400f-4423-b05f-d6c737c28279,109487
fadaa8d2-d11e-48f4-b113-7ae97265e717,78fd87d1-526d-4b18-8de8-c4c281977037,36937
b55783b5-489c-4878-a0aa-c81825d0ae80,1dc801b8-53d9-46a5-85fd-164140883dd0,120184
5f9a0ffa-c748-4fbb-95a5-8eab94c05210,6e279e72-004f-470e-8bb4-0999c3fc6164,202068
2c754a65-ff58-47e6-85c1-78eb1aca2225,1cf3a191-a526-4d97-a3d3-434d14f60ce3,291149
12ff259b-fcec-4111-8a3e-92f1b34ef005,0e73205f-4f6a-4208-ad93-9e5206df13c7,282488
18036c84-0da6-4c1e-9b11-126a55b485c7,b2063c94-d6ff-4b99-9b1a-191d9fc22602,306583
ea73977d-dcbd-4fd4-81c2-5ac84fa64cac,47cd9c20-4d9e-4b8a-813b-7cf5ccc918cd,106542
68dd02c1-3e68-4d4d-8773-fe9569808537,8536988f-ed41-448c-97ce-9555c75abfaa,462888
a90a0979-3d6a-4c77-b2ce-81ba1f5311a5,5f9a0ffa-c748-4fbb-95a5-8eab94c05210,156339
e413f084-e90e-424a-b205-f3dd75142edc,8c6f7203-3c40-4766-9212-79d89260e8e9,21850
cce1aaa6-a333-477e-8c63-815bef486b25,3535f85d-9583-4470-ac4c-9afdc1038270,186365
cd0aac86-7ac4-4828-8feb-b4a36d4f517c,8c6f7203-3c40-4766-9212-79d89260e8e9,360753
64afb508-3fdb-4f14-a721-040f46ad6d54,4b2c12b4-cdf9-4dc2-b23a-09610cc147eb,130471
400beeb3-50ab-4b56-8775-3b2b07aedbc3,0a672532-6002-4b7d-bee3-274a62a9fb5a,83530
b31626b2-19f3-473f-8056-240a12f26768,1a445f91-2ead-438a-9157-e2306187972a,441619
e413f084-e90e-424a-b205-f3dd75142edc,7e557ea8-c91d-46eb-8ca1-0358f43dcabe,7374
2daeec3a-f864-4eba-bdf5-03ccf9feb992,c9fc8fa1-ca0e-4b1e-904c-80e5d80b2e39,142478
07f047c6-eec0-4f71-98d8-0b06fac54ea9,10949264-8492-44d9-ba5c-65c4b7838df4,192106
cd0aac86-7ac4-4828-8feb-b4a36d4f517c,98eab8e7-ae72-4457-9ea0-742b7ae8093d,267464
12ff259b-fcec-4111-8a3e-92f1b34ef005,8a1eb4a2-9b78-44bf-bb1e-2556e0dab34c,323887
99d5f7aa-2bc3-4aab-be55-528b049579c6,e7338740-b7ee-469c-9c74-bee7dd5f18d2,581566
08610465-eb20-4cef-a770-ee3cd8e75508,85b8f4a0-8132-49e1-8991-32d3b09d6b71,116423
0e73205f-4f6a-4208-ad93-9e5206df13c7,7fba12e8-f336-4a99-a479-dbcb1fc058b8,267091
67a1a352-63c6-43f9-9d71-ce28a20ae21c,310f8c32-4e53-4985-bd1b-6da805a969db,63209
cd0aac86-7ac4-4828-8feb-b4a36d4f517c,8c6f7203-3c40-4766-9212-79d89260e8e9,86791
db21b201-6b2e-4e52-ad8d-d44123fc5c63,21140c1d-976c-4879-8bdc-a2a06014a372,49439
65d47575-b37f-4501-841e-142b28a09398,180627e6-0c19-44ba-82b6-4ec97d3ad85d,98439
7d7c80c6-da3d-482a-87d2-4323b489f08b,e3dc7114-400f-4423-b05f-d6c737c28279,36773
b5dc2142-0bad-4987-be8e-d11f22d9ea51,c9fc8fa1-ca0e-4b1e-904c-80e5d80b2e39,119530
3fe4fa6b-719c-428e-ab19-ac1e5a83f0f1,d59927c9-8f84-405f-b928-2ec21f8c6eb1,148574
2c754a65-ff58-47e6-85c1-78eb1aca2225,2130aa47-2aba-4a23-b3ca-a4360325ae32,294566
095d08c2-5199-4d31-a548-12b5955c61a1,db21b201-6b2e-4e52-ad8d-d44123fc5c63,269396
cf8d0727-06ae-41b7-a2bf-c14ea6affcfa,b31626b2-19f3-473f-8056-240a12f26768,91411
47cd9c20-4d9e-4b8a-813b-7cf5ccc918cd,cd0aac86-7ac4-4828-8feb-b4a36d4f517c,78618
29e9ab61-e061-4d94-8cd3-c99446d51c55,8536988f-ed41-448c-97ce-9555c75abfaa,209442
27a6c30d-3dd4-430c-9b72-6a22b6bc28be,4b3124e8-5fe8-4c26-8e72-8f6ba2766978,119400
7d7c80c6-da3d-482a-87d2-4323b489f08b,f52dd1ff-6bbf-4473-8f2f-718db4a10f87,8977
7cc6cfa4-c1e9-494a-986b-bbf607bc5550,5f9a0ffa-c748-4fbb-95a5-8eab94c05210,455361
1277cc00-3031-42e9-bb55-37ca86bbfb7c,d3f7b752-a107-4df3-9795-14db35826c73,198154
0305e738-0366-4b59-9641-5036465d07cd,29e9ab61-e061-4d94-8cd3-c99446d51c55,345915
8c6f7203-3c40-4766-9212-79d89260e8e9,5d4da318-295f-43fd-b303-bbd5fc786145,244017
18036c84-0da6-4c1e-9b11-126a55b485c7,ea73977d-dcbd-4fd4-81c2-5ac84fa64cac,241136
2daeec3a-f864-4eba-bdf5-03ccf9feb992,83ca04ab-5096-4031-b64a-163ca57dfb1b,109327
b54ac68a-3eca-435c-8902-200a1a1b09ff,095d08c2-5199-4d31-a548-12b5955c61a1,100992
2c754a65-ff58-47e6-85c1-78eb1aca2225,b55783b5-489c-4878-a0aa-c81825d0ae80,329753
54d734a2-73fa-4c9d-8cf3-7a39eaef3b2d,245f557e-4c75-4015-b6b5-3a52111e716f,47238
0532f619-2dfb-4ed2-8656-ce67a56128aa,1dc801b8-53d9-46a5-85fd-164140883dd0,96606
d7ea63f6-7280-453f-83c2-3f8ddc60ef79,68dd02c1-3e68-4d4d-8773-fe9569808537,265538
b5c5b6ab-0337-4187-afc3-a1ec6230064f,2c754a65-ff58-47e6-85c1-78eb1aca2225,133229
5e62c6a4-2bb4-4e1c-8488-e10c7b1c3f63,60daa3ab-6065-4f2b-830b-86b36bb4afe8,184720
f38f3d11-ca55-4e14-9b7a-3c41774011e1,18036c84-0da6-4c1e-9b11-126a55b485c7,175396
48ad0f18-b76e-4483-9afc-cd7e59be5f3a,0e73205f-4f6a-4208-ad93-9e5206df13c7,152114
180627e6-0c19-44ba-82b6-4ec97d3ad85d,6603d019-cf11-4464-af83-d73a6114d7d9,51618
78560cc8-0cca-433a-8291-89c80601bf63,2daeec3a-f864-4eba-bdf5-03ccf9feb992,69117
2c754a65-ff58-47e6-85c1-78eb1aca2225,1dc801b8-53d9-46a5-85fd-164140883dd0,194943
64afb508-3fdb-4f14-a721-040f46ad6d54,5d4da318-295f-43fd-b303-bbd5fc786145,320700
fadaa8d2-d11e-48f4-b113-7ae97265e717,1ab2769c-a290-4b2f-9e27-da26985f69d8,71949
4d871fb3-f0e1-4dc9-8415-2546e8723250,87fcf9bd-c496-499a-8ddd-b5f35af99931,172694
a8a3a809-1348-41fe-b334-afa6e29e0493,1ab2769c-a290-4b2f-9e27-da26985f69d8,104091
853a8faf-f277-4783-a080-1a32165bdc6e,78560cc8-0cca-433a-8291-89c80601bf63,331305
68dd02c1-3e68-4d4d-8773-fe9569808537,5d4da318-295f-43fd-b303-bbd5fc786145,310797
1a445f91-2ead-438a-9157-e2306187972a,464300eb-3855-4132-b377-6fe93a794fee,340933
b154fd49-3672-4066-8fe1-a9993e912518,2c754a65-ff58-47e6-85c1-78eb1aca2225,41594
b35a5f3e-d9e7-47bf-a5f8-e8abdc9166c0,384df65c-8611-4041-99a2-9b5a19d87245,148963
87d34d56-3bfc-4b8e-b3cf-5f8fc1df2732,3b07c7ff-6fed-490a-a9e1-f5bafebc6f0b,140538
06e59082-1be0-4c86-87a5-ccf1f9fea164,c9fc8fa1-ca0e-4b1e-904c-80e5d80b2e39,364901
08610465-eb20-4cef-a770-ee3cd8e75508,2c754a65-ff58-47e6-85c1-78eb1aca2225,62555
759c268e-84f7-4975-a0d9-19b2cd8f0dde,85b8f4a0-8132-49e1-8991-32d3b09d6b71,72349
d7ea63f6-7280-453f-83c2-3f8ddc60ef79,0a48b595-c065-4fc3-81fc-25305be2e919,219691
78560cc8-0cca-433a-8291-89c80601bf63,e3dc7114-400f-4423-b05f-d6c737c28279,38198
853a8faf-f277-4783-a080-1a32165bdc6e,b5c5b6ab-0337-4187-afc3-a1ec6230064f,487691
c9fc8fa1-ca0e-4b1e-904c-80e5d80b2e39,839cc007-0190-43a3-a229-b97fe0fdddd1,172237
394c6a7f-f4e5-40b8-bf5b-a953d624f184,12ff259b-fcec-4111-8a3e-92f1b34ef005,186223
47cd9c20-4d9e-4b8a-813b-7cf5ccc918cd,4b2c12b4-cdf9-4dc2-b23a-09610cc147eb,110571
e313b334-d8e0-4f9d-a841-02495ccfd0d4,1277cc00-3031-42e9-bb55-37ca86bbfb7c,454566
87d34d56-3bfc-4b8e-b3cf-5f8fc1df2732,14d26f53-dd5e-4cfa-aada-67c21bb5d939,286221
558c8707-3d8a-4375-8e7e-998395fb46e5,d9dbc87f-1fec-4d78-bf2b-ec41887dfd44,63153
c855958a-64c0-4592-b32a-d7a4c8b2b733,a90a0979-3d6a-4c77-b2ce-81ba1f5311a5,346217
394c6a7f-f4e5-40b8-bf5b-a953d624f184,01961663-3143-4f5c-92e7-965eec12a0f9,121113
06e59082-1be0-4c86-87a5-ccf1f9fea164,29e9ab61-e061-4d94-8cd3-c99446d51c55,112286
e413f084-e90e-424a-b205-f3dd75142edc,4130354e-87e6-4255-9189-522263c3027f,8478
385ddbb9-9e74-4532-b04a-de4e304cf8a7,98eab8e7-ae72-4457-9ea0-742b7ae8093d,91060
853a8faf-f277-4783-a080-1a32165bdc6e,558c8707-3d8a-4375-8e7e-998395fb46e5,141763
d59927c9-8f84-405f-b928-2ec21f8c6eb1,78fd87d1-526d-4b18-8de8-c4c281977037,48695
cd4373fe-0091-4421-898d-1322bb7921e8,853a8faf-f277-4783-a080-1a32165bdc6e,119791
25b1246f-0e37-44e9-a053-8fa48c7f8e1e,b54ac68a-3eca-435c-8902-200a1a1b09ff,50613
98eab8e7-ae72-4457-9ea0-742b7ae8093d,96e28973-b877-402f-b3ae-36ec55c8844e,41151
a8fe04d7-c6e9-4857-be39-37559d653f33,18036c84-0da6-4c1e-9b11-126a55b485c7,41220
10949264-8492-44d9-ba5c-65c4b7838df4,a8a3a809-1348-41fe-b334-afa6e29e0493,159750
64afb508-3fdb-4f14-a721-040f46ad6d54,a9b5bf1c-cbe0-4d26-9be9-e219091870fb,136727
3fe4fa6b-719c-428e-ab19-ac1e5a83f0f1,2daeec3a-f864-4eba-bdf5-03ccf9feb992,35947
394c6a7f-f4e5-40b8-bf5b-a953d624f184,0a672532-6002-4b7d-bee3-274a62a9fb5a,100144
8536988f-ed41-448c-97ce-9555c75abfaa,7cc6cfa4-c1e9-494a-986b-bbf607bc5550,94834
d9dbc87f-1fec-4d78-bf2b-ec41887dfd44,0a48b595-c065-4fc3-81fc-25305be2e919,284853
119ea857-b60b-491c-8e01-ab437e50f26e,4b3124e8-5fe8-4c26-8e72-8f6ba2766978,144909
9bb7ec36-dda1-4ff9-a738-6f7f2e9f7630,48ad0f18-b76e-4483-9afc-cd7e59be5f3a,212826
245f557e-4c75-4015-b6b5-3a52111e716f,7fba12e8-f336-4a99-a479-dbcb1fc058b8,101675
1db7abdf-2504-4e24-99b3-3dffe16ee8eb,ea73977d-dcbd-4fd4-81c2-5ac84fa64cac,375123
1a445f91-2ead-438a-9157-e2306187972a,45e57df9-772b-40ca-aafc-898162c69844,283296
1277cc00-3031-42e9-bb55-37ca86bbfb7c,25b1246f-0e37-44e9-a053-8fa48c7f8e1e,262970
54835b8a-a27f-4145-a0f6-df40badc1d0e,c9fc8fa1-ca0e-4b1e-904c-80e5d80b2e39,118151
7fba12e8-f336-4a99-a479-dbcb1fc058b8,22a5a25e-618e-456a-b80a-9cbef2c43460,149140
400beeb3-50ab-4b56-8775-3b2b07aedbc3,98eab8e7-ae72-4457-9ea0-742b7ae8093d,43548
a9b5bf1c-cbe0-4d26-9be9-e219091870fb,e121b8a7-f238-42b9-8457-181650d599f1,186172
310f8c32-4e53-4985-bd1b-6da805a969db,a43c454e-eaae-4ccf-ba48-24cf178c0031,56014
400beeb3-50ab-4b56-8775-3b2b07aedbc3,98eab8e7-ae72-4457-9ea0-742b7ae8093d,118832
45e57df9-772b-40ca-aafc-898162c69844,c855958a-64c0-4592-b32a-d7a4c8b2b733,232761
6e279e72-004f-470e-8bb4-0999c3fc6164,9eddc067-b8c5-418d-8707-e41b27dafb46,321829
c855958a-64c0-4592-b32a-d7a4c8b2b733,7fba12e8-f336-4a99-a479-dbcb1fc058b8,195126
a43c454e-eaae-4ccf-ba48-24cf178c0031,384df65c-8611-4041-99a2-9b5a19d87245,2642
cd4373fe-0091-4421-898d-1322bb7921e8,d59927c9-8f84-405f-b928-2ec21f8c6eb1,384798
87d34d56-3bfc-4b8e-b3cf-5f8fc1df2732,d59927c9-8f84-405f-b928-2ec21f8c6eb1,238562
b31626b2-19f3-473f-8056-240a12f26768,8536988f-ed41-448c-97ce-9555c75abfaa,299518
fadaa8d2-d11e-48f4-b113-7ae97265e717,2c754a65-ff58-47e6-85c1-78eb1aca2225,31331
839cc007-0190-43a3-a229-b97fe0fdddd1,7d7d78f3-acce-4f6a-9cea-2a3afcde3e8f,45526
78fd87d1-526d-4b18-8de8-c4c281977037,853a8faf-f277-4783-a080-1a32165bdc6e,35461
b154fd49-3672-4066-8fe1-a9993e912518,4d871fb3-f0e1-4dc9-8415-2546e8723250,39204
b2063c94-d6ff-4b99-9b1a-191d9fc22602,7e557ea8-c91d-46eb-8ca1-0358f43dcabe,351920
0532f619-2dfb-4ed2-8656-ce67a56128aa,7fba12e8-f336-4a99-a479-dbcb1fc058b8,198648
0e73205f-4f6a-4208-ad93-9e5206df13c7,5e62c6a4-2bb4-4e1c-8488-e10c7b1c3f63,344019
0e73205f-4f6a-4208-ad93-9e5206df13c7,1db7abdf-2504-4e24-99b3-3dffe16ee8eb,471916
2c754a65-ff58-47e6-85c1-78eb1aca2225,22a5a25e-618e-456a-b80a-9cbef2c43460,204379
d59927c9-8f84-405f-b928-2ec21f8c6eb1,b2063c94-d6ff-4b99-9b1a-191d9fc22602,46833
4d871fb3-f0e1-4dc9-8415-2546e8723250,5f9a0ffa-c748-4fbb-95a5-8eab94c05210,102021
15ba1443-4cf1-4367-93b6-60fbb95a5b5e,78fd87d1-526d-4b18-8de8-c4c281977037,499392
25cf4233-39d3-47dc-bf10-51d2687e74de,51d7b18f-7c8c-4230-a198-36ad0e73f79d,66495
04d0fe46-e270-4bf0-b721-ee363d6a6e2f,27a6c30d-3dd4-430c-9b72-6a22b6bc28be,360690
3fe4fa6b-719c-428e-ab19-ac1e5a83f0f1,a43c454e-eaae-4ccf-ba48-24cf178c0031,149178
2130aa47-2aba-4a23-b3ca-a4360325ae32,0305e738-0366-4b59-9641-5036465d07cd,312150
1ab2769c-a290-4b2f-9e27-da26985f69d8,6c6bed17-97db-4220-bcd7-9c74bb5c30a0,294152
1cf3a191-a526-4d97-a3d3-434d14f60ce3,a730d385-0f71-42a3-8b8c-b4195bfa8f1f,409075
1cf3a191-a526-4d97-a3d3-434d14f60ce3,48ad0f18-b76e-4483-9afc-cd7e59be5f3a,205514
6c6bed17-97db-4220-bcd7-9c74bb5c30a0,e731b69c-eeaf-4cae-8db6-e0cb7a703579,266914
fadaa8d2-d11e-48f4-b113-7ae97265e717,dbc42853-f1be-402c-845f-6452bea1fcf0,66238
3fe4fa6b-719c-428e-ab19-ac1e5a83f0f1,47cd9c20-4d9e-4b8a-813b-7cf5ccc918cd,119004
96e28973-b877-402f-b3ae-36ec55c8844e,1cf3a191-a526-4d97-a3d3-434d14f60ce3,270027
b54ac68a-3eca-435c-8902-200a1a1b09ff,095d08c2-5199-4d31-a548-12b5955c61a1,97808
a44a2fb9-565b-468e-a23d-5956fdd2e744,28be9ff8-6e8b-486b-bf5d-0d5f62c0c810,98876
99d5f7aa-2bc3-4aab-be55-528b049579c6,cf8d0727-06ae-41b7-a2bf-c14ea6affcfa,531376
8c6f7203-3c40-4766-9212-79d89260e8e9,12ff259b-fcec-4111-8a3e-92f1b34ef005,167377
e121b8a7-f238-42b9-8457-181650d599f1,18036c84-0da6-4c1e-9b11-126a55b485c7,16177
119ea857-b60b-491c-8e01-ab437e50f26e,87fcf9bd-c496-499a-8ddd-b5f35af99931,243144
c63bfa5b-d5bb-461c-b9eb-e8744301a90e,54d734a2-73fa-4c9d-8cf3-7a39eaef3b2d,109246
b5dc2142-0bad-4987-be8e-d11f22d9ea51,8a5a20aa-c7aa-4e06-b3af-7285634af283,387159
759c268e-84f7-4975-a0d9-19b2cd8f0dde,dbc42853-f1be-402c-845f-6452bea1fcf0,124792
25cf4233-39d3-47dc-bf10-51d2687e74de,99d5f7aa-2bc3-4aab-be55-528b049579c6,14370
1ab2769c-a290-4b2f-9e27-da26985f69d8,119ea857-b60b-491c-8e01-ab437e50f26e,384846
22a5a25e-618e-456a-b80a-9cbef2c43460,8536988f-ed41-448c-97ce-9555c75abfaa,31926
51d7b18f-7c8c-4230-a198-36ad0e73f79d,385ddbb9-9e74-4532-b04a-de4e304cf8a7,450028
b31626b2-19f3-473f-8056-240a12f26768,22a5a25e-618e-456a-b80a-9cbef2c43460,407590
68dd02c1-3e68-4d4d-8773-fe9569808537,245f557e-4c75-4015-b6b5-3a52111e716f,477409
db21b201-6b2e-4e52-ad8d-d44123fc5c63,68dd02c1-3e68-4d4d-8773-fe9569808537,75121
4e6f9bb8-78a5-4e09-9673-cce1f5489a5b,400beeb3-50ab-4b56-8775-3b2b07aedbc3,38145
cf8d0727-06ae-41b7-a2bf-c14ea6affcfa,384df65c-8611-4041-99a2-9b5a19d87245,54962
8a1eb4a2-9b78-44bf-bb1e-2556e0dab34c,3535f85d-9583-4470-ac4c-9afdc1038270,192766
3fe4fa6b-719c-428e-ab19-ac1e5a83f0f1,b55783b5-489c-4878-a0aa-c81825d0ae80,112664
22a5a25e-618e-456a-b80a-9cbef2c43460,9eddc067-b8c5-418d-8707-e41b27dafb46,17912
f5a4a30f-bf41-44c8-b3b3-283ffe260a60,385ddbb9-9e74-4532-b04a-de4e304cf8a7,213114
01961663-3143-4f5c-92e7-965eec12a0f9,6e279e72-004f-470e-8bb4-0999c3fc6164,157910
f52dd1ff-6bbf-4473-8f2f-718db4a10f87,a9b5bf1c-cbe0-4d26-9be9-e219091870fb,376162
6c6bed17-97db-4220-bcd7-9c74bb5c30a0,1277cc00-3031-42e9-bb55-37ca86bbfb7c,89448
7d7c80c6-da3d-482a-87d2-4323b489f08b,245f557e-4c75-4015-b6b5-3a52111e716f,36953
d1f46208-0958-4793-bf89-39afc8da5c85,394c6a7f-f4e5-40b8-bf5b-a953d624f184,173790
8c6f7203-3c40-4766-9212-79d89260e8e9,d59927c9-8f84-405f-b928-2ec21f8c6eb1,112438
1277cc00-3031-42e9-bb55-37ca86bbfb7c,d3f7b752-a107-4df3-9795-14db35826c73,204328
cb0c31f6-0fd6-46de-af02-5d25005aa5bb,87d34d56-3bfc-4b8e-b3cf-5f8fc1df2732,298757
14d26f53-dd5e-4cfa-aada-67c21bb5d939,58207bba-605a-4b23-98aa-9ac09a28437f,153748
6c6bed17-97db-4220-bcd7-9c74bb5c30a0,a730d385-0f71-42a3-8b8c-b4195bfa8f1f,235059
6c6bed17-97db-4220-bcd7-9c74bb5c30a0,b154fd49-3672-4066-8fe1-a9993e912518,201591
48ad0f18-b76e-4483-9afc-cd7e59be5f3a,5d4da318-295f-43fd-b303-bbd5fc786145,349083
54d734a2-73fa-4c9d-8cf3-7a39eaef3b2d,1dc801b8-53d9-46a5-85fd-164140883dd0,16586
4b3124e8-5fe8-4c26-8e72-8f6ba2766978,095d08c2-5199-4d31-a548-12b5955c61a1,170249
cd0aac86-7ac4-4828-8feb-b4a36d4f517c,47cd9c20-4d9e-4b8a-813b-7cf5ccc918cd,230879
85b8f4a0-8132-49e1-8991-32d3b09d6b71,839cc007-0190-43a3-a229-b97fe0fdddd1,242726
67a1a352-63c6-43f9-9d71-ce28a20ae21c,8a1eb4a2-9b78-44bf-bb1e-2556e0dab34c,21172
9eddc067-b8c5-418d-8707-e41b27dafb46,1277cc00-3031-42e9-bb55-37ca86bbfb7c,66810
b154fd49-3672-4066-8fe1-a9993e912518,10949264-8492-44d9-ba5c-65c4b7838df4,43636
400beeb3-50ab-4b56-8775-3b2b07aedbc3,7fba12e8-f336-4a99-a479-dbcb1fc058b8,40451
58207bba-605a-4b23-98aa-9ac09a28437f,08610465-eb20-4cef-a770-ee3cd8e75508,14264
0a48b595-c065-4fc3-81fc-25305be2e919,180627e6-0c19-44ba-82b6-4ec97d3ad85d,464903
d9dbc87f-1fec-4d78-bf2b-ec41887dfd44,ea73977d-dcbd-4fd4-81c2-5ac84fa64cac,316725
67a1a352-63c6-43f9-9d71-ce28a20ae21c,d1f46208-0958-4793-bf89-39afc8da5c85,54340
e121b8a7-f238-42b9-8457-181650d599f1,11e6699e-09c0-4e83-aa27-821896ae0c18,7459
3b07c7ff-6fed-490a-a9e1-f5bafebc6f0b,2c9eb637-701c-47c0-86f9-52df6517d923,307394
8a5a20aa-c7aa-4e06-b3af-7285634af283,dbc42853-f1be-402c-845f-6452bea1fcf0,5940
6c6bed17-97db-4220-bcd7-9c74bb5c30a0,4130354e-87e6-4255-9189-522263c3027f,49394
0e73205f-4f6a-4208-ad93-9e5206df13c7,385ddbb9-9e74-4532-b04a-de4e304cf8a7,153650
cb0c31f6-0fd6-46de-af02-5d25005aa5bb,25cf4233-39d3-47dc-bf10-51d2687e74de,145403
394c6a7f-f4e5-40b8-bf5b-a953d624f184,85b8f4a0-8132-49e1-8991-32d3b09d6b71,177907
310f8c32-4e53-4985-bd1b-6da805a969db,9eddc067-b8c5-418d-8707-e41b27dafb46,71392
8536988f-ed41-448c-97ce-9555c75abfaa,b2063c94-d6ff-4b99-9b1a-191d9fc22602,70039
b55783b5-489c-4878-a0aa-c81825d0ae80,d59927c9-8f84-405f-b928-2ec21f8c6eb1,34894
b35a5f3e-d9e7-47bf-a5f8-e8abdc9166c0,a90a0979-3d6a-4c77-b2ce-81ba1f5311a5,34116
0a48b595-c065-4fc3-81fc-25305be2e919,f5a4a30f-bf41-44c8-b3b3-283ffe260a60,387829
558c8707-3d8a-4375-8e7e-998395fb46e5,9303996d-4078-4c79-80db-6a3eaa36104a,54639
464300eb-3855-4132-b377-6fe93a794fee,67a1a352-63c6-43f9-9d71-ce28a20ae21c,205276
384df65c-8611-4041-99a2-9b5a19d87245,0532f619-2dfb-4ed2-8656-ce67a56128aa,114558
095d08c2-5199-4d31-a548-12b5955c61a1,60daa3ab-6065-4f2b-830b-86b36bb4afe8,346347
a43c454e-eaae-4ccf-ba48-24cf178c0031,1a445f91-2ead-438a-9157-e2306187972a,5931
d3f7b752-a107-4df3-9795-14db35826c73,a8fe04d7-c6e9-4857-be39-37559d653f33,172655
48ad0f18-b76e-4483-9afc-cd7e59be5f3a,7e557ea8-c91d-46eb-8ca1-0358f43dcabe,301846
5f9a0ffa-c748-4fbb-95a5-8eab94c05210,0305e738-0366-4b59-9641-5036465d07cd,142096
58207bba-605a-4b23-98aa-9ac09a28437f,21140c1d-976c-4879-8bdc-a2a06014a372,9998
853a8faf-f277-4783-a080-1a32165bdc6e,385ddbb9-9e74-4532-b04a-de4e304cf8a7,280339
3fe4fa6b-719c-428e-ab19-ac1e5a83f0f1,7fba12e8-f336-4a99-a479-dbcb1fc058b8,106701
7fba12e8-f336-4a99-a479-dbcb1fc058b8,b54ac68a-3eca-435c-8902-200a1a1b09ff,255884
f52dd1ff-6bbf-4473-8f2f-718db4a10f87,4d871fb3-f0e1-4dc9-8415-2546e8723250,92940
1a445f91-2ead-438a-9157-e2306187972a,f52dd1ff-6bbf-4473-8f2f-718db4a10f87,440967
5f9a0ffa-c748-4fbb-95a5-8eab94c05210,0305e738-0366-4b59-9641-5036465d07cd,147792
d9dbc87f-1fec-4d78-bf2b-ec41887dfd44,e7338740-b7ee-469c-9c74-bee7dd5f18d2,189042
7d7d78f3-acce-4f6a-9cea-2a3afcde3e8f,db21b201-6b2e-4e52-ad8d-d44123fc5c63,2639
2130aa47-2aba-4a23-b3ca-a4360325ae32,2daeec3a-f864-4eba-bdf5-03ccf9feb992,341863
8c6f7203-3c40-4766-9212-79d89260e8e9,28be9ff8-6e8b-486b-bf5d-0d5f62c0c810,277592
65d47575-b37f-4501-841e-142b28a09398,2993ded9-071e-45bc-9b13-accdf5d3ebec,40086
25b1246f-0e37-44e9-a053-8fa48c7f8e1e,5f9a0ffa-c748-4fbb-95a5-8eab94c05210,131783
cd0aac86-7ac4-4828-8feb-b4a36d4f517c,5d4da318-295f-43fd-b303-bbd5fc786145,235856
87d34d56-3bfc-4b8e-b3cf-5f8fc1df2732,759c268e-84f7-4975-a0d9-19b2cd8f0dde,108494
85b8f4a0-8132-49e1-8991-32d3b09d6b71,21140c1d-976c-4879-8bdc-a2a06014a372,217323
d3f7b752-a107-4df3-9795-14db35826c73,48ad0f18-b76e-4483-9afc-cd7e59be5f3a,259220
0a48b595-c065-4fc3-81fc-25305be2e919,5d4da318-295f-43fd-b303-bbd5fc786145,418337
0305e738-0366-4b59-9641-5036465d07cd,15ba1443-4cf1-4367-93b6-60fbb95a5b5e,256150
2c754a65-ff58-47e6-85c1-78eb1aca2225,095d08c2-5199-4d31-a548-12b5955c61a1,282472
4e6f9bb8-78a5-4e09-9673-cce1f5489a5b,7d7d78f3-acce-4f6a-9cea-2a3afcde3e8f,202330
4b3124e8-5fe8-4c26-8e72-8f6ba2766978,8536988f-ed41-448c-97ce-9555c75abfaa,132290
51d7b18f-7c8c-4230-a198-36ad0e73f79d,180627e6-0c19-44ba-82b6-4ec97d3ad85d,271440
385ddbb9-9e74-4532-b04a-de4e304cf8a7,3628d3b6-b07f-41cd-8c09-8c99afa414ba,75638
e413f084-e90e-424a-b205-f3dd75142edc,245f557e-4c75-4015-b6b5-3a52111e716f,14195
385ddbb9-9e74-4532-b04a-de4e304cf8a7,e3dc7114-400f-4423-b05f-d6c737c28279,96568
7cc6cfa4-c1e9-494a-986b-bbf607bc5550,b55783b5-489c-4878-a0aa-c81825d0ae80,440211
310f8c32-4e53-4985-bd1b-6da805a969db,cb0c31f6-0fd6-46de-af02-5d25005aa5bb,32966
ea73977d-dcbd-4fd4-81c2-5ac84fa64cac,759c268e-84f7-4975-a0d9-19b2cd8f0dde,26956
60daa3ab-6065-4f2b-830b-86b36bb4afe8,8a1eb4a2-9b78-44bf-bb1e-2556e0dab34c,292615
a8a3a809-1348-41fe-b334-afa6e29e0493,2c754a65-ff58-47e6-85c1-78eb1aca2225,472665
b55783b5-489c-4878-a0aa-c81825d0ae80,8c6f7203-3c40-4766-9212-79d89260e8e9,95498
fadaa8d2-d11e-48f4-b113-7ae97265e717,27a6c30d-3dd4-430c-9b72-6a22b6bc28be,51284
3535f85d-9583-4470-ac4c-9afdc1038270,b2063c94-d6ff-4b99-9b1a-191d9fc22602,172172
87d34d56-3bfc-4b8e-b3cf-5f8fc1df2732,839cc007-0190-43a3-a229-b97fe0fdddd1,113943
4e6f9bb8-78a5-4e09-9673-cce1f5489a5b,245f557e-4c75-4015-b6b5-3a52111e716f,135787
29e9ab61-e061-4d94-8cd3-c99446d51c55,e7338740-b7ee-469c-9c74-bee7dd5f18d2,405011
a8a3a809-1348-41fe-b334-afa6e29e0493,e313b334-d8e0-4f9d-a841-02495ccfd0d4,168102
60daa3ab-6065-4f2b-830b-86b36bb4afe8,b154fd49-3672-4066-8fe1-a9993e912518,195984
e7338740-b7ee-469c-9c74-bee7dd5f18d2,54d734a2-73fa-4c9d-8cf3-7a39eaef3b2d,388532
96e28973-b877-402f-b3ae-36ec55c8844e,7cc6cfa4-c1e9-494a-986b-bbf607bc5550,203795
14d26f53-dd5e-4cfa-aada-67c21bb5d939,e731b69c-eeaf-4cae-8db6-e0cb7a703579,85533
21140c1d-976c-4879-8bdc-a2a06014a372,96e28973-b877-402f-b3ae-36ec55c8844e,224951
7cc6cfa4-c1e9-494a-986b-bbf607bc5550,7e557ea8-c91d-46eb-8ca1-0358f43dcabe,131003
a90a0979-3d6a-4c77-b2ce-81ba1f5311a5,08610465-eb20-4cef-a770-ee3cd8e75508,102069
5e62c6a4-2bb4-4e1c-8488-e10c7b1c3f63,78560cc8-0cca-433a-8291-89c80601bf63,52554
1ab2769c-a290-4b2f-9e27-da26985f69d8,119ea857-b60b-491c-8e01-ab437e50f26e,187673
400beeb3-50ab-4b56-8775-3b2b07aedbc3,32fffa33-1cd7-46d6-8e2e-e98450886d01,33745
f5a4a30f-bf41-44c8-b3b3-283ffe260a60,cb0c31f6-0fd6-46de-af02-5d25005aa5bb,224827
245f557e-4c75-4015-b6b5-3a52111e716f,a44a2fb9-565b-468e-a23d-5956fdd2e744,56588
095d08c2-5199-4d31-a548-12b5955c61a1,db21b201-6b2e-4e52-ad8d-d44123fc5c63,325702
5e62c6a4-2bb4-4e1c-8488-e10c7b1c3f63,8c6f7203-3c40-4766-9212-79d89260e8e9,84577
394c6a7f-f4e5-40b8-bf5b-a953d624f184,2c754a65-ff58-47e6-85c1-78eb1aca2225,230038
3535f85d-9583-4470-ac4c-9afdc1038270,d59927c9-8f84-405f-b928-2ec21f8c6eb1,52788
384df65c-8611-4041-99a2-9b5a19d87245,6c6bed17-97db-4220-bcd7-9c74bb5c30a0,127955
3b07c7ff-6fed-490a-a9e1-f5bafebc6f0b,5e62c6a4-2bb4-4e1c-8488-e10c7b1c3f63,412034
1dc801b8-53d9-46a5-85fd-164140883dd0,1a445f91-2ead-438a-9157-e2306187972a,138121
ea73977d-dcbd-4fd4-81c2-5ac84fa64cac,839cc007-0190-43a3-a229-b97fe0fdddd1,76391
85b8f4a0-8132-49e1-8991-32d3b09d6b71,68dd02c1-3e68-4d4d-8773-fe9569808537,123609
558c8707-3d8a-4375-8e7e-998395fb46e5,48ad0f18-b76e-4483-9afc-cd7e59be5f3a,26305
01961663-3143-4f5c-92e7-965eec12a0f9,a90a0979-3d6a-4c77-b2ce-81ba1f5311a5,257186
853a8faf-f277-4783-a080-1a32165bdc6e,b154fd49-3672-4066-8fe1-a9993e912518,465123
8536988f-ed41-448c-97ce-9555c75abfaa,7d7d78f3-acce-4f6a-9cea-2a3afcde3e8f,66029
07f047c6-eec0-4f71-98d8-0b06fac54ea9,0e73205f-4f6a-4208-ad93-9e5206df13c7,341188
e7338740-b7ee-469c-9c74-bee7dd5f18d2,e3dc7114-400f-4423-b05f-d6c737c28279,87542
4130354e-87e6-4255-9189-522263c3027f,21140c1d-976c-4879-8bdc-a2a06014a372,158951
c63bfa5b-d5bb-461c-b9eb-e8744301a90e,f38f3d11-ca55-4e14-9b7a-3c41774011e1,65137
9bb7ec36-dda1-4ff9-a738-6f7f2e9f7630,a8a3a809-1348-41fe-b334-afa6e29e0493,205172
4b3124e8-5fe8-4c26-8e72-8f6ba2766978,9bb7ec36-dda1-4ff9-a738-6f7f2e9f7630,367667
e3dc7114-400f-4423-b05f-d6c737c28279,f38f3d11-ca55-4e14-9b7a-3c41774011e1,161838
c9fc8fa1-ca0e-4b1e-904c-80e5d80b2e39,095d08c2-5199-4d31-a548-12b5955c61a1,272397
1277cc00-3031-42e9-bb55-37ca86bbfb7c,8536988f-ed41-448c-97ce-9555c75abfaa,122240
08610465-eb20-4cef-a770-ee3cd8e75508,8536988f-ed41-448c-97ce-9555c75abfaa,53916
f5a4a30f-bf41-44c8-b3b3-283ffe260a60,9eddc067-b8c5-418d-8707-e41b27dafb46,240396
9303996d-4078-4c79-80db-6a3eaa36104a,5f9a0ffa-c748-4fbb-95a5-8eab94c05210,374371
b154fd49-3672-4066-8fe1-a9993e912518,f38f3d11-ca55-4e14-9b7a-3c41774011e1,44508
8c6f7203-3c40-4766-9212-79d89260e8e9,e313b334-d8e0-4f9d-a841-02495ccfd0d4,247507
385ddbb9-9e74-4532-b04a-de4e304cf8a7,10949264-8492-44d9-ba5c-65c4b7838df4,24459
b5dc2142-0bad-4987-be8e-d11f22d9ea51,04d0fe46-e270-4bf0-b721-ee363d6a6e2f,156584
28be9ff8-6e8b-486b-bf5d-0d5f62c0c810,0a672532-6002-4b7d-bee3-274a62a9fb5a,119578
28be9ff8-6e8b-486b-bf5d-0d5f62c0c810,64afb508-3fdb-4f14-a721-040f46ad6d54,173611
a8fe04d7-c6e9-4857-be39-37559d653f33,400beeb3-50ab-4b56-8775-3b2b07aedbc3,86940
12ff259b-fcec-4111-8a3e-92f1b34ef005,fadaa8d2-d11e-48f4-b113-7ae97265e717,307189
68dd02c1-3e68-4d4d-8773-fe9569808537,54d734a2-73fa-4c9d-8cf3-7a39eaef3b2d,275054
5065fc4a-0d76-4ae7-84f0-b17d57bc7ce8,83ca04ab-5096-4031-b64a-163ca57dfb1b,161098
464300eb-3855-4132-b377-6fe93a794fee,3b07c7ff-6fed-490a-a9e1-f5bafebc6f0b,130601
b54ac68a-3eca-435c-8902-200a1a1b09ff,15ba1443-4cf1-4367-93b6-60fbb95a5b5e,103466
b35a5f3e-d9e7-47bf-a5f8-e8abdc9166c0,78699c1e-3234-4c39-a2d4-5e6e545dc68e,85125
e413f084-e90e-424a-b205-f3dd75142edc,1cf3a191-a526-4d97-a3d3-434d14f60ce3,8368
d7ea63f6-7280-453f-83c2-3f8ddc60ef79,e731b69c-eeaf-4cae-8db6-e0cb7a703579,281361
b391f9a6-4399-4069-9150-100fa9423b03,87fcf9bd-c496-499a-8ddd-b5f35af99931,505948
6603d019-cf11-4464-af83-d73a6114d7d9,3fe4fa6b-719c-428e-ab19-ac1e5a83f0f1,16038
b391f9a6-4399-4069-9150-100fa9423b03,385ddbb9-9e74-4532-b04a-de4e304cf8a7,449712
54835b8a-a27f-4145-a0f6-df40badc1d0e,64afb508-3fdb-4f14-a721-040f46ad6d54,58489
99d5f7aa-2bc3-4aab-be55-528b049579c6,6c6bed17-97db-4220-bcd7-9c74bb5c30a0,251301
cf8d0727-06ae-41b7-a2bf-c14ea6affcfa,1277cc00-3031-42e9-bb55-37ca86bbfb7c,103945
64afb508-3fdb-4f14-a721-040f46ad6d54,a90a0979-3d6a-4c77-b2ce-81ba1f5311a5,366721
245f557e-4c75-4015-b6b5-3a52111e716f,d1f46208-0958-4793-bf89-39afc8da5c85,67542
78fd87d1-526d-4b18-8de8-c4c281977037,8a5a20aa-c7aa-4e06-b3af-7285634af283,23978
7fba12e8-f336-4a99-a479-dbcb1fc058b8,78560cc8-0cca-433a-8291-89c80601bf63,147807
48ad0f18-b76e-4483-9afc-cd7e59be5f3a,5d4da318-295f-43fd-b303-bbd5fc786145,83930
119ea857-b60b-491c-8e01-ab437e50f26e,01961663-3143-4f5c-92e7-965eec12a0f9,337601
48ad0f18-b76e-4483-9afc-cd7e59be5f3a,1277cc00-3031-42e9-bb55-37ca86bbfb7c,241671
8a1eb4a2-9b78-44bf-bb1e-2556e0dab34c,5065fc4a-0d76-4ae7-84f0-b17d57bc7ce8,132612
83ca04ab-5096-4031-b64a-163ca57dfb1b,c9fc8fa1-ca0e-4b1e-904c-80e5d80b2e39,311061
a44a2fb9-565b-468e-a23d-5956fdd2e744,b54ac68a-3eca-435c-8902-200a1a1b09ff,30322
78699c1e-3234-4c39-a2d4-5e6e545dc68e,1277cc00-3031-42e9-bb55-37ca86bbfb7c,88933
5f9a0ffa-c748-4fbb-95a5-8eab94c05210,01961663-3143-4f5c-92e7-965eec12a0f9,245609
4d871fb3-f0e1-4dc9-8415-2546e8723250,7d7c80c6-da3d-482a-87d2-4323b489f08b,138542
54d734a2-73fa-4c9d-8cf3-7a39eaef3b2d,0a672532-6002-4b7d-bee3-274a62a9fb5a,62877
e731b69c-eeaf-4cae-8db6-e0cb7a703579,f5a4a30f-bf41-44c8-b3b3-283ffe260a60,63909
51d7b18f-7c8c-4230-a198-36ad0e73f79d,245f557e-4c75-4015-b6b5-3a52111e716f,361760
6c6bed17-97db-4220-bcd7-9c74bb5c30a0,1db7abdf-2504-4e24-99b3-3dffe16ee8eb,237958
759c268e-84f7-4975-a0d9-19b2cd8f0dde,7d7d78f3-acce-4f6a-9cea-2a3afcde3e8f,132068
5e62c6a4-2bb4-4e1c-8488-e10c7b1c3f63,cb0c31f6-0fd6-46de-af02-5d25005aa5bb,219607
3fe4fa6b-719c-428e-ab19-ac1e5a83f0f1,8a5a20aa-c7aa-4e06-b3af-7285634af283,116080
fadaa8d2-d11e-48f4-b113-7ae97265e717,7e557ea8-c91d-46eb-8ca1-0358f43dcabe,66183
fadaa8d2-d11e-48f4-b113-7ae97265e717,853a8faf-f277-4783-a080-1a32165bdc6e,17545
87d34d56-3bfc-4b8e-b3cf-5f8fc1df2732,07f047c6-eec0-4f71-98d8-0b06fac54ea9,114607
15ba1443-4cf1-4367-93b6-60fbb95a5b5e,a9b5bf1c-cbe0-4d26-9be9-e219091870fb,384334
a43c454e-eaae-4ccf-ba48-24cf178c0031,b31626b2-19f3-473f-8056-240a12f26768,7048
7e557ea8-c91d-46eb-8ca1-0358f43dcabe,2c754a65-ff58-47e6-85c1-78eb1aca2225,145307
2993ded9-071e-45bc-9b13-accdf5d3ebec,310f8c32-4e53-4985-bd1b-6da805a969db,3787
2130aa47-2aba-4a23-b3ca-a4360325ae32,cd4373fe-0091-4421-898d-1322bb7921e8,66557
e3dc7114-400f-4423-b05f-d6c737c28279,db21b201-6b2e-4e52-ad8d-d44123fc5c63,167043
7e557ea8-c91d-46eb-8ca1-0358f43dcabe,96e28973-b877-402f-b3ae-36ec55c8844e,172503
1277cc00-3031-42e9-bb55-37ca86bbfb7c,384df65c-8611-4041-99a2-9b5a19d87245,117934
095d08c2-5199-4d31-a548-12b5955c61a1,96e28973-b877-402f-b3ae-36ec55c8844e,292639
f52dd1ff-6bbf-4473-8f2f-718db4a10f87,c855958a-64c0-4592-b32a-d7a4c8b2b733,331352
14d26f53-dd5e-4cfa-aada-67c21bb5d939,cce1aaa6-a333-477e-8c63-815bef486b25,136775
6603d019-cf11-4464-af83-d73a6114d7d9,14d26f53-dd5e-4cfa-aada-67c21bb5d939,23618
3628d3b6-b07f-41cd-8c09-8c99afa414ba,29e9ab61-e061-4d94-8cd3-c99446d51c55,236051
98eab8e7-ae72-4457-9ea0-742b7ae8093d,01961663-3143-4f5c-92e7-965eec12a0f9,23823
464300eb-3855-4132-b377-6fe93a794fee,2daeec3a-f864-4eba-bdf5-03ccf9feb992,192330
54d734a2-73fa-4c9d-8cf3-7a39eaef3b2d,96e28973-b877-402f-b3ae-36ec55c8844e,15641
98eab8e7-ae72-4457-9ea0-742b7ae8093d,a730d385-0f71-42a3-8b8c-b4195bfa8f1f,85531
54d734a2-73fa-4c9d-8cf3-7a39eaef3b2d,dbc42853-f1be-402c-845f-6452bea1fcf0,48742
cce1aaa6-a333-477e-8c63-815bef486b25,d7ea63f6-7280-453f-83c2-3f8ddc60ef79,241798
32fffa33-1cd7-46d6-8e2e-e98450886d01,d9dbc87f-1fec-4d78-bf2b-ec41887dfd44,56554
25cf4233-39d3-47dc-bf10-51d2687e74de,b5dc2142-0bad-4987-be8e-d11f22d9ea51,69584
21140c1d-976c-4879-8bdc-a2a06014a372,a90a0979-3d6a-4c77-b2ce-81ba1f5311a5,191976
b35a5f3e-d9e7-47bf-a5f8-e8abdc9166c0,85b8f4a0-8132-49e1-8991-32d3b09d6b71,126038
464300eb-3855-4132-b377-6fe93a794fee,14d26f53-dd5e-4cfa-aada-67c21bb5d939,43177
60daa3ab-6065-4f2b-830b-86b36bb4afe8,db21b201-6b2e-4e52-ad8d-d44123fc5c63,255133
21140c1d-976c-4879-8bdc-a2a06014a372,400beeb3-50ab-4b56-8775-3b2b07aedbc3,98503
8536988f-ed41-448c-97ce-9555c75abfaa,f38f3d11-ca55-4e14-9b7a-3c41774011e1,155199
18036c84-0da6-4c1e-9b11-126a55b485c7,e313b334-d8e0-4f9d-a841-02495ccfd0d4,303280
22a5a25e-618e-456a-b80a-9cbef2c43460,d3f7b752-a107-4df3-9795-14db35826c73,39067
c855958a-64c0-4592-b32a-d7a4c8b2b733,245f557e-4c75-4015-b6b5-3a52111e716f,333497
68dd02c1-3e68-4d4d-8773-fe9569808537,fadaa8d2-d11e-48f4-b113-7ae97265e717,227460
10949264-8492-44d9-ba5c-65c4b7838df4,1db7abdf-2504-4e24-99b3-3dffe16ee8eb,184296
7cc6cfa4-c1e9-494a-986b-bbf607bc5550,6e279e72-004f-470e-8bb4-0999c3fc6164,413681
a44a2fb9-565b-468e-a23d-5956fdd2e744,a9b5bf1c-cbe0-4d26-9be9-e219091870fb,33646
b5c5b6ab-0337-4187-afc3-a1ec6230064f,095d08c2-5199-4d31-a548-12b5955c61a1,238003
0e73205f-4f6a-4208-ad93-9e5206df13c7,4d871fb3-f0e1-4dc9-8415-2546e8723250,458426
119ea857-b60b-491c-8e01-ab437e50f26e,9bb7ec36-dda1-4ff9-a738-6f7f2e9f7630,171785
b391f9a6-4399-4069-9150-100fa9423b03,119ea857-b60b-491c-8e01-ab437e50f26e,218538
3535f85d-9583-4470-ac4c-9afdc1038270,4130354e-87e6-4255-9189-522263c3027f,44984
7d7c80c6-da3d-482a-87d2-4323b489f08b,07f047c6-eec0-4f71-98d8-0b06fac54ea9,19774
0a672532-6002-4b7d-bee3-274a62a9fb5a,83ca04ab-5096-4031-b64a-163ca57dfb1b,127162
f5a4a30f-bf41-44c8-b3b3-283ffe260a60,180627e6-0c19-44ba-82b6-4ec97d3ad85d,326769
21140c1d-976c-4879-8bdc-a2a06014a372,fadaa8d2-d11e-48f4-b113-7ae97265e717,217820
9eddc067-b8c5-418d-8707-e41b27dafb46,7e557ea8-c91d-46eb-8ca1-0358f43dcabe,45972
9bb7ec36-dda1-4ff9-a738-6f7f2e9f7630,2c754a65-ff58-47e6-85c1-78eb1aca2225,193011
2993ded9-071e-45bc-9b13-accdf5d3ebec,54d734a2-73fa-4c9d-8cf3-7a39eaef3b2d,7595
839cc007-0190-43a3-a229-b97fe0fdddd1,cce1aaa6-a333-477e-8c63-815bef486b25,46394
22a5a25e-618e-456a-b80a-9cbef2c43460,18036c84-0da6-4c1e-9b11-126a55b485c7,10653
b154fd49-3672-4066-8fe1-a9993e912518,2993ded9-071e-45bc-9b13-accdf5d3ebec,54586
095d08c2-5199-4d31-a548-12b5955c61a1,3fe4fa6b-719c-428e-ab19-ac1e5a83f0f1,378717
e7338740-b7ee-469c-9c74-bee7dd5f18d2,1db7abdf-2504-4e24-99b3-3dffe16ee8eb,233673
3b07c7ff-6fed-490a-a9e1-f5bafebc6f0b,d3f7b752-a107-4df3-9795-14db35826c73,214543
25cf4233-39d3-47dc-bf10-51d2687e74de,54d734a2-73fa-4c9d-8cf3-7a39eaef3b2d,23864
839cc007-0190-43a3-a229-b97fe0fdddd1,7d7c80c6-da3d-482a-87d2-4323b489f08b,45003
58207bba-605a-4b23-98aa-9ac09a28437f,4e6f9bb8-78a5-4e09-9673-cce1f5489a5b,13691
d1f46208-0958-4793-bf89-39afc8da5c85,7d7d78f3-acce-4f6a-9cea-2a3afcde3e8f,96078
18036c84-0da6-4c1e-9b11-126a55b485c7,78560cc8-0cca-433a-8291-89c80601bf63,294258
29e9ab61-e061-4d94-8cd3-c99446d51c55,853a8faf-f277-4783-a080-1a32165bdc6e,224940
7cc6cfa4-c1e9-494a-986b-bbf607bc5550,464300eb-3855-4132-b377-6fe93a794fee,332734
78699c1e-3234-4c39-a2d4-5e6e545dc68e,28be9ff8-6e8b-486b-bf5d-0d5f62c0c810,153883
51d7b18f-7c8c-4230-a198-36ad0e73f79d,8a5a20aa-c7aa-4e06-b3af-7285634af283,317417
3fe4fa6b-719c-428e-ab19-ac1e5a83f0f1,87fcf9bd-c496-499a-8ddd-b5f35af99931,129103
0a48b595-c065-4fc3-81fc-25305be2e919,b2063c94-d6ff-4b99-9b1a-191d9fc22602,475890
12ff259b-fcec-4111-8a3e-92f1b34ef005,759c268e-84f7-4975-a0d9-19b2cd8f0dde,237281
48ad0f18-b76e-4483-9afc-cd7e59be5f3a,0532f619-2dfb-4ed2-8656-ce67a56128aa,266245
0a48b595-c065-4fc3-81fc-25305be2e919,2993ded9-071e-45bc-9b13-accdf5d3ebec,288830
180627e6-0c19-44ba-82b6-4ec97d3ad85d,759c268e-84f7-4975-a0d9-19b2cd8f0dde,82510
9303996d-4078-4c79-80db-6a3eaa36104a,1277cc00-3031-42e9-bb55-37ca86bbfb7c,522959
464300eb-3855-4132-b377-6fe93a794fee,5065fc4a-0d76-4ae7-84f0-b17d57bc7ce8,188887
b5c5b6ab-0337-4187-afc3-a1ec6230064f,d1f46208-0958-4793-bf89-39afc8da5c85,66668
558c8707-3d8a-4375-8e7e-998395fb46e5,2c754a65-ff58-47e6-85c1-78eb1aca2225,52461
6e279e72-004f-470e-8bb4-0999c3fc6164,2c9eb637-701c-47c0-86f9-52df6517d923,309863
a8a3a809-1348-41fe-b334-afa6e29e0493,3b07c7ff-6fed-490a-a9e1-f5bafebc6f0b,201579
5d4da318-295f-43fd-b303-bbd5fc786145,2daeec3a-f864-4eba-bdf5-03ccf9feb992,137731
180627e6-0c19-44ba-82b6-4ec97d3ad85d,5d4da318-295f-43fd-b303-bbd5fc786145,159731
3628d3b6-b07f-41cd-8c09-8c99afa414ba,853a8faf-f277-4783-a080-1a32165bdc6e,241719
2993ded9-071e-45bc-9b13-accdf5d3ebec,f5a4a30f-bf41-44c8-b3b3-283ffe260a60,9548
180627e6-0c19-44ba-82b6-4ec97d3ad85d,f5a4a30f-bf41-44c8-b3b3-283ffe260a60,76338
32fffa33-1cd7-46d6-8e2e-e98450886d01,839cc007-0190-43a3-a229-b97fe0fdddd1,43657
a9b5bf1c-cbe0-4d26-9be9-e219091870fb,e121b8a7-f238-42b9-8457-181650d599f1,112394
b55783b5-489c-4878-a0aa-c81825d0ae80,21140c1d-976c-4879-8bdc-a2a06014a372,28755
1cf3a191-a526-4d97-a3d3-434d14f60ce3,1ab2769c-a290-4b2f-9e27-da26985f69d8,358581
e121b8a7-f238-42b9-8457-181650d599f1,b31626b2-19f3-473f-8056-240a12f26768,8698
a43c454e-eaae-4ccf-ba48-24cf178c0031,a8fe04d7-c6e9-4857-be39-37559d653f33,2982
27a6c30d-3dd4-430c-9b72-6a22b6bc28be,b391f9a6-4399-4069-9150-100fa9423b03,277821
6c6bed17-97db-4220-bcd7-9c74bb5c30a0,11e6699e-09c0-4e83-aa27-821896ae0c18,233217
464300eb-3855-4132-b377-6fe93a794fee,54d734a2-73fa-4c9d-8cf3-7a39eaef3b2d,44015
d59927c9-8f84-405f-b928-2ec21f8c6eb1,7e557ea8-c91d-46eb-8ca1-0358f43dcabe,45108
a43c454e-eaae-4ccf-ba48-24cf178c0031,b35a5f3e-d9e7-47bf-a5f8-e8abdc9166c0,1308
2993ded9-071e-45bc-9b13-accdf5d3ebec,f5a4a30f-bf41-44c8-b3b3-283ffe260a60,6971
3535f85d-9583-4470-ac4c-9afdc1038270,a44a2fb9-565b-468e-a23d-5956fdd2e744,97036
558c8707-3d8a-4375-8e7e-998395fb46e5,1cf3a191-a526-4d97-a3d3-434d14f60ce3,37203
a730d385-0f71-42a3-8b8c-b4195bfa8f1f,7d7c80c6-da3d-482a-87d2-4323b489f08b,341838
245f557e-4c75-4015-b6b5-3a52111e716f,27a6c30d-3dd4-430c-9b72-6a22b6bc28be,108515
853a8faf-f277-4783-a080-1a32165bdc6e,3535f85d-9583-4470-ac4c-9afdc1038270,412090
07f047c6-eec0-4f71-98d8-0b06fac54ea9,04d0fe46-e270-4bf0-b721-ee363d6a6e2f,322540
67a1a352-63c6-43f9-9d71-ce28a20ae21c,c63bfa5b-d5bb-461c-b9eb-e8744301a90e,46530
cb0c31f6-0fd6-46de-af02-5d25005aa5bb,a730d385-0f71-42a3-8b8c-b4195bfa8f1f,89585
0532f619-2dfb-4ed2-8656-ce67a56128aa,06e59082-1be0-4c86-87a5-ccf1f9fea164,124382
d1f46208-0958-4793-bf89-39afc8da5c85,2993ded9-071e-45bc-9b13-accdf5d3ebec,167283
98eab8e7-ae72-4457-9ea0-742b7ae8093d,b54ac68a-3eca-435c-8902-200a1a1b09ff,35160
245f557e-4c75-4015-b6b5-3a52111e716f,96e28973-b877-402f-b3ae-36ec55c8844e,50815
f5a4a30f-bf41-44c8-b3b3-283ffe260a60,400beeb3-50ab-4b56-8775-3b2b07aedbc3,138637
b2063c94-d6ff-4b99-9b1a-191d9fc22602,7d7d78f3-acce-4f6a-9cea-2a3afcde3e8f,282293
b54ac68a-3eca-435c-8902-200a1a1b09ff,e7338740-b7ee-469c-9c74-bee7dd5f18d2,346195
5065fc4a-0d76-4ae7-84f0-b17d57bc7ce8,095d08c2-5199-4d31-a548-12b5955c61a1,160016
5e62c6a4-2bb4-4e1c-8488-e10c7b1c3f63,98eab8e7-ae72-4457-9ea0-742b7ae8093d,218597
5065fc4a-0d76-4ae7-84f0-b17d57bc7ce8,b35a5f3e-d9e7-47bf-a5f8-e8abdc9166c0,212404
32fffa33-1cd7-46d6-8e2e-e98450886d01,04d0fe46-e270-4bf0-b721-ee363d6a6e2f,43418
b31626b2-19f3-473f-8056-240a12f26768,32fffa33-1cd7-46d6-8e2e-e98450886d01,413867
78699c1e-3234-4c39-a2d4-5e6e545dc68e,11e6699e-09c0-4e83-aa27-821896ae0c18,279869
6c6bed17-97db-4220-bcd7-9c74bb5c30a0,22a5a25e-618e-456a-b80a-9cbef2c43460,121951
e313b334-d8e0-4f9d-a841-02495ccfd0d4,21140c1d-976c-4879-8bdc-a2a06014a372,470364
3535f85d-9583-4470-ac4c-9afdc1038270,07f047c6-eec0-4f71-98d8-0b06fac54ea9,63406
0a672532-6002-4b7d-bee3-274a62a9fb5a,07f047c6-eec0-4f71-98d8-0b06fac54ea9,338664
1a445f91-2ead-438a-9157-e2306187972a,4e6f9bb8-78a5-4e09-9673-cce1f5489a5b,481003
1db7abdf-2504-4e24-99b3-3dffe16ee8eb,07f047c6-eec0-4f71-98d8-0b06fac54ea9,281925
f38f3d11-ca55-4e14-9b7a-3c41774011e1,58207bba-605a-4b23-98aa-9ac09a28437f,179319
96e28973-b877-402f-b3ae-36ec55c8844e,3535f85d-9583-4470-ac4c-9afdc1038270,364694
0e73205f-4f6a-4208-ad93-9e5206df13c7,06e59082-1be0-4c86-87a5-ccf1f9fea164,211033
25cf4233-39d3-47dc-bf10-51d2687e74de,245f557e-4c75-4015-b6b5-3a52111e716f,29789
e3dc7114-400f-4423-b05f-d6c737c28279,25cf4233-39d3-47dc-bf10-51d2687e74de,283919
759c268e-84f7-4975-a0d9-19b2cd8f0dde,27a6c30d-3dd4-430c-9b72-6a22b6bc28be,92354
0a672532-6002-4b7d-bee3-274a62a9fb5a,a9b5bf1c-cbe0-4d26-9be9-e219091870fb,206746
384df65c-8611-4041-99a2-9b5a19d87245,5e62c6a4-2bb4-4e1c-8488-e10c7b1c3f63,151927
180627e6-0c19-44ba-82b6-4ec97d3ad85d,25b1246f-0e37-44e9-a053-8fa48c7f8e1e,137516
27a6c30d-3dd4-430c-9b72-6a22b6bc28be,4d871fb3-f0e1-4dc9-8415-2546e8723250,498062
65d47575-b37f-4501-841e-142b28a09398,4b3124e8-5fe8-4c26-8e72-8f6ba2766978,148547
07f047c6-eec0-4f71-98d8-0b06fac54ea9,245f557e-4c75-4015-b6b5-3a52111e716f,421201
cf8d0727-06ae-41b7-a2bf-c14ea6affcfa,310f8c32-4e53-4985-bd1b-6da805a969db,49774
095d08c2-5199-4d31-a548-12b5955c61a1,58207bba-605a-4b23-98aa-9ac09a28437f,392910
11e6699e-09c0-4e83-aa27-821896ae0c18,0305e738-0366-4b59-9641-5036465d07cd,52252
18036c84-0da6-4c1e-9b11-126a55b485c7,c855958a-64c0-4592-b32a-d7a4c8b2b733,221629
6c6bed17-97db-4220-bcd7-9c74bb5c30a0,b2063c94-d6ff-4b99-9b1a-191d9fc22602,164625
32fffa33-1cd7-46d6-8e2e-e98450886d01,01961663-3143-4f5c-92e7-965eec12a0f9,51753
9eddc067-b8c5-418d-8707-e41b27dafb46,87fcf9bd-c496-499a-8ddd-b5f35af99931,53225
385ddbb9-9e74-4532-b04a-de4e304cf8a7,78fd87d1-526d-4b18-8de8-c4c281977037,136152
f38f3d11-ca55-4e14-9b7a-3c41774011e1,d9dbc87f-1fec-4d78-bf2b-ec41887dfd44,142157
cd4373fe-0091-4421-898d-1322bb7921e8,25b1246f-0e37-44e9-a053-8fa48c7f8e1e,314440
5e62c6a4-2bb4-4e1c-8488-e10c7b1c3f63,7d7c80c6-da3d-482a-87d2-4323b489f08b,130771
6603d019-cf11-4464-af83-d73a6114d7d9,cd4373fe-0091-4421-898d-1322bb7921e8,17860
b154fd49-3672-4066-8fe1-a9993e912518,27a6c30d-3dd4-430c-9b72-6a22b6bc28be,25545
15ba1443-4cf1-4367-93b6-60fbb95a5b5e,853a8faf-f277-4783-a080-1a32165bdc6e,211527
a90a0979-3d6a-4c77-b2ce-81ba1f5311a5,48ad0f18-b76e-4483-9afc-cd7e59be5f3a,149223
27a6c30d-3dd4-430c-9b72-6a22b6bc28be,3b07c7ff-6fed-490a-a9e1-f5bafebc6f0b,329108
b154fd49-3672-4066-8fe1-a9993e912518,67a1a352-63c6-43f9-9d71-ce28a20ae21c,16817
a9b5bf1c-cbe0-4d26-9be9-e219091870fb,8c6f7203-3c40-4766-9212-79d89260e8e9,200644
58207bba-605a-4b23-98aa-9ac09a28437f,4130354e-87e6-4255-9189-522263c3027f,17758
6e279e72-004f-470e-8bb4-0999c3fc6164,384df65c-8611-4041-99a2-9b5a19d87245,270612
67a1a352-63c6-43f9-9d71-ce28a20ae21c,fadaa8d2-d11e-48f4-b113-7ae97265e717,14588
6e279e72-004f-470e-8bb4-0999c3fc6164,1277cc00-3031-42e9-bb55-37ca86bbfb7c,301750
78560cc8-0cca-433a-8291-89c80601bf63,5065fc4a-0d76-4ae7-84f0-b17d57bc7ce8,57006
1cf3a191-a526-4d97-a3d3-434d14f60ce3,b2063c94-d6ff-4b99-9b1a-191d9fc22602,213933
3fe4fa6b-719c-428e-ab19-ac1e5a83f0f1,e413f084-e90e-424a-b205-f3dd75142edc,126515
01961663-3143-4f5c-92e7-965eec12a0f9,0e73205f-4f6a-4208-ad93-9e5206df13c7,178110
d7ea63f6-7280-453f-83c2-3f8ddc60ef79,01961663-3143-4f5c-92e7-965eec12a0f9,102357
1db7abdf-2504-4e24-99b3-3dffe16ee8eb,2c754a65-ff58-47e6-85c1-78eb1aca2225,155484
b31626b2-19f3-473f-8056-240a12f26768,464300eb-3855-4132-b377-6fe93a794fee,262509
2130aa47-2aba-4a23-b3ca-a4360325ae32,310f8c32-4e53-4985-bd1b-6da805a969db,206909
b5c5b6ab-0337-4187-afc3-a1ec6230064f,8536988f-ed41-448c-97ce-9555c75abfaa,62483
10949264-8492-44d9-ba5c-65c4b7838df4,0a672532-6002-4b7d-bee3-274a62a9fb5a,100557
29e9ab61-e061-4d94-8cd3-c99446d51c55,853a8faf-f277-4783-a080-1a32165bdc6e,279583
a9b5bf1c-cbe0-4d26-9be9-e219091870fb,9eddc067-b8c5-418d-8707-e41b27dafb46,269939
0532f619-2dfb-4ed2-8656-ce67a56128aa,e313b334-d8e0-4f9d-a841-02495ccfd0d4,161264
400beeb3-50ab-4b56-8775-3b2b07aedbc3,cf8d0727-06ae-41b7-a2bf-c14ea6affcfa,84647
5f9a0ffa-c748-4fbb-95a5-8eab94c05210,5d4da318-295f-43fd-b303-bbd5fc786145,233632
e121b8a7-f238-42b9-8457-181650d599f1,29e9ab61-e061-4d94-8cd3-c99446d51c55,15780
ea73977d-dcbd-4fd4-81c2-5ac84fa64cac,c63bfa5b-d5bb-461c-b9eb-e8744301a90e,133276
f5a4a30f-bf41-44c8-b3b3-283ffe260a60,47cd9c20-4d9e-4b8a-813b-7cf5ccc918cd,396855
9bb7ec36-dda1-4ff9-a738-6f7f2e9f7630,d3f7b752-a107-4df3-9795-14db35826c73,117256
78560cc8-0cca-433a-8291-89c80601bf63,e313b334-d8e0-4f9d-a841-02495ccfd0d4,71437
a9b5bf1c-cbe0-4d26-9be9-e219091870fb,1cf3a191-a526-4d97-a3d3-434d14f60ce3,163686
cce1aaa6-a333-477e-8c63-815bef486b25,2130aa47-2aba-4a23-b3ca-a4360325ae32,227456
3b07c7ff-6fed-490a-a9e1-f5bafebc6f0b,87fcf9bd-c496-499a-8ddd-b5f35af99931,491652
18036c84-0da6-4c1e-9b11-126a55b485c7,65d47575-b37f-4501-841e-142b28a09398,330637
7e557ea8-c91d-46eb-8ca1-0358f43dcabe,1277cc00-3031-42e9-bb55-37ca86bbfb7c,303695
68dd02c1-3e68-4d4d-8773-fe9569808537,67a1a352-63c6-43f9-9d71-ce28a20ae21c,336779
6c6bed17-97db-4220-bcd7-9c74bb5c30a0,c63bfa5b-d5bb-461c-b9eb-e8744301a90e,261076
1ab2769c-a290-4b2f-9e27-da26985f69d8,cf8d0727-06ae-41b7-a2bf-c14ea6affcfa,399972
b391f9a6-4399-4069-9150-100fa9423b03,29e9ab61-e061-4d94-8cd3-c99446d51c55,423236
384df65c-8611-4041-99a2-9b5a19d87245,9bb7ec36-dda1-4ff9-a738-6f7f2e9f7630,150970
e313b334-d8e0-4f9d-a841-02495ccfd0d4,99d5f7aa-2bc3-4aab-be55-528b049579c6,350598
21140c1d-976c-4879-8bdc-a2a06014a372,a8fe04d7-c6e9-4857-be39-37559d653f33,140716
f5a4a30f-bf41-44c8-b3b3-283ffe260a60,27a6c30d-3dd4-430c-9b72-6a22b6bc28be,129413
b154fd49-3672-4066-8fe1-a9993e912518,51d7b18f-7c8c-4230-a198-36ad0e73f79d,67539
2daeec3a-f864-4eba-bdf5-03ccf9feb992,b5c5b6ab-0337-4187-afc3-a1ec6230064f,192474
3b07c7ff-6fed-490a-a9e1-f5bafebc6f0b,464300eb-3855-4132-b377-6fe93a794fee,390081
68dd02c1-3e68-4d4d-8773-fe9569808537,b391f9a6-4399-4069-9150-100fa9423b03,338510
a9b5bf1c-cbe0-4d26-9be9-e219091870fb,6e279e72-004f-470e-8bb4-0999c3fc6164,208580
99d5f7aa-2bc3-4aab-be55-528b049579c6,a44a2fb9-565b-468e-a23d-5956fdd2e744,132833
cd0aac86-7ac4-4828-8feb-b4a36d4f517c,b154fd49-3672-4066-8fe1-a9993e912518,382863
96e28973-b877-402f-b3ae-36ec55c8844e,a8fe04d7-c6e9-4857-be39-37559d653f33,165947
2130aa47-2aba-4a23-b3ca-a4360325ae32,83ca04ab-5096-4031-b64a-163ca57dfb1b,109136
245f557e-4c75-4015-b6b5-3a52111e716f,cd4373fe-0091-4421-898d-1322bb7921e8,198050
0305e738-0366-4b59-9641-5036465d07cd,c855958a-64c0-4592-b32a-d7a4c8b2b733,316277
2c754a65-ff58-47e6-85c1-78eb1aca2225,fadaa8d2-d11e-48f4-b113-7ae97265e717,232328
853a8faf-f277-4783-a080-1a32165bdc6e,cb0c31f6-0fd6-46de-af02-5d25005aa5bb,225785
4e6f9bb8-78a5-4e09-9673-cce1f5489a5b,b154fd49-3672-4066-8fe1-a9993e912518,64707
8a5a20aa-c7aa-4e06-b3af-7285634af283,48ad0f18-b76e-4483-9afc-cd7e59be5f3a,7490
394c6a7f-f4e5-40b8-bf5b-a953d624f184,b2063c94-d6ff-4b99-9b1a-191d9fc22602,118466
5d4da318-295f-43fd-b303-bbd5fc786145,b2063c94-d6ff-4b99-9b1a-191d9fc22602,262218
60daa3ab-6065-4f2b-830b-86b36bb4afe8,78699c1e-3234-4c39-a2d4-5e6e545dc68e,137691
119ea857-b60b-491c-8e01-ab437e50f26e,c855958a-64c0-4592-b32a-d7a4c8b2b733,96065
f38f3d11-ca55-4e14-9b7a-3c41774011e1,99d5f7aa-2bc3-4aab-be55-528b049579c6,416361
06e59082-1be0-4c86-87a5-ccf1f9fea164,5f9a0ffa-c748-4fbb-95a5-8eab94c05210,186007
9eddc067-b8c5-418d-8707-e41b27dafb46,07f047c6-eec0-4f71-98d8-0b06fac54ea9,32156
b154fd49-3672-4066-8fe1-a9993e912518,cd0aac86-7ac4-4828-8feb-b4a36d4f517c,58637
e3dc7114-400f-4423-b05f-d6c737c28279,a8fe04d7-c6e9-4857-be39-37559d653f33,417252
4e6f9bb8-78a5-4e09-9673-cce1f5489a5b,3535f85d-9583-4470-ac4c-9afdc1038270,83569
1a445f91-2ead-438a-9157-e2306187972a,6603d019-cf11-4464-af83-d73a6114d7d9,415847
558c8707-3d8a-4375-8e7e-998395fb46e5,d9dbc87f-1fec-4d78-bf2b-ec41887dfd44,106801
7fba12e8-f336-4a99-a479-dbcb1fc058b8,4b2c12b4-cdf9-4dc2-b23a-09610cc147eb,359395
18036c84-0da6-4c1e-9b11-126a55b485c7,c63bfa5b-d5bb-461c-b9eb-e8744301a90e,411738
51d7b18f-7c8c-4230-a198-36ad0e73f79d,0a48b595-c065-4fc3-81fc-25305be2e919,549315
ea73977d-dcbd-4fd4-81c2-5ac84fa64cac,f38f3d11-ca55-4e14-9b7a-3c41774011e1,56071
78fd87d1-526d-4b18-8de8-c4c281977037,dbc42853-f1be-402c-845f-6452bea1fcf0,33875
1277cc00-3031-42e9-bb55-37ca86bbfb7c,400beeb3-50ab-4b56-8775-3b2b07aedbc3,206942
67a1a352-63c6-43f9-9d71-ce28a20ae21c,8a5a20aa-c7aa-4e06-b3af-7285634af283,30614
ea73977d-dcbd-4fd4-81c2-5ac84fa64cac,394c6a7f-f4e5-40b8-bf5b-a953d624f184,51593
48ad0f18-b76e-4483-9afc-cd7e59be5f3a,0532f619-2dfb-4ed2-8656-ce67a56128aa,210114
cd4373fe-0091-4421-898d-1322bb7921e8,f38f3d11-ca55-4e14-9b7a-3c41774011e1,130029
cb0c31f6-0fd6-46de-af02-5d25005aa5bb,10949264-8492-44d9-ba5c-65c4b7838df4,121900
cd0aac86-7ac4-4828-8feb-b4a36d4f517c,b31626b2-19f3-473f-8056-240a12f26768,120565
b54ac68a-3eca-435c-8902-200a1a1b09ff,a43c454e-eaae-4ccf-ba48-24cf178c0031,217666
b2063c94-d6ff-4b99-9b1a-191d9fc22602,b154fd49-3672-4066-8fe1-a9993e912518,307824
28be9ff8-6e8b-486b-bf5d-0d5f62c0c810,e7338740-b7ee-469c-9c74-bee7dd5f18d2,293164
095d08c2-5199-4d31-a548-12b5955c61a1,c63bfa5b-d5bb-461c-b9eb-e8744301a90e,363237
78fd87d1-526d-4b18-8de8-c4c281977037,0a48b595-c065-4fc3-81fc-25305be2e919,28591
4b2c12b4-cdf9-4dc2-b23a-09610cc147eb,2130aa47-2aba-4a23-b3ca-a4360325ae32,104403
ea73977d-dcbd-4fd4-81c2-5ac84fa64cac,b31626b2-19f3-473f-8056-240a12f26768,45527
b391f9a6-4399-4069-9150-100fa9423b03,78fd87d1-526d-4b18-8de8-c4c281977037,348877
7cc6cfa4-c1e9-494a-986b-bbf607bc5550,5e62c6a4-2bb4-4e1c-8488-e10c7b1c3f63,283599
04d0fe46-e270-4bf0-b721-ee363d6a6e2f,48ad0f18-b76e-4483-9afc-cd7e59be5f3a,383690
0305e738-0366-4b59-9641-5036465d07cd,0e73205f-4f6a-4208-ad93-9e5206df13c7,137704
b55783b5-489c-4878-a0aa-c81825d0ae80,0e73205f-4f6a-4208-ad93-9e5206df13c7,61980
3628d3b6-b07f-41cd-8c09-8c99afa414ba,15ba1443-4cf1-4367-93b6-60fbb95a5b5e,498947
cf8d0727-06ae-41b7-a2bf-c14ea6affcfa,6c6bed17-97db-4220-bcd7-9c74bb5c30a0,56590
7cc6cfa4-c1e9-494a-986b-bbf607bc5550,cf8d0727-06ae-41b7-a2bf-c14ea6affcfa,297198
4e6f9bb8-78a5-4e09-9673-cce1f5489a5b,21140c1d-976c-4879-8bdc-a2a06014a372,66253
5d4da318-295f-43fd-b303-bbd5fc786145,01961663-3143-4f5c-92e7-965eec12a0f9,253971
310f8c32-4e53-4985-bd1b-6da805a969db,2130aa47-2aba-4a23-b3ca-a4360325ae32,48467
2993ded9-071e-45bc-9b13-accdf5d3ebec,3fe4fa6b-719c-428e-ab19-ac1e5a83f0f1,3262
25b1246f-0e37-44e9-a053-8fa48c7f8e1e,1cf3a191-a526-4d97-a3d3-434d14f60ce3,94102
2130aa47-2aba-4a23-b3ca-a4360325ae32,18036c84-0da6-4c1e-9b11-126a55b485c7,216149
b31626b2-19f3-473f-8056-240a12f26768,64afb508-3fdb-4f14-a721-040f46ad6d54,401892
45e57df9-772b-40ca-aafc-898162c69844,7cc6cfa4-c1e9-494a-986b-bbf607bc5550,279464
b55783b5-489c-4878-a0aa-c81825d0ae80,6e279e72-004f-470e-8bb4-0999c3fc6164,50939
1ab2769c-a290-4b2f-9e27-da26985f69d8,87d34d56-3bfc-4b8e-b3cf-5f8fc1df2732,185805
310f8c32-4e53-4985-bd1b-6da805a969db,b5c5b6ab-0337-4187-afc3-a1ec6230064f,99968
e3dc7114-400f-4423-b05f-d6c737c28279,4e6f9bb8-78a5-4e09-9673-cce1f5489a5b,299386
d59927c9-8f84-405f-b928-2ec21f8c6eb1,fadaa8d2-d11e-48f4-b113-7ae97265e717,124089
9eddc067-b8c5-418d-8707-e41b27dafb46,11e6699e-09c0-4e83-aa27-821896ae0c18,23163
1cf3a191-a526-4d97-a3d3-434d14f60ce3,3535f85d-9583-4470-ac4c-9afdc1038270,90467
2c754a65-ff58-47e6-85c1-78eb1aca2225,9303996d-4078-4c79-80db-6a3eaa36104a,259565
e413f084-e90e-424a-b205-f3dd75142edc,54835b8a-a27f-4145-a0f6-df40badc1d0e,34684
96e28973-b877-402f-b3ae-36ec55c8844e,095d08c2-5199-4d31-a548-12b5955c61a1,477986
7e557ea8-c91d-46eb-8ca1-0358f43dcabe,a730d385-0f71-42a3-8b8c-b4195bfa8f1f,145217
87fcf9bd-c496-499a-8ddd-b5f35af99931,e7338740-b7ee-469c-9c74-bee7dd5f18d2,142525
4b2c12b4-cdf9-4dc2-b23a-09610cc147eb,759c268e-84f7-4975-a0d9-19b2cd8f0dde,204280
1277cc00-3031-42e9-bb55-37ca86bbfb7c,96e28973-b877-402f-b3ae-36ec55c8844e,118702
d1f46208-0958-4793-bf89-39afc8da5c85,9bb7ec36-dda1-4ff9-a738-6f7f2e9f7630,196481
07f047c6-eec0-4f71-98d8-0b06fac54ea9,464300eb-3855-4132-b377-6fe93a794fee,201151
6e279e72-004f-470e-8bb4-0999c3fc6164,b31626b2-19f3-473f-8056-240a12f26768,298397
1ab2769c-a290-4b2f-9e27-da26985f69d8,558c8707-3d8a-4375-8e7e-998395fb46e5,292788
4b2c12b4-cdf9-4dc2-b23a-09610cc147eb,cd4373fe-0091-4421-898d-1322bb7921e8,514341
8536988f-ed41-448c-97ce-9555c75abfaa,54835b8a-a27f-4145-a0f6-df40badc1d0e,120697
06e59082-1be0-4c86-87a5-ccf1f9fea164,78699c1e-3234-4c39-a2d4-5e6e545dc68e,277126
245f557e-4c75-4015-b6b5-3a52111e716f,b55783b5-489c-4878-a0aa-c81825d0ae80,126871
96e28973-b877-402f-b3ae-36ec55c8844e,87fcf9bd-c496-499a-8ddd-b5f35af99931,130893
8c6f7203-3c40-4766-9212-79d89260e8e9,b5c5b6ab-0337-4187-afc3-a1ec6230064f,362105
0e73205f-4f6a-4208-ad93-9e5206df13c7,7d7c80c6-da3d-482a-87d2-4323b489f08b,216513
cd4373fe-0091-4421-898d-1322bb7921e8,2993ded9-071e-45bc-9b13-accdf5d3ebec,369730
1db7abdf-2504-4e24-99b3-3dffe16ee8eb,e3dc7114-400f-4423-b05f-d6c737c28279,316953
21140c1d-976c-4879-8bdc-a2a06014a372,db21b201-6b2e-4e52-ad8d-d44123fc5c63,53520
0305e738-0366-4b59-9641-5036465d07cd,b2063c94-d6ff-4b99-9b1a-191d9fc22602,188931
db21b201-6b2e-4e52-ad8d-d44123fc5c63,8c6f7203-3c40-4766-9212-79d89260e8e9,45156
d3f7b752-a107-4df3-9795-14db35826c73,54d734a2-73fa-4c9d-8cf3-7a39eaef3b2d,283605
a730d385-0f71-42a3-8b8c-b4195bfa8f1f,b391f9a6-4399-4069-9150-100fa9423b03,383916
b5c5b6ab-0337-4187-afc3-a1ec6230064f,3535f85d-9583-4470-ac4c-9afdc1038270,67977
67a1a352-63c6-43f9-9d71-ce28a20ae21c,5065fc4a-0d76-4ae7-84f0-b17d57bc7ce8,37889
f5a4a30f-bf41-44c8-b3b3-283ffe260a60,78560cc8-0cca-433a-8291-89c80601bf63,139047
b5dc2142-0bad-4987-be8e-d11f22d9ea51,759c268e-84f7-4975-a0d9-19b2cd8f0dde,410943
2c754a65-ff58-47e6-85c1-78eb1aca2225,98eab8e7-ae72-4457-9ea0-742b7ae8093d,57663
48ad0f18-b76e-4483-9afc-cd7e59be5f3a,4130354e-87e6-4255-9189-522263c3027f,289067
98eab8e7-ae72-4457-9ea0-742b7ae8093d,b154fd49-3672-4066-8fe1-a9993e912518,50743
8536988f-ed41-448c-97ce-9555c75abfaa,78fd87d1-526d-4b18-8de8-c4c281977037,122101
2daeec3a-f864-4eba-bdf5-03ccf9feb992,87d34d56-3bfc-4b8e-b3cf-5f8fc1df2732,182391
15ba1443-4cf1-4367-93b6-60fbb95a5b5e,60daa3ab-6065-4f2b-830b-86b36bb4afe8,172666
cce1aaa6-a333-477e-8c63-815bef486b25,db21b201-6b2e-4e52-ad8d-d44123fc5c63,231193
464300eb-3855-4132-b377-6fe93a794fee,b55783b5-489c-4878-a0aa-c81825d0ae80,205678
759c268e-84f7-4975-a0d9-19b2cd8f0dde,3535f85d-9583-4470-ac4c-9afdc1038270,238038
db21b201-6b2e-4e52-ad8d-d44123fc5c63,384df65c-8611-4041-99a2-9b5a19d87245,33469
d9dbc87f-1fec-4d78-bf2b-ec41887dfd44,c855958a-64c0-4592-b32a-d7a4c8b2b733,223568
2c754a65-ff58-47e6-85c1-78eb1aca2225,85b8f4a0-8132-49e1-8991-32d3b09d6b71,114932
e121b8a7-f238-42b9-8457-181650d599f1,12ff259b-fcec-4111-8a3e-92f1b34ef005,8455
ea73977d-dcbd-4fd4-81c2-5ac84fa64cac,b2063c94-d6ff-4b99-9b1a-191d9fc22602,112534
45e57df9-772b-40ca-aafc-898162c69844,01961663-3143-4f5c-92e7-965eec12a0f9,340113
67a1a352-63c6-43f9-9d71-ce28a20ae21c,3628d3b6-b07f-41cd-8c09-8c99afa414ba,51998
dbc42853-f1be-402c-845f-6452bea1fcf0,5e62c6a4-2bb4-4e1c-8488-e10c7b1c3f63,490477
47cd9c20-4d9e-4b8a-813b-7cf5ccc918cd,385ddbb9-9e74-4532-b04a-de4e304cf8a7,71783
464300eb-3855-4132-b377-6fe93a794fee,2c754a65-ff58-47e6-85c1-78eb1aca2225,76239
cf8d0727-06ae-41b7-a2bf-c14ea6affcfa,7cc6cfa4-c1e9-494a-986b-bbf607bc5550,57517
45e57df9-772b-40ca-aafc-898162c69844,cce1aaa6-a333-477e-8c63-815bef486b25,162706
db21b201-6b2e-4e52-ad8d-d44123fc5c63,1cf3a191-a526-4d97-a3d3-434d14f60ce3,28124
8c6f7203-3c40-4766-9212-79d89260e8e9,c855958a-64c0-4592-b32a-d7a4c8b2b733,385804
10949264-8492-44d9-ba5c-65c4b7838df4,07f047c6-eec0-4f71-98d8-0b06fac54ea9,221590
a8fe04d7-c6e9-4857-be39-37559d653f33,8c6f7203-3c40-4766-9212-79d89260e8e9,36137
87fcf9bd-c496-499a-8ddd-b5f35af99931,db21b201-6b2e-4e52-ad8d-d44123fc5c63,104146
5d4da318-295f-43fd-b303-bbd5fc786145,2c9eb637-701c-47c0-86f9-52df6517d923,268427
12ff259b-fcec-4111-8a3e-92f1b34ef005,07f047c6-eec0-4f71-98d8-0b06fac54ea9,78396
87d34d56-3bfc-4b8e-b3cf-5f8fc1df2732,b54ac68a-3eca-435c-8902-200a1a1b09ff,309791
cf8d0727-06ae-41b7-a2bf-c14ea6affcfa,4130354e-87e6-4255-9189-522263c3027f,62479
45e57df9-772b-40ca-aafc-898162c69844,8a5a20aa-c7aa-4e06-b3af-7285634af283,356048
3b07c7ff-6fed-490a-a9e1-f5bafebc6f0b,3fe4fa6b-719c-428e-ab19-ac1e5a83f0f1,442793
d9dbc87f-1fec-4d78-bf2b-ec41887dfd44,7d7d78f3-acce-4f6a-9cea-2a3afcde3e8f,138756
c855958a-64c0-4592-b32a-d7a4c8b2b733,a730d385-0f71-42a3-8b8c-b4195bfa8f1f,323871
b31626b2-19f3-473f-8056-240a12f26768,4e6f9bb8-78a5-4e09-9673-cce1f5489a5b,451967
b2063c94-d6ff-4b99-9b1a-191d9fc22602,b54ac68a-3eca-435c-8902-200a1a1b09ff,102920
b2063c94-d6ff-4b99-9b1a-191d9fc22602,e413f084-e90e-424a-b205-f3dd75142edc,168067
60daa3ab-6065-4f2b-830b-86b36bb4afe8,3fe4fa6b-719c-428e-ab19-ac1e5a83f0f1,279530
2130aa47-2aba-4a23-b3ca-a4360325ae32,4130354e-87e6-4255-9189-522263c3027f,175297
51d7b18f-7c8c-4230-a198-36ad0e73f79d,b154fd49-3672-4066-8fe1-a9993e912518,304535
dbc42853-f1be-402c-845f-6452bea1fcf0,1277cc00-3031-42e9-bb55-37ca86bbfb7c,105889
1dc801b8-53d9-46a5-85fd-164140883dd0,51d7b18f-7c8c-4230-a198-36ad0e73f79d,307731
d3f7b752-a107-4df3-9795-14db35826c73,9303996d-4078-4c79-80db-6a3eaa36104a,394059
a8a3a809-1348-41fe-b334-afa6e29e0493,83ca04ab-5096-4031-b64a-163ca57dfb1b,205150
d59927c9-8f84-405f-b928-2ec21f8c6eb1,9bb7ec36-dda1-4ff9-a738-6f7f2e9f7630,121162
e3dc7114-400f-4423-b05f-d6c737c28279,2993ded9-071e-45bc-9b13-accdf5d3ebec,301340
a43c454e-eaae-4ccf-ba48-24cf178c0031,095d08c2-5199-4d31-a548-12b5955c61a1,6054
2993ded9-071e-45bc-9b13-accdf5d3ebec,3b07c7ff-6fed-490a-a9e1-f5bafebc6f0b,6518
cce1aaa6-a333-477e-8c63-815bef486b25,48ad0f18-b76e-4483-9afc-cd7e59be5f3a,81132
e731b69c-eeaf-4cae-8db6-e0cb7a703579,21140c1d-976c-4879-8bdc-a2a06014a372,36248
10949264-8492-44d9-ba5c-65c4b7838df4,11e6699e-09c0-4e83-aa27-821896ae0c18,263881
cd0aac86-7ac4-4828-8feb-b4a36d4f517c,0305e738-0366-4b59-9641-5036465d07cd,294422
51d7b18f-7c8c-4230-a198-36ad0e73f79d,64afb508-3fdb-4f14-a721-040f46ad6d54,159848
4b3124e8-5fe8-4c26-8e72-8f6ba2766978,28be9ff8-6e8b-486b-bf5d-0d5f62c0c810,410676
394c6a7f-f4e5-40b8-bf5b-a953d624f184,b31626b2-19f3-473f-8056-240a12f26768,241348
2c754a65-ff58-47e6-85c1-78eb1aca2225,5f9a0ffa-c748-4fbb-95a5-8eab94c05210,141846
cb0c31f6-0fd6-46de-af02-5d25005aa5bb,f38f3d11-ca55-4e14-9b7a-3c41774011e1,273320
e413f084-e90e-424a-b205-f3dd75142edc,25cf4233-39d3-47dc-bf10-51d2687e74de,19510
7cc6cfa4-c1e9-494a-986b-bbf607bc5550,7d7c80c6-da3d-482a-87d2-4323b489f08b,124024
78fd87d1-526d-4b18-8de8-c4c281977037,2c9eb637-701c-47c0-86f9-52df6517d923,10661
58207bba-605a-4b23-98aa-9ac09a28437f,b35a5f3e-d9e7-47bf-a5f8-e8abdc9166c0,16749
78699c1e-3234-4c39-a2d4-5e6e545dc68e,60daa3ab-6065-4f2b-830b-86b36bb4afe8,234124
78699c1e-3234-4c39-a2d4-5e6e545dc68e,87d34d56-3bfc-4b8e-b3cf-5f8fc1df2732,163922
7d7d78f3-acce-4f6a-9cea-2a3afcde3e8f,8a5a20aa-c7aa-4e06-b3af-7285634af283,9654
4e6f9bb8-78a5-4e09-9673-cce1f5489a5b,04d0fe46-e270-4bf0-b721-ee363d6a6e2f,184894
e731b69c-eeaf-4cae-8db6-e0cb7a703579,25b1246f-0e37-44e9-a053-8fa48c7f8e1e,60187
a8a3a809-1348-41fe-b334-afa6e29e0493,04d0fe46-e270-4bf0-b721-ee363d6a6e2f,520273
ea73977d-dcbd-4fd4-81c2-5ac84fa64cac,9303996d-4078-4c79-80db-6a3eaa36104a,48539
cd0aac86-7ac4-4828-8feb-b4a36d4f517c,e313b334-d8e0-4f9d-a841-02495ccfd0d4,118699
07f047c6-eec0-4f71-98d8-0b06fac54ea9,4b2c12b4-cdf9-4dc2-b23a-09610cc147eb,404693
a730d385-0f71-42a3-8b8c-b4195bfa8f1f,759c268e-84f7-4975-a0d9-19b2cd8f0dde,391337
f52dd1ff-6bbf-4473-8f2f-718db4a10f87,0a672532-6002-4b7d-bee3-274a62a9fb5a,180273
51d7b18f-7c8c-4230-a198-36ad0e73f79d,8a5a20aa-c7aa-4e06-b3af-7285634af283,478978
11e6699e-09c0-4e83-aa27-821896ae0c18,1cf3a191-a526-4d97-a3d3-434d14f60ce3,29390
1a445f91-2ead-438a-9157-e2306187972a,e413f084-e90e-424a-b205-f3dd75142edc,182872
78699c1e-3234-4c39-a2d4-5e6e545dc68e,78fd87d1-526d-4b18-8de8-c4c281977037,318670
a8fe04d7-c6e9-4857-be39-37559d653f33,4b2c12b4-cdf9-4dc2-b23a-09610cc147eb,157585
9303996d-4078-4c79-80db-6a3eaa36104a,1db7abdf-2504-4e24-99b3-3dffe16ee8eb,310848
cd0aac86-7ac4-4828-8feb-b4a36d4f517c,4b2c12b4-cdf9-4dc2-b23a-09610cc147eb,317312
78fd87d1-526d-4b18-8de8-c4c281977037,85b8f4a0-8132-49e1-8991-32d3b09d6b71,19659
8536988f-ed41-448c-97ce-9555c75abfaa,87d34d56-3bfc-4b8e-b3cf-5f8fc1df2732,176354
fadaa8d2-d11e-48f4-b113-7ae97265e717,3fe4fa6b-719c-428e-ab19-ac1e5a83f0f1,32903
8a5a20aa-c7aa-4e06-b3af-7285634af283,400beeb3-50ab-4b56-8775-3b2b07aedbc3,5227
b31626b2-19f3-473f-8056-240a12f26768,a8fe04d7-c6e9-4857-be39-37559d653f33,113015
21140c1d-976c-4879-8bdc-a2a06014a372,78699c1e-3234-4c39-a2d4-5e6e545dc68e,187352
e7338740-b7ee-469c-9c74-bee7dd5f18d2,54d734a2-73fa-4c9d-8cf3-7a39eaef3b2d,327316
b55783b5-489c-4878-a0aa-c81825d0ae80,cd0aac86-7ac4-4828-8feb-b4a36d4f517c,60661
119ea857-b60b-491c-8e01-ab437e50f26e,b2063c94-d6ff-4b99-9b1a-191d9fc22602,251493
9eddc067-b8c5-418d-8707-e41b27dafb46,68dd02c1-3e68-4d4d-8773-fe9569808537,62862
8a5a20aa-c7aa-4e06-b3af-7285634af283,29e9ab61-e061-4d94-8cd3-c99446d51c55,1997
5e62c6a4-2bb4-4e1c-8488-e10c7b1c3f63,f5a4a30f-bf41-44c8-b3b3-283ffe260a60,195059
5d4da318-295f-43fd-b303-bbd5fc786145,400beeb3-50ab-4b56-8775-3b2b07aedbc3,211427
c9fc8fa1-ca0e-4b1e-904c-80e5d80b2e39,3b07c7ff-6fed-490a-a9e1-f5bafebc6f0b,271705
b5dc2142-0bad-4987-be8e-d11f22d9ea51,385ddbb9-9e74-4532-b04a-de4e304cf8a7,521340
51d7b18f-7c8c-4230-a198-36ad0e73f79d,b391f9a6-4399-4069-9150-100fa9423b03,277544
b391f9a6-4399-4069-9150-100fa9423b03,78560cc8-0cca-433a-8291-89c80601bf63,500554
5d4da318-295f-43fd-b303-bbd5fc786145,2c9eb637-701c-47c0-86f9-52df6517d923,169536
f38f3d11-ca55-4e14-9b7a-3c41774011e1,25b1246f-0e37-44e9-a053-8fa48c7f8e1e,368270
fadaa8d2-d11e-48f4-b113-7ae97265e717,3628d3b6-b07f-41cd-8c09-8c99afa414ba,68356
0a48b595-c065-4fc3-81fc-25305be2e919,d3f7b752-a107-4df3-9795-14db35826c73,235094
4e6f9bb8-78a5-4e09-9673-cce1f5489a5b,0532f619-2dfb-4ed2-8656-ce67a56128aa,154015
cb0c31f6-0fd6-46de-af02-5d25005aa5bb,d59927c9-8f84-405f-b928-2ec21f8c6eb1,221458
5e62c6a4-2bb4-4e1c-8488-e10c7b1c3f63,f38f3d11-ca55-4e14-9b7a-3c41774011e1,196033
1dc801b8-53d9-46a5-85fd-164140883dd0,99d5f7aa-2bc3-4aab-be55-528b049579c6,123447
b35a5f3e-d9e7-47bf-a5f8-e8abdc9166c0,4130354e-87e6-4255-9189-522263c3027f,107422
245f557e-4c75-4015-b6b5-3a52111e716f,64afb508-3fdb-4f14-a721-040f46ad6d54,182479
1db7abdf-2504-4e24-99b3-3dffe16ee8eb,4e6f9bb8-78a5-4e09-9673-cce1f5489a5b,226592
c855958a-64c0-4592-b32a-d7a4c8b2b733,68dd02c1-3e68-4d4d-8773-fe9569808537,171782
b154fd49-3672-4066-8fe1-a9993e912518,25b1246f-0e37-44e9-a053-8fa48c7f8e1e,48618
68dd02c1-3e68-4d4d-8773-fe9569808537,4d871fb3-f0e1-4dc9-8415-2546e8723250,119400
9bb7ec36-dda1-4ff9-a738-6f7f2e9f7630,b154fd49-3672-4066-8fe1-a9993e912518,260097
e3dc7114-400f-4423-b05f-d6c737c28279,a8fe04d7-c6e9-4857-be39-37559d653f33,314443
f52dd1ff-6bbf-4473-8f2f-718db4a10f87,384df65c-8611-4041-99a2-9b5a19d87245,115665
b54ac68a-3eca-435c-8902-200a1a1b09ff,6c6bed17-97db-4220-bcd7-9c74bb5c30a0,226352
dbc42853-f1be-402c-845f-6452bea1fcf0,d1f46208-0958-4793-bf89-39afc8da5c85,293874
c63bfa5b-d5bb-461c-b9eb-e8744301a90e,e3dc7114-400f-4423-b05f-d6c737c28279,120267
0a672532-6002-4b7d-bee3-274a62a9fb5a,394c6a7f-f4e5-40b8-bf5b-a953d624f184,92915
22a5a25e-618e-456a-b80a-9cbef2c43460,3fe4fa6b-719c-428e-ab19-ac1e5a83f0f1,11017
db21b201-6b2e-4e52-ad8d-d44123fc5c63,b2063c94-d6ff-4b99-9b1a-191d9fc22602,58715
759c268e-84f7-4975-a0d9-19b2cd8f0dde,c855958a-64c0-4592-b32a-d7a4c8b2b733,191540
e7338740-b7ee-469c-9c74-bee7dd5f18d2,5065fc4a-0d76-4ae7-84f0-b17d57bc7ce8,310445
f38f3d11-ca55-4e14-9b7a-3c41774011e1,21140c1d-976c-4879-8bdc-a2a06014a372,384124
9bb7ec36-dda1-4ff9-a738-6f7f2e9f7630,dbc42853-f1be-402c-845f-6452bea1fcf0,100689
98eab8e7-ae72-4457-9ea0-742b7ae8093d,2c754a65-ff58-47e6-85c1-78eb1aca2225,59958
12ff259b-fcec-4111-8a3e-92f1b34ef005,7e557ea8-c91d-46eb-8ca1-0358f43dcabe,321988
1a445f91-2ead-438a-9157-e2306187972a,e7338740-b7ee-469c-9c74-bee7dd5f18d2,529799
c855958a-64c0-4592-b32a-d7a4c8b2b733,245f557e-4c75-4015-b6b5-3a52111e716f,281807
a43c454e-eaae-4ccf-ba48-24cf178c0031,e7338740-b7ee-469c-9c74-bee7dd5f18d2,4502
ea73977d-dcbd-4fd4-81c2-5ac84fa64cac,7fba12e8-f336-4a99-a479-dbcb1fc058b8,31706
e121b8a7-f238-42b9-8457-181650d599f1,08610465-eb20-4cef-a770-ee3cd8e75508,10602
0e73205f-4f6a-4208-ad93-9e5206df13c7,b35a5f3e-d9e7-47bf-a5f8-e8abdc9166c0,391974
b35a5f3e-d9e7-47bf-a5f8-e8abdc9166c0,cd0aac86-7ac4-4828-8feb-b4a36d4f517c,59083
1ab2769c-a290-4b2f-9e27-da26985f69d8,b2063c94-d6ff-4b99-9b1a-191d9fc22602,194179
a730d385-0f71-42a3-8b8c-b4195bfa8f1f,6603d019-cf11-4464-af83-d73a6114d7d9,104836
db21b201-6b2e-4e52-ad8d-d44123fc5c63,cd0aac86-7ac4-4828-8feb-b4a36d4f517c,114331
64afb508-3fdb-4f14-a721-040f46ad6d54,7e557ea8-c91d-46eb-8ca1-0358f43dcabe,267761
a730d385-0f71-42a3-8b8c-b4195bfa8f1f,48ad0f18-b76e-4483-9afc-cd7e59be5f3a,397812
10949264-8492-44d9-ba5c-65c4b7838df4,25b1246f-0e37-44e9-a053-8fa48c7f8e1e,311770
21140c1d-976c-4879-8bdc-a2a06014a372,c855958a-64c0-4592-b32a-d7a4c8b2b733,156802
5e62c6a4-2bb4-4e1c-8488-e10c7b1c3f63,64afb508-3fdb-4f14-a721-040f46ad6d54,168541
96e28973-b877-402f-b3ae-36ec55c8844e,853a8faf-f277-4783-a080-1a32165bdc6e,95786
2130aa47-2aba-4a23-b3ca-a4360325ae32,15ba1443-4cf1-4367-93b6-60fbb95a5b5e,114509
4b3124e8-5fe8-4c26-8e72-8f6ba2766978,01961663-3143-4f5c-92e7-965eec12a0f9,125411
fadaa8d2-d11e-48f4-b113-7ae97265e717,a44a2fb9-565b-468e-a23d-5956fdd2e744,35710
8a5a20aa-c7aa-4e06-b3af-7285634af283,7d7c80c6-da3d-482a-87d2-4323b489f08b,7098
27a6c30d-3dd4-430c-9b72-6a22b6bc28be,7e557ea8-c91d-46eb-8ca1-0358f43dcabe,119294
1cf3a191-a526-4d97-a3d3-434d14f60ce3,87d34d56-3bfc-4b8e-b3cf-5f8fc1df2732,214505
28be9ff8-6e8b-486b-bf5d-0d5f62c0c810,464300eb-3855-4132-b377-6fe93a794fee,146287
1ab2769c-a290-4b2f-9e27-da26985f69d8,21140c1d-976c-4879-8bdc-a2a06014a372,246331
60daa3ab-6065-4f2b-830b-86b36bb4afe8,f38f3d11-ca55-4e14-9b7a-3c41774011e1,354828
54835b8a-a27f-4145-a0f6-df40badc1d0e,85b8f4a0-8132-49e1-8991-32d3b09d6b71,148336
759c268e-84f7-4975-a0d9-19b2cd8f0dde,f5a4a30f-bf41-44c8-b3b3-283ffe260a60,129655
54d734a2-73fa-4c9d-8cf3-7a39eaef3b2d,04d0fe46-e270-4bf0-b721-ee363d6a6e2f,46641
095d08c2-5199-4d31-a548-12b5955c61a1,ea73977d-dcbd-4fd4-81c2-5ac84fa64cac,101142
1a445f91-2ead-438a-9157-e2306187972a,e7338740-b7ee-469c-9c74-bee7dd5f18d2,117106
87d34d56-3bfc-4b8e-b3cf-5f8fc1df2732,1ab2769c-a290-4b2f-9e27-da26985f69d8,264720
5e62c6a4-2bb4-4e1c-8488-e10c7b1c3f63,7d7c80c6-da3d-482a-87d2-4323b489f08b,182600
3fe4fa6b-719c-428e-ab19-ac1e5a83f0f1,a8fe04d7-c6e9-4857-be39-37559d653f33,149585
b154fd49-3672-4066-8fe1-a9993e912518,d59927c9-8f84-405f-b928-2ec21f8c6eb1,27542
dbc42853-f1be-402c-845f-6452bea1fcf0,6e279e72-004f-470e-8bb4-0999c3fc6164,317899
60daa3ab-6065-4f2b-830b-86b36bb4afe8,29e9ab61-e061-4d94-8cd3-c99446d51c55,207291
4d871fb3-f0e1-4dc9-8415-2546e8723250,10949264-8492-44d9-ba5c-65c4b7838df4,316702
64afb508-3fdb-4f14-a721-040f46ad6d54,8a1eb4a2-9b78-44bf-bb1e-2556e0dab34c,344009
b5dc2142-0bad-4987-be8e-d11f22d9ea51,18036c84-0da6-4c1e-9b11-126a55b485c7,336834
8a5a20aa-c7aa-4e06-b3af-7285634af283,7d7d78f3-acce-4f6a-9cea-2a3afcde3e8f,4032
6603d019-cf11-4464-af83-d73a6114d7d9,9bb7ec36-dda1-4ff9-a738-6f7f2e9f7630,17157
9eddc067-b8c5-418d-8707-e41b27dafb46,6603d019-cf11-4464-af83-d73a6114d7d9,57984
e3dc7114-400f-4423-b05f-d6c737c28279,853a8faf-f277-4783-a080-1a32165bdc6e,317106
3535f85d-9583-4470-ac4c-9afdc1038270,96e28973-b877-402f-b3ae-36ec55c8844e,84100
65d47575-b37f-4501-841e-142b28a09398,c9fc8fa1-ca0e-4b1e-904c-80e5d80b2e39,115351
180627e6-0c19-44ba-82b6-4ec97d3ad85d,b391f9a6-4399-4069-9150-100fa9423b03,189036
1dc801b8-53d9-46a5-85fd-164140883dd0,0a672532-6002-4b7d-bee3-274a62a9fb5a,482755
d3f7b752-a107-4df3-9795-14db35826c73,e3dc7114-400f-4423-b05f-d6c737c28279,265931
9bb7ec36-dda1-4ff9-a738-6f7f2e9f7630,a8a3a809-1348-41fe-b334-afa6e29e0493,191144
67a1a352-63c6-43f9-9d71-ce28a20ae21c,759c268e-84f7-4975-a0d9-19b2cd8f0dde,29416
f5a4a30f-bf41-44c8-b3b3-283ffe260a60,b391f9a6-4399-4069-9150-100fa9423b03,168084
4b2c12b4-cdf9-4dc2-b23a-09610cc147eb,2130aa47-2aba-4a23-b3ca-a4360325ae32,259787
b2063c94-d6ff-4b99-9b1a-191d9fc22602,15ba1443-4cf1-4367-93b6-60fbb95a5b5e,190386
29e9ab61-e061-4d94-8cd3-c99446d51c55,6603d019-cf11-4464-af83-d73a6114d7d9,340963
58207bba-605a-4b23-98aa-9ac09a28437f,119ea857-b60b-491c-8e01-ab437e50f26e,14927
cf8d0727-06ae-41b7-a2bf-c14ea6affcfa,e313b334-d8e0-4f9d-a841-02495ccfd0d4,100205
3fe4fa6b-719c-428e-ab19-ac1e5a83f0f1,3535f85d-9583-4470-ac4c-9afdc1038270,45262
28be9ff8-6e8b-486b-bf5d-0d5f62c0c810,384df65c-8611-4041-99a2-9b5a19d87245,409849
9303996d-4078-4c79-80db-6a3eaa36104a,3535f85d-9583-4470-ac4c-9afdc1038270,142872
6e279e72-004f-470e-8bb4-0999c3fc6164,e3dc7114-400f-4423-b05f-d6c737c28279,400108
f38f3d11-ca55-4e14-9b7a-3c41774011e1,cce1aaa6-a333-477e-8c63-815bef486b25,278862
99d5f7aa-2bc3-4aab-be55-528b049579c6,e121b8a7-f238-42b9-8457-181650d599f1,311767
78fd87d1-526d-4b18-8de8-c4c281977037,b2063c94-d6ff-4b99-9b1a-191d9fc22602,17279
ea73977d-dcbd-4fd4-81c2-5ac84fa64cac,7d7d78f3-acce-4f6a-9cea-2a3afcde3e8f,32422
759c268e-84f7-4975-a0d9-19b2cd8f0dde,c855958a-64c0-4592-b32a-d7a4c8b2b733,287492
b35a5f3e-d9e7-47bf-a5f8-e8abdc9166c0,04d0fe46-e270-4bf0-b721-ee363d6a6e2f,94872
1cf3a191-a526-4d97-a3d3-434d14f60ce3,99d5f7aa-2bc3-4aab-be55-528b049579c6,328239
7fba12e8-f336-4a99-a479-dbcb1fc058b8,48ad0f18-b76e-4483-9afc-cd7e59be5f3a,401839
0e73205f-4f6a-4208-ad93-9e5206df13c7,1a445f91-2ead-438a-9157-e2306187972a,520034
384df65c-8611-4041-99a2-9b5a19d87245,25b1246f-0e37-44e9-a053-8fa48c7f8e1e,96250
47cd9c20-4d9e-4b8a-813b-7cf5ccc918cd,0a48b595-c065-4fc3-81fc-25305be2e919,81614
e731b69c-eeaf-4cae-8db6-e0cb7a703579,5e62c6a4-2bb4-4e1c-8488-e10c7b1c3f63,49888
67a1a352-63c6-43f9-9d71-ce28a20ae21c,f52dd1ff-6bbf-4473-8f2f-718db4a10f87,52805
5f9a0ffa-c748-4fbb-95a5-8eab94c05210,b5c5b6ab-0337-4187-afc3-a1ec6230064f,207078
15ba1443-4cf1-4367-93b6-60fbb95a5b5e,cd4373fe-0091-4421-898d-1322bb7921e8,523268
2c9eb637-701c-47c0-86f9-52df6517d923,83ca04ab-5096-4031-b64a-163ca57dfb1b,206552
54835b8a-a27f-4145-a0f6-df40badc1d0e,85b8f4a0-8132-49e1-8991-32d3b09d6b71,129129
e413f084-e90e-424a-b205-f3dd75142edc,400beeb3-50ab-4b56-8775-3b2b07aedbc3,18467
21140c1d-976c-4879-8bdc-a2a06014a372,f38f3d11-ca55-4e14-9b7a-3c41774011e1,211502
b55783b5-489c-4878-a0aa-c81825d0ae80,5e62c6a4-2bb4-4e1c-8488-e10c7b1c3f63,99281
558c8707-3d8a-4375-8e7e-998395fb46e5,7e557ea8-c91d-46eb-8ca1-0358f43dcabe,48596
25cf4233-39d3-47dc-bf10-51d2687e74de,07f047c6-eec0-4f71-98d8-0b06fac54ea9,75191
c855958a-64c0-4592-b32a-d7a4c8b2b733,51d7b18f-7c8c-4230-a198-36ad0e73f79d,113712
400beeb3-50ab-4b56-8775-3b2b07aedbc3,65d47575-b37f-4501-841e-142b28a09398,128871
b154fd49-3672-4066-8fe1-a9993e912518,28be9ff8-6e8b-486b-bf5d-0d5f62c0c810,35649
87d34d56-3bfc-4b8e-b3cf-5f8fc1df2732,0a672532-6002-4b7d-bee3-274a62a9fb5a,161581
5f9a0ffa-c748-4fbb-95a5-8eab94c05210,a8a3a809-1348-41fe-b334-afa6e29e0493,61120
4e6f9bb8-78a5-4e09-9673-cce1f5489a5b,7cc6cfa4-c1e9-494a-986b-bbf607bc5550,119793
385ddbb9-9e74-4532-b04a-de4e304cf8a7,dbc42853-f1be-402c-845f-6452bea1fcf0,32155
58207bba-605a-4b23-98aa-9ac09a28437f,5065fc4a-0d76-4ae7-84f0-b17d57bc7ce8,6910
a9b5bf1c-cbe0-4d26-9be9-e219091870fb,0e73205f-4f6a-4208-ad93-9e5206df13c7,211969
a730d385-0f71-42a3-8b8c-b4195bfa8f1f,1277cc00-3031-42e9-bb55-37ca86bbfb7c,127784
e731b69c-eeaf-4cae-8db6-e0cb7a703579,a43c454e-eaae-4ccf-ba48-24cf178c0031,23453
b54ac68a-3eca-435c-8902-200a1a1b09ff,c63bfa5b-d5bb-461c-b9eb-e8744301a90e,345530
e3dc7114-400f-4423-b05f-d6c737c28279,f5a4a30f-bf41-44c8-b3b3-283ffe260a60,180928
5065fc4a-0d76-4ae7-84f0-b17d57bc7ce8,87d34d56-3bfc-4b8e-b3cf-5f8fc1df2732,120733
8a1eb4a2-9b78-44bf-bb1e-2556e0dab34c,4e6f9bb8-78a5-4e09-9673-cce1f5489a5b,342968
558c8707-3d8a-4375-8e7e-998395fb46e5,839cc007-0190-43a3-a229-b97fe0fdddd1,25533
1a445f91-2ead-438a-9157-e2306187972a,12ff259b-fcec-4111-8a3e-92f1b34ef005,513590
1ab2769c-a290-4b2f-9e27-da26985f69d8,83ca04ab-5096-4031-b64a-163ca57dfb1b,557288
6603d019-cf11-4464-af83-d73a6114d7d9,a90a0979-3d6a-4c77-b2ce-81ba1f5311a5,13784
5065fc4a-0d76-4ae7-84f0-b17d57bc7ce8,2993ded9-071e-45bc-9b13-accdf5d3ebec,122331
54835b8a-a27f-4145-a0f6-df40badc1d0e,b2063c94-d6ff-4b99-9b1a-191d9fc22602,24963
6c6bed17-97db-4220-bcd7-9c74bb5c30a0,8a5a20aa-c7aa-4e06-b3af-7285634af283,47945
78fd87d1-526d-4b18-8de8-c4c281977037,f5a4a30f-bf41-44c8-b3b3-283ffe260a60,25733
310f8c32-4e53-4985-bd1b-6da805a969db,1ab2769c-a290-4b2f-9e27-da26985f69d8,73748
ea73977d-dcbd-4fd4-81c2-5ac84fa64cac,11e6699e-09c0-4e83-aa27-821896ae0c18,99058
c855958a-64c0-4592-b32a-d7a4c8b2b733,3b07c7ff-6fed-490a-a9e1-f5bafebc6f0b,69139
25b1246f-0e37-44e9-a053-8fa48c7f8e1e,07f047c6-eec0-4f71-98d8-0b06fac54ea9,218040
384df65c-8611-4041-99a2-9b5a19d87245,db21b201-6b2e-4e52-ad8d-d44123fc5c63,186907
65d47575-b37f-4501-841e-142b28a09398,08610465-eb20-4cef-a770-ee3cd8e75508,94681
c855958a-64c0-4592-b32a-d7a4c8b2b733,1db7abdf-2504-4e24-99b3-3dffe16ee8eb,138263
a8a3a809-1348-41fe-b334-afa6e29e0493,e7338740-b7ee-469c-9c74-bee7dd5f18d2,197521
11e6699e-09c0-4e83-aa27-821896ae0c18,3628d3b6-b07f-41cd-8c09-8c99afa414ba,103836
99d5f7aa-2bc3-4aab-be55-528b049579c6,9eddc067-b8c5-418d-8707-e41b27dafb46,462721
45e57df9-772b-40ca-aafc-898162c69844,853a8faf-f277-4783-a080-1a32165bdc6e,425964
dbc42853-f1be-402c-845f-6452bea1fcf0,54d734a2-73fa-4c9d-8cf3-7a39eaef3b2d,512946
b5dc2142-0bad-4987-be8e-d11f22d9ea51,5d4da318-295f-43fd-b303-bbd5fc786145,297663
c63bfa5b-d5bb-461c-b9eb-e8744301a90e,839cc007-0190-43a3-a229-b97fe0fdddd1,25001
dbc42853-f1be-402c-845f-6452bea1fcf0,a8fe04d7-c6e9-4857-be39-37559d653f33,301070
2993ded9-071e-45bc-9b13-accdf5d3ebec,7fba12e8-f336-4a99-a479-dbcb1fc058b8,8940
25cf4233-39d3-47dc-bf10-51d2687e74de,db21b201-6b2e-4e52-ad8d-d44123fc5c63,33754
e313b334-d8e0-4f9d-a841-02495ccfd0d4,0305e738-0366-4b59-9641-5036465d07cd,318891
b5dc2142-0bad-4987-be8e-d11f22d9ea51,9bb7ec36-dda1-4ff9-a738-6f7f2e9f7630,258987
cd0aac86-7ac4-4828-8feb-b4a36d4f517c,759c268e-84f7-4975-a0d9-19b2cd8f0dde,107797
28be9ff8-6e8b-486b-bf5d-0d5f62c0c810,b391f9a6-4399-4069-9150-100fa9423b03,462945
e413f084-e90e-424a-b205-f3dd75142edc,b5dc2142-0bad-4987-be8e-d11f22d9ea51,24289
cb0c31f6-0fd6-46de-af02-5d25005aa5bb,e413f084-e90e-424a-b205-f3dd75142edc,137496
51d7b18f-7c8c-4230-a198-36ad0e73f79d,b2063c94-d6ff-4b99-9b1a-191d9fc22602,560011
400beeb3-50ab-4b56-8775-3b2b07aedbc3,119ea857-b60b-491c-8e01-ab437e50f26e,155363
6603d019-cf11-4464-af83-d73a6114d7d9,51d7b18f-7c8c-4230-a198-36ad0e73f79d,4458
cf8d0727-06ae-41b7-a2bf-c14ea6affcfa,25b1246f-0e37-44e9-a053-8fa48c7f8e1e,122148
6e279e72-004f-470e-8bb4-0999c3fc6164,8a5a20aa-c7aa-4e06-b3af-7285634af283,336672
21140c1d-976c-4879-8bdc-a2a06014a372,1dc801b8-53d9-46a5-85fd-164140883dd0,177970
3628d3b6-b07f-41cd-8c09-8c99afa414ba,8a5a20aa-c7aa-4e06-b3af-7285634af283,506955
10949264-8492-44d9-ba5c-65c4b7838df4,2c9eb637-701c-47c0-86f9-52df6517d923,317744
1ab2769c-a290-4b2f-9e27-da26985f69d8,d7ea63f6-7280-453f-83c2-3f8ddc60ef79,378425
48ad0f18-b76e-4483-9afc-cd7e59be5f3a,180627e6-0c19-44ba-82b6-4ec97d3ad85d,358970
54835b8a-a27f-4145-a0f6-df40badc1d0e,06e59082-1be0-4c86-87a5-ccf1f9fea164,146720
7d7c80c6-da3d-482a-87d2-4323b489f08b,d59927c9-8f84-405f-b928-2ec21f8c6eb1,31875
cce1aaa6-a333-477e-8c63-815bef486b25,7d7d78f3-acce-4f6a-9cea-2a3afcde3e8f,108121
310f8c32-4e53-4985-bd1b-6da805a969db,85b8f4a0-8132-49e1-8991-32d3b09d6b71,55510
3fe4fa6b-719c-428e-ab19-ac1e5a83f0f1,7d7d78f3-acce-4f6a-9cea-2a3afcde3e8f,36866
2daeec3a-f864-4eba-bdf5-03ccf9feb992,8a1eb4a2-9b78-44bf-bb1e-2556e0dab34c,205182
1277cc00-3031-42e9-bb55-37ca86bbfb7c,e3dc7114-400f-4423-b05f-d6c737c28279,106321
e313b334-d8e0-4f9d-a841-02495ccfd0d4,6c6bed17-97db-4220-bcd7-9c74bb5c30a0,387158
4e6f9bb8-78a5-4e09-9673-cce1f5489a5b,0a48b595-c065-4fc3-81fc-25305be2e919,141870
a8fe04d7-c6e9-4857-be39-37559d653f33,87d34d56-3bfc-4b8e-b3cf-5f8fc1df2732,117711
dbc42853-f1be-402c-845f-6452bea1fcf0,f38f3d11-ca55-4e14-9b7a-3c41774011e1,250745
28be9ff8-6e8b-486b-bf5d-0d5f62c0c810,12ff259b-fcec-4111-8a3e-92f1b34ef005,130163
14d26f53-dd5e-4cfa-aada-67c21bb5d939,2daeec3a-f864-4eba-bdf5-03ccf9feb992,182508
25cf4233-39d3-47dc-bf10-51d2687e74de,45e57df9-772b-40ca-aafc-898162c69844,51291
7fba12e8-f336-4a99-a479-dbcb1fc058b8,22a5a25e-618e-456a-b80a-9cbef2c43460,291709
a43c454e-eaae-4ccf-ba48-24cf178c0031,06e59082-1be0-4c86-87a5-ccf1f9fea164,6138
0532f619-2dfb-4ed2-8656-ce67a56128aa,d9dbc87f-1fec-4d78-bf2b-ec41887dfd44,93739
7fba12e8-f336-4a99-a479-dbcb1fc058b8,c9fc8fa1-ca0e-4b1e-904c-80e5d80b2e39,318579
9eddc067-b8c5-418d-8707-e41b27dafb46,3535f85d-9583-4470-ac4c-9afdc1038270,71054
87fcf9bd-c496-499a-8ddd-b5f35af99931,8a5a20aa-c7aa-4e06-b3af-7285634af283,95407
60daa3ab-6065-4f2b-830b-86b36bb4afe8,1a445f91-2ead-438a-9157-e2306187972a,178379
01961663-3143-4f5c-92e7-965eec12a0f9,48ad0f18-b76e-4483-9afc-cd7e59be5f3a,101215
b54ac68a-3eca-435c-8902-200a1a1b09ff,4b2c12b4-cdf9-4dc2-b23a-09610cc147eb,122055
558c8707-3d8a-4375-8e7e-998395fb46e5,3535f85d-9583-4470-ac4c-9afdc1038270,42296
245f557e-4c75-4015-b6b5-3a52111e716f,25cf4233-39d3-47dc-bf10-51d2687e74de,37917
1a445f91-2ead-438a-9157-e2306187972a,04d0fe46-e270-4bf0-b721-ee363d6a6e2f,417539
f38f3d11-ca55-4e14-9b7a-3c41774011e1,b31626b2-19f3-473f-8056-240a12f26768,231605
45e57df9-772b-40ca-aafc-898162c69844,67a1a352-63c6-43f9-9d71-ce28a20ae21c,192336
464300eb-3855-4132-b377-6fe93a794fee,3fe4fa6b-719c-428e-ab19-ac1e5a83f0f1,144893
07f047c6-eec0-4f71-98d8-0b06fac54ea9,f52dd1ff-6bbf-4473-8f2f-718db4a10f87,141579
b5dc2142-0bad-4987-be8e-d11f22d9ea51,a8fe04d7-c6e9-4857-be39-37559d653f33,172468
c9fc8fa1-ca0e-4b1e-904c-80e5d80b2e39,15ba1443-4cf1-4367-93b6-60fbb95a5b5e,160982
2993ded9-071e-45bc-9b13-accdf5d3ebec,45e57df9-772b-40ca-aafc-898162c69844,8270
1ab2769c-a290-4b2f-9e27-da26985f69d8,96e28973-b877-402f-b3ae-36ec55c8844e,433622
25b1246f-0e37-44e9-a053-8fa48c7f8e1e,384df65c-8611-4041-99a2-9b5a19d87245,74021
f5a4a30f-bf41-44c8-b3b3-283ffe260a60,9bb7ec36-dda1-4ff9-a738-6f7f2e9f7630,407397
a730d385-0f71-42a3-8b8c-b4195bfa8f1f,e121b8a7-f238-42b9-8457-181650d599f1,330974
dbc42853-f1be-402c-845f-6452bea1fcf0,2993ded9-071e-45bc-9b13-accdf5d3ebec,386126
e413f084-e90e-424a-b205-f3dd75142edc,1db7abdf-2504-4e24-99b3-3dffe16ee8eb,30252
25b1246f-0e37-44e9-a053-8fa48c7f8e1e,245f557e-4c75-4015-b6b5-3a52111e716f,114259
3628d3b6-b07f-41cd-8c09-8c99afa414ba,32fffa33-1cd7-46d6-8e2e-e98450886d01,526720
25b1246f-0e37-44e9-a053-8fa48c7f8e1e,b2063c94-d6ff-4b99-9b1a-191d9fc22602,48245
78560cc8-0cca-433a-8291-89c80601bf63,1db7abdf-2504-4e24-99b3-3dffe16ee8eb,72392
2c754a65-ff58-47e6-85c1-78eb1aca2225,85b8f4a0-8132-49e1-8991-32d3b09d6b71,234092
15ba1443-4cf1-4367-93b6-60fbb95a5b5e,b391f9a6-4399-4069-9150-100fa9423b03,507329
f5a4a30f-bf41-44c8-b3b3-283ffe260a60,db21b201-6b2e-4e52-ad8d-d44123fc5c63,458160
6c6bed17-97db-4220-bcd7-9c74bb5c30a0,db21b201-6b2e-4e52-ad8d-d44123fc5c63,226587
0532f619-2dfb-4ed2-8656-ce67a56128aa,d7ea63f6-7280-453f-83c2-3f8ddc60ef79,76915
2daeec3a-f864-4eba-bdf5-03ccf9feb992,01961663-3143-4f5c-92e7-965eec12a0f9,192574
22a5a25e-618e-456a-b80a-9cbef2c43460,b5dc2142-0bad-4987-be8e-d11f22d9ea51,49912
dbc42853-f1be-402c-845f-6452bea1fcf0,54835b8a-a27f-4145-a0f6-df40badc1d0e,281998
60daa3ab-6065-4f2b-830b-86b36bb4afe8,d7ea63f6-7280-453f-83c2-3f8ddc60ef79,246700
78560cc8-0cca-433a-8291-89c80601bf63,7cc6cfa4-c1e9-494a-986b-bbf607bc5550,27667
54d734a2-73fa-4c9d-8cf3-7a39eaef3b2d,b2063c94-d6ff-4b99-9b1a-191d9fc22602,54250
5e62c6a4-2bb4-4e1c-8488-e10c7b1c3f63,d3f7b752-a107-4df3-9795-14db35826c73,64591
1cf3a191-a526-4d97-a3d3-434d14f60ce3,b391f9a6-4399-4069-9150-100fa9423b03,244909
385ddbb9-9e74-4532-b04a-de4e304cf8a7,b55783b5-489c-4878-a0aa-c81825d0ae80,24724
c63bfa5b-d5bb-461c-b9eb-e8744301a90e,45e57df9-772b-40ca-aafc-898162c69844,129417
b54ac68a-3eca-435c-8902-200a1a1b09ff,45e57df9-772b-40ca-aafc-898162c69844,335847
04d0fe46-e270-4bf0-b721-ee363d6a6e2f,6603d019-cf11-4464-af83-d73a6114d7d9,385027
e731b69c-eeaf-4cae-8db6-e0cb7a703579,b391f9a6-4399-4069-9150-100fa9423b03,50623
6e279e72-004f-470e-8bb4-0999c3fc6164,f38f3d11-ca55-4e14-9b7a-3c41774011e1,121286
60daa3ab-6065-4f2b-830b-86b36bb4afe8,12ff259b-fcec-4111-8a3e-92f1b34ef005,208662
7cc6cfa4-c1e9-494a-986b-bbf607bc5550,853a8faf-f277-4783-a080-1a32165bdc6e,512664
cf8d0727-06ae-41b7-a2bf-c14ea6affcfa,9bb7ec36-dda1-4ff9-a738-6f7f2e9f7630,67577
095d08c2-5199-4d31-a548-12b5955c61a1,21140c1d-976c-4879-8bdc-a2a06014a372,403546
08610465-eb20-4cef-a770-ee3cd8e75508,a730d385-0f71-42a3-8b8c-b4195bfa8f1f,178310
1db7abdf-2504-4e24-99b3-3dffe16ee8eb,b154fd49-3672-4066-8fe1-a9993e912518,468747
310f8c32-4e53-4985-bd1b-6da805a969db,25b1246f-0e37-44e9-a053-8fa48c7f8e1e,33105
60daa3ab-6065-4f2b-830b-86b36bb4afe8,4d871fb3-f0e1-4dc9-8415-2546e8723250,224604
3b07c7ff-6fed-490a-a9e1-f5bafebc6f0b,10949264-8492-44d9-ba5c-65c4b7838df4,140990
4b2c12b4-cdf9-4dc2-b23a-09610cc147eb,cd0aac86-7ac4-4828-8feb-b4a36d4f517c,381856
ea73977d-dcbd-4fd4-81c2-5ac84fa64cac,6e279e72-004f-470e-8bb4-0999c3fc6164,51891
385ddbb9-9e74-4532-b04a-de4e304cf8a7,0e73205f-4f6a-4208-ad93-9e5206df13c7,77515
310f8c32-4e53-4985-bd1b-6da805a969db,5d4da318-295f-43fd-b303-bbd5fc786145,146480
54835b8a-a27f-4145-a0f6-df40badc1d0e,095d08c2-5199-4d31-a548-12b5955c61a1,38819
2c9eb637-701c-47c0-86f9-52df6517d923,2c754a65-ff58-47e6-85c1-78eb1aca2225,99399
7e557ea8-c91d-46eb-8ca1-0358f43dcabe,853a8faf-f277-4783-a080-1a32165bdc6e,386588
b5c5b6ab-0337-4187-afc3-a1ec6230064f,11e6699e-09c0-4e83-aa27-821896ae0c18,156846
0305e738-0366-4b59-9641-5036465d07cd,18036c84-0da6-4c1e-9b11-126a55b485c7,97751
12ff259b-fcec-4111-8a3e-92f1b34ef005,5065fc4a-0d76-4ae7-84f0-b17d57bc7ce8,83045
4b2c12b4-cdf9-4dc2-b23a-09610cc147eb,29e9ab61-e061-4d94-8cd3-c99446d51c55,569537
4e6f9bb8-78a5-4e09-9673-cce1f5489a5b,db21b201-6b2e-4e52-ad8d-d44123fc5c63,150687
1a445f91-2ead-438a-9157-e2306187972a,9eddc067-b8c5-418d-8707-e41b27dafb46,252093
18036c84-0da6-4c1e-9b11-126a55b485c7,98eab8e7-ae72-4457-9ea0-742b7ae8093d,165787
095d08c2-5199-4d31-a548-12b5955c61a1,384df65c-8611-4041-99a2-9b5a19d87245,323259
464300eb-3855-4132-b377-6fe93a794fee,d1f46208-0958-4793-bf89-39afc8da5c85,176169
68dd02c1-3e68-4d4d-8773-fe9569808537,c9fc8fa1-ca0e-4b1e-904c-80e5d80b2e39,126359
2daeec3a-f864-4eba-bdf5-03ccf9feb992,1cf3a191-a526-4d97-a3d3-434d14f60ce3,74455
32fffa33-1cd7-46d6-8e2e-e98450886d01,3b07c7ff-6fed-490a-a9e1-f5bafebc6f0b,38689
f52dd1ff-6bbf-4473-8f2f-718db4a10f87,4d871fb3-f0e1-4dc9-8415-2546e8723250,513255
400beeb3-50ab-4b56-8775-3b2b07aedbc3,6e279e72-004f-470e-8bb4-0999c3fc6164,158656
1db7abdf-2504-4e24-99b3-3dffe16ee8eb,400beeb3-50ab-4b56-8775-3b2b07aedbc3,247178
28be9ff8-6e8b-486b-bf5d-0d5f62c0c810,6e279e72-004f-470e-8bb4-0999c3fc6164,113357
07f047c6-eec0-4f71-98d8-0b06fac54ea9,5065fc4a-0d76-4ae7-84f0-b17d57bc7ce8,372962
64afb508-3fdb-4f14-a721-040f46ad6d54,e731b69c-eeaf-4cae-8db6-e0cb7a703579,160653
10949264-8492-44d9-ba5c-65c4b7838df4,c9fc8fa1-ca0e-4b1e-904c-80e5d80b2e39,145070
8c6f7203-3c40-4766-9212-79d89260e8e9,51d7b18f-7c8c-4230-a198-36ad0e73f79d,284399
83ca04ab-5096-4031-b64a-163ca57dfb1b,25b1246f-0e37-44e9-a053-8fa48c7f8e1e,212242
47cd9c20-4d9e-4b8a-813b-7cf5ccc918cd,b154fd49-3672-4066-8fe1-a9993e912518,77046
4e6f9bb8-78a5-4e09-9673-cce1f5489a5b,85b8f4a0-8132-49e1-8991-32d3b09d6b71,72400
9303996d-4078-4c79-80db-6a3eaa36104a,cd4373fe-0091-4421-898d-1322bb7921e8,540752
385ddbb9-9e74-4532-b04a-de4e304cf8a7,60daa3ab-6065-4f2b-830b-86b36bb4afe8,88707
c9fc8fa1-ca0e-4b1e-904c-80e5d80b2e39,8536988f-ed41-448c-97ce-9555c75abfaa,279251
2c9eb637-701c-47c0-86f9-52df6517d923,54d734a2-73fa-4c9d-8cf3-7a39eaef3b2d,219812
245f557e-4c75-4015-b6b5-3a52111e716f,2c9eb637-701c-47c0-86f9-52df6517d923,100066
4130354e-87e6-4255-9189-522263c3027f,d9dbc87f-1fec-4d78-bf2b-ec41887dfd44,415711
b5dc2142-0bad-4987-be8e-d11f22d9ea51,f38f3d11-ca55-4e14-9b7a-3c41774011e1,295222
7cc6cfa4-c1e9-494a-986b-bbf607bc5550,15ba1443-4cf1-4367-93b6-60fbb95a5b5e,531798
3535f85d-9583-4470-ac4c-9afdc1038270,5f9a0ffa-c748-4fbb-95a5-8eab94c05210,117540
01961663-3143-4f5c-92e7-965eec12a0f9,08610465-eb20-4cef-a770-ee3cd8e75508,113509
01961663-3143-4f5c-92e7-965eec12a0f9,dbc42853-f1be-402c-845f-6452bea1fcf0,135038
a8fe04d7-c6e9-4857-be39-37559d653f33,6603d019-cf11-4464-af83-d73a6114d7d9,114747
4b3124e8-5fe8-4c26-8e72-8f6ba2766978,d3f7b752-a107-4df3-9795-14db35826c73,499721
7d7c80c6-da3d-482a-87d2-4323b489f08b,0a672532-6002-4b7d-bee3-274a62a9fb5a,18995
2993ded9-071e-45bc-9b13-accdf5d3ebec,98eab8e7-ae72-4457-9ea0-742b7ae8093d,3914
b54ac68a-3eca-435c-8902-200a1a1b09ff,558c8707-3d8a-4375-8e7e-998395fb46e5,248139
3535f85d-9583-4470-ac4c-9afdc1038270,14d26f53-dd5e-4cfa-aada-67c21bb5d939,215477
d3f7b752-a107-4df3-9795-14db35826c73,8c6f7203-3c40-4766-9212-79d89260e8e9,522163
e313b334-d8e0-4f9d-a841-02495ccfd0d4,464300eb-3855-4132-b377-6fe93a794fee,159495
85b8f4a0-8132-49e1-8991-32d3b09d6b71,cb0c31f6-0fd6-46de-af02-5d25005aa5bb,330236
cf8d0727-06ae-41b7-a2bf-c14ea6affcfa,119ea857-b60b-491c-8e01-ab437e50f26e,134035
b54ac68a-3eca-435c-8902-200a1a1b09ff,d59927c9-8f84-405f-b928-2ec21f8c6eb1,233519
0e73205f-4f6a-4208-ad93-9e5206df13c7,b31626b2-19f3-473f-8056-240a12f26768,111396
98eab8e7-ae72-4457-9ea0-742b7ae8093d,119ea857-b60b-491c-8e01-ab437e50f26e,20453
c855958a-64c0-4592-b32a-d7a4c8b2b733,3b07c7ff-6fed-490a-a9e1-f5bafebc6f0b,310678
cce1aaa6-a333-477e-8c63-815bef486b25,e121b8a7-f238-42b9-8457-181650d599f1,150059
65d47575-b37f-4501-841e-142b28a09398,8a1eb4a2-9b78-44bf-bb1e-2556e0dab34c,151001
06e59082-1be0-4c86-87a5-ccf1f9fea164,11e6699e-09c0-4e83-aa27-821896ae0c18,92697
e3dc7114-400f-4423-b05f-d6c737c28279,78fd87d1-526d-4b18-8de8-c4c281977037,214958
78699c1e-3234-4c39-a2d4-5e6e545dc68e,6c6bed17-97db-4220-bcd7-9c74bb5c30a0,346263
0e73205f-4f6a-4208-ad93-9e5206df13c7,a9b5bf1c-cbe0-4d26-9be9-e219091870fb,278087
47cd9c20-4d9e-4b8a-813b-7cf5ccc918cd,1277cc00-3031-42e9-bb55-37ca86bbfb7c,50378
db21b201-6b2e-4e52-ad8d-d44123fc5c63,b2063c94-d6ff-4b99-9b1a-191d9fc22602,56151
e413f084-e90e-424a-b205-f3dd75142edc,1ab2769c-a290-4b2f-9e27-da26985f69d8,18654
9eddc067-b8c5-418d-8707-e41b27dafb46,cd0aac86-7ac4-4828-8feb-b4a36d4f517c,61422
e3dc7114-400f-4423-b05f-d6c737c28279,54d734a2-73fa-4c9d-8cf3-7a39eaef3b2d,172884
7e557ea8-c91d-46eb-8ca1-0358f43dcabe,2130aa47-2aba-4a23-b3ca-a4360325ae32,334503
d3f7b752-a107-4df3-9795-14db35826c73,e121b8a7-f238-42b9-8457-181650d599f1,528301
2c754a65-ff58-47e6-85c1-78eb1aca2225,cce1aaa6-a333-477e-8c63-815bef486b25,79954
b55783b5-489c-4878-a0aa-c81825d0ae80,d9dbc87f-1fec-4d78-bf2b-ec41887dfd44,124878
f5a4a30f-bf41-44c8-b3b3-283ffe260a60,28be9ff8-6e8b-486b-bf5d-0d5f62c0c810,428905
1dc801b8-53d9-46a5-85fd-164140883dd0,64afb508-3fdb-4f14-a721-040f46ad6d54,316681
a44a2fb9-565b-468e-a23d-5956fdd2e744,db21b201-6b2e-4e52-ad8d-d44123fc5c63,63789
7d7d78f3-acce-4f6a-9cea-2a3afcde3e8f,e121b8a7-f238-42b9-8457-181650d599f1,9676
400beeb3-50ab-4b56-8775-3b2b07aedbc3,7cc6cfa4-c1e9-494a-986b-bbf607bc5550,63154
119ea857-b60b-491c-8e01-ab437e50f26e,c63bfa5b-d5bb-461c-b9eb-e8744301a90e,370827
1dc801b8-53d9-46a5-85fd-164140883dd0,29e9ab61-e061-4d94-8cd3-c99446d51c55,276414
8536988f-ed41-448c-97ce-9555c75abfaa,32fffa33-1cd7-46d6-8e2e-e98450886d01,80837
1ab2769c-a290-4b2f-9e27-da26985f69d8,32fffa33-1cd7-46d6-8e2e-e98450886d01,294864
c63bfa5b-d5bb-461c-b9eb-e8744301a90e,29e9ab61-e061-4d94-8cd3-c99446d51c55,96721
08610465-eb20-4cef-a770-ee3cd8e75508,07f047c6-eec0-4f71-98d8-0b06fac54ea9,125961
1cf3a191-a526-4d97-a3d3-434d14f60ce3,245f557e-4c75-4015-b6b5-3a52111e716f,378150
2130aa47-2aba-4a23-b3ca-a4360325ae32,51d7b18f-7c8c-4230-a198-36ad0e73f79d,239364
a90a0979-3d6a-4c77-b2ce-81ba1f5311a5,1cf3a191-a526-4d97-a3d3-434d14f60ce3,128362
29e9ab61-e061-4d94-8cd3-c99446d51c55,a8fe04d7-c6e9-4857-be39-37559d653f33,302792
5f9a0ffa-c748-4fbb-95a5-8eab94c05210,e413f084-e90e-424a-b205-f3dd75142edc,90528
4130354e-87e6-4255-9189-522263c3027f,5f9a0ffa-c748-4fbb-95a5-8eab94c05210,439163
87fcf9bd-c496-499a-8ddd-b5f35af99931,9303996d-4078-4c79-80db-6a3eaa36104a,83160
d59927c9-8f84-405f-b928-2ec21f8c6eb1,245f557e-4c75-4015-b6b5-3a52111e716f,87006
5065fc4a-0d76-4ae7-84f0-b17d57bc7ce8,b5c5b6ab-0337-4187-afc3-a1ec6230064f,266045
cd0aac86-7ac4-4828-8feb-b4a36d4f517c,c9fc8fa1-ca0e-4b1e-904c-80e5d80b2e39,78975
28be9ff8-6e8b-486b-bf5d-0d5f62c0c810,6603d019-cf11-4464-af83-d73a6114d7d9,146277
1cf3a191-a526-4d97-a3d3-434d14f60ce3,2130aa47-2aba-4a23-b3ca-a4360325ae32,347235
c9fc8fa1-ca0e-4b1e-904c-80e5d80b2e39,cd0aac86-7ac4-4828-8feb-b4a36d4f517c,264584
6603d019-cf11-4464-af83-d73a6114d7d9,839cc007-0190-43a3-a229-b97fe0fdddd1,22019
54d734a2-73fa-4c9d-8cf3-7a39eaef3b2d,e3dc7114-400f-4423-b05f-d6c737c28279,12831
095d08c2-5199-4d31-a548-12b5955c61a1,394c6a7f-f4e5-40b8-bf5b-a953d624f184,353276
08610465-eb20-4cef-a770-ee3cd8e75508,7d7c80c6-da3d-482a-87d2-4323b489f08b,86693
cce1aaa6-a333-477e-8c63-815bef486b25,d9dbc87f-1fec-4d78-bf2b-ec41887dfd44,119835
c63bfa5b-d5bb-461c-b9eb-e8744301a90e,7e557ea8-c91d-46eb-8ca1-0358f43dcabe,56026
2993ded9-071e-45bc-9b13-accdf5d3ebec,dbc42853-f1be-402c-845f-6452bea1fcf0,4729
5e62c6a4-2bb4-4e1c-8488-e10c7b1c3f63,8a1eb4a2-9b78-44bf-bb1e-2556e0dab34c,156764
a44a2fb9-565b-468e-a23d-5956fdd2e744,64afb508-3fdb-4f14-a721-040f46ad6d54,83963
e413f084-e90e-424a-b205-f3dd75142edc,4e6f9bb8-78a5-4e09-9673-cce1f5489a5b,14364
45e57df9-772b-40ca-aafc-898162c69844,7fba12e8-f336-4a99-a479-dbcb1fc058b8,271466
853a8faf-f277-4783-a080-1a32165bdc6e,8a1eb4a2-9b78-44bf-bb1e-2556e0dab34c,518255
e3dc7114-400f-4423-b05f-d6c737c28279,67a1a352-63c6-43f9-9d71-ce28a20ae21c,312912
06e59082-1be0-4c86-87a5-ccf1f9fea164,b5c5b6ab-0337-4187-afc3-a1ec6230064f,119412
7d7d78f3-acce-4f6a-9cea-2a3afcde3e8f,3b07c7ff-6fed-490a-a9e1-f5bafebc6f0b,3275
1ab2769c-a290-4b2f-9e27-da26985f69d8,a44a2fb9-565b-468e-a23d-5956fdd2e744,369978
c9fc8fa1-ca0e-4b1e-904c-80e5d80b2e39,d3f7b752-a107-4df3-9795-14db35826c73,226856
cce1aaa6-a333-477e-8c63-815bef486b25,7d7d78f3-acce-4f6a-9cea-2a3afcde3e8f,130935
cb0c31f6-0fd6-46de-af02-5d25005aa5bb,14d26f53-dd5e-4cfa-aada-67c21bb5d939,347378
32fffa33-1cd7-46d6-8e2e-e98450886d01,6603d019-cf11-4464-af83-d73a6114d7d9,27515
245f557e-4c75-4015-b6b5-3a52111e716f,25cf4233-39d3-47dc-bf10-51d2687e74de,68085
1dc801b8-53d9-46a5-85fd-164140883dd0,b154fd49-3672-4066-8fe1-a9993e912518,232033
1a445f91-2ead-438a-9157-e2306187972a,25b1246f-0e37-44e9-a053-8fa48c7f8e1e,338725
58207bba-605a-4b23-98aa-9ac09a28437f,1277cc00-3031-42e9-bb55-37ca86bbfb7c,8737
cb0c31f6-0fd6-46de-af02-5d25005aa5bb,4e6f9bb8-78a5-4e09-9673-cce1f5489a5b,349732
8536988f-ed41-448c-97ce-9555c75abfaa,98eab8e7-ae72-4457-9ea0-742b7ae8093d,66272
3b07c7ff-6fed-490a-a9e1-f5bafebc6f0b,5d4da318-295f-43fd-b303-bbd5fc786145,103966
5f9a0ffa-c748-4fbb-95a5-8eab94c05210,5d4da318-295f-43fd-b303-bbd5fc786145,243363
5e62c6a4-2bb4-4e1c-8488-e10c7b1c3f63,a44a2fb9-565b-468e-a23d-5956fdd2e744,169300
54835b8a-a27f-4145-a0f6-df40badc1d0e,fadaa8d2-d11e-48f4-b113-7ae97265e717,130545
22a5a25e-618e-456a-b80a-9cbef2c43460,7fba12e8-f336-4a99-a479-dbcb1fc058b8,27406
853a8faf-f277-4783-a080-1a32165bdc6e,cf8d0727-06ae-41b7-a2bf-c14ea6affcfa,529114
a8fe04d7-c6e9-4857-be39-37559d653f33,245f557e-4c75-4015-b6b5-3a52111e716f,116886
9bb7ec36-dda1-4ff9-a738-6f7f2e9f7630,1a445f91-2ead-438a-9157-e2306187972a,135963
fadaa8d2-d11e-48f4-b113-7ae97265e717,759c268e-84f7-4975-a0d9-19b2cd8f0dde,41171
839cc007-0190-43a3-a229-b97fe0fdddd1,1cf3a191-a526-4d97-a3d3-434d14f60ce3,37041
12ff259b-fcec-4111-8a3e-92f1b34ef005,a43c454e-eaae-4ccf-ba48-24cf178c0031,151293
14d26f53-dd5e-4cfa-aada-67c21bb5d939,5f9a0ffa-c748-4fbb-95a5-8eab94c05210,94670
08610465-eb20-4cef-a770-ee3cd8e75508,21140c1d-976c-4879-8bdc-a2a06014a372,64241
a44a2fb9-565b-468e-a23d-5956fdd2e744,4d871fb3-f0e1-4dc9-8415-2546e8723250,26645
1dc801b8-53d9-46a5-85fd-164140883dd0,b54ac68a-3eca-435c-8902-200a1a1b09ff,179372
cb0c31f6-0fd6-46de-af02-5d25005aa5bb,15ba1443-4cf1-4367-93b6-60fbb95a5b5e,330930
11e6699e-09c0-4e83-aa27-821896ae0c18,54835b8a-a27f-4145-a0f6-df40badc1d0e,53840
8a5a20aa-c7aa-4e06-b3af-7285634af283,e7338740-b7ee-469c-9c74-bee7dd5f18d2,8689
c855958a-64c0-4592-b32a-d7a4c8b2b733,01961663-3143-4f5c-92e7-965eec12a0f9,255568
8a1eb4a2-9b78-44bf-bb1e-2556e0dab34c,9bb7ec36-dda1-4ff9-a738-6f7f2e9f7630,295654
54d734a2-73fa-4c9d-8cf3-7a39eaef3b2d,853a8faf-f277-4783-a080-1a32165bdc6e,26052
11e6699e-09c0-4e83-aa27-821896ae0c18,e413f084-e90e-424a-b205-f3dd75142edc,52112
b391f9a6-4399-4069-9150-100fa9423b03,e731b69c-eeaf-4cae-8db6-e0cb7a703579,89063
78699c1e-3234-4c39-a2d4-5e6e545dc68e,d3f7b752-a107-4df3-9795-14db35826c73,316144
2c754a65-ff58-47e6-85c1-78eb1aca2225,6c6bed17-97db-4220-bcd7-9c74bb5c30a0,63439
29e9ab61-e061-4d94-8cd3-c99446d51c55,2c754a65-ff58-47e6-85c1-78eb1aca2225,332177
c9fc8fa1-ca0e-4b1e-904c-80e5d80b2e39,db21b201-6b2e-4e52-ad8d-d44123fc5c63,105895
6603d019-cf11-4464-af83-d73a6114d7d9,0305e738-0366-4b59-9641-5036465d07cd,8306
384df65c-8611-4041-99a2-9b5a19d87245,8a1eb4a2-9b78-44bf-bb1e-2556e0dab34c,90725
2daeec3a-f864-4eba-bdf5-03ccf9feb992,68dd02c1-3e68-4d4d-8773-fe9569808537,119905
4d871fb3-f0e1-4dc9-8415-2546e8723250,759c268e-84f7-4975-a0d9-19b2cd8f0dde,217351
98eab8e7-ae72-4457-9ea0-742b7ae8093d,29e9ab61-e061-4d94-8cd3-c99446d51c55,79051
a90a0979-3d6a-4c77-b2ce-81ba1f5311a5,1a445f91-2ead-438a-9157-e2306187972a,85649
8c6f7203-3c40-4766-9212-79d89260e8e9,8536988f-ed41-448c-97ce-9555c75abfaa,160002
3fe4fa6b-719c-428e-ab19-ac1e5a83f0f1,27a6c30d-3dd4-430c-9b72-6a22b6bc28be,68796
0532f619-2dfb-4ed2-8656-ce67a56128aa,64afb508-3fdb-4f14-a721-040f46ad6d54,192681
87d34d56-3bfc-4b8e-b3cf-5f8fc1df2732,15ba1443-4cf1-4367-93b6-60fbb95a5b5e,350589
67a1a352-63c6-43f9-9d71-ce28a20ae21c,54835b8a-a27f-4145-a0f6-df40badc1d0e,18773
11e6699e-09c0-4e83-aa27-821896ae0c18,b5dc2142-0bad-4987-be8e-d11f22d9ea51,67758
99d5f7aa-2bc3-4aab-be55-528b049579c6,8a5a20aa-c7aa-4e06-b3af-7285634af283,512938
a730d385-0f71-42a3-8b8c-b4195bfa8f1f,0305e738-0366-4b59-9641-5036465d07cd,109357
b391f9a6-4399-4069-9150-100fa9423b03,cd4373fe-0091-4421-898d-1322bb7921e8,304229
759c268e-84f7-4975-a0d9-19b2cd8f0dde,29e9ab61-e061-4d94-8cd3-c99446d51c55,311201
21140c1d-976c-4879-8bdc-a2a06014a372,48ad0f18-b76e-4483-9afc-cd7e59be5f3a,83767
96e28973-b877-402f-b3ae-36ec55c8844e,b5dc2142-0bad-4987-be8e-d11f22d9ea51,146731
e3dc7114-400f-4423-b05f-d6c737c28279,b5c5b6ab-0337-4187-afc3-a1ec6230064f,234007
d59927c9-8f84-405f-b928-2ec21f8c6eb1,1ab2769c-a290-4b2f-9e27-da26985f69d8,98765
ea73977d-dcbd-4fd4-81c2-5ac84fa64cac,64afb508-3fdb-4f14-a721-040f46ad6d54,128715
0e73205f-4f6a-4208-ad93-9e5206df13c7,4130354e-87e6-4255-9189-522263c3027f,133669
2c754a65-ff58-47e6-85c1-78eb1aca2225,51d7b18f-7c8c-4230-a198-36ad0e73f79d,70886
64afb508-3fdb-4f14-a721-040f46ad6d54,5d4da318-295f-43fd-b303-bbd5fc786145,167311
54d734a2-73fa-4c9d-8cf3-7a39eaef3b2d,a9b5bf1c-cbe0-4d26-9be9-e219091870fb,34115
47cd9c20-4d9e-4b8a-813b-7cf5ccc918cd,78fd87d1-526d-4b18-8de8-c4c281977037,129333
9bb7ec36-dda1-4ff9-a738-6f7f2e9f7630,14d26f53-dd5e-4cfa-aada-67c21bb5d939,77405
51d7b18f-7c8c-4230-a198-36ad0e73f79d,b2063c94-d6ff-4b99-9b1a-191d9fc22602,442152
7d7c80c6-da3d-482a-87d2-4323b489f08b,5065fc4a-0d76-4ae7-84f0-b17d57bc7ce8,13420
12ff259b-fcec-4111-8a3e-92f1b34ef005,310f8c32-4e53-4985-bd1b-6da805a969db,323217
a43c454e-eaae-4ccf-ba48-24cf178c0031,6e279e72-004f-470e-8bb4-0999c3fc6164,6952
08610465-eb20-4cef-a770-ee3cd8e75508,cd4373fe-0091-4421-898d-1322bb7921e8,141925
96e28973-b877-402f-b3ae-36ec55c8844e,0a672532-6002-4b7d-bee3-274a62a9fb5a,213911
78560cc8-0cca-433a-8291-89c80601bf63,0a48b595-c065-4fc3-81fc-25305be2e919,15438
3b07c7ff-6fed-490a-a9e1-f5bafebc6f0b,9bb7ec36-dda1-4ff9-a738-6f7f2e9f7630,295395
25b1246f-0e37-44e9-a053-8fa48c7f8e1e,8a1eb4a2-9b78-44bf-bb1e-2556e0dab34c,182276
e413f084-e90e-424a-b205-f3dd75142edc,8536988f-ed41-448c-97ce-9555c75abfaa,13319
0532f619-2dfb-4ed2-8656-ce67a56128aa,c9fc8fa1-ca0e-4b1e-904c-80e5d80b2e39,55931
b5c5b6ab-0337-4187-afc3-a1ec6230064f,a8fe04d7-c6e9-4857-be39-37559d653f33,152183
07f047c6-eec0-4f71-98d8-0b06fac54ea9,c63bfa5b-d5bb-461c-b9eb-e8744301a90e,437925
78699c1e-3234-4c39-a2d4-5e6e545dc68e,54835b8a-a27f-4145-a0f6-df40badc1d0e,120510
119ea857-b60b-491c-8e01-ab437e50f26e,78560cc8-0cca-433a-8291-89c80601bf63,361962
5065fc4a-0d76-4ae7-84f0-b17d57bc7ce8,12ff259b-fcec-4111-8a3e-92f1b34ef005,80275
01961663-3143-4f5c-92e7-965eec12a0f9,b35a5f3e-d9e7-47bf-a5f8-e8abdc9166c0,85230
245f557e-4c75-4015-b6b5-3a52111e716f,01961663-3143-4f5c-92e7-965eec12a0f9,90437
2993ded9-071e-45bc-9b13-accdf5d3ebec,f38f3d11-ca55-4e14-9b7a-3c41774011e1,3691
96e28973-b877-402f-b3ae-36ec55c8844e,87d34d56-3bfc-4b8e-b3cf-5f8fc1df2732,391260
5065fc4a-0d76-4ae7-84f0-b17d57bc7ce8,21140c1d-976c-4879-8bdc-a2a06014a372,126505
18036c84-0da6-4c1e-9b11-126a55b485c7,e7338740-b7ee-469c-9c74-bee7dd5f18d2,90911
2c9eb637-701c-47c0-86f9-52df6517d923,a44a2fb9-565b-468e-a23d-5956fdd2e744,164862
e3dc7114-400f-4423-b05f-d6c737c28279,b55783b5-489c-4878-a0aa-c81825d0ae80,271350
f38f3d11-ca55-4e14-9b7a-3c41774011e1,87fcf9bd-c496-499a-8ddd-b5f35af99931,402711
4d871fb3-f0e1-4dc9-8415-2546e8723250,7d7d78f3-acce-4f6a-9cea-2a3afcde3e8f,130068
839cc007-0190-43a3-a229-b97fe0fdddd1,9303996d-4078-4c79-80db-6a3eaa36104a,44033
7d7c80c6-da3d-482a-87d2-4323b489f08b,4b2c12b4-cdf9-4dc2-b23a-09610cc147eb,22324
06e59082-1be0-4c86-87a5-ccf1f9fea164,b35a5f3e-d9e7-47bf-a5f8-e8abdc9166c0,253398
e413f084-e90e-424a-b205-f3dd75142edc,e313b334-d8e0-4f9d-a841-02495ccfd0d4,25234
28be9ff8-6e8b-486b-bf5d-0d5f62c0c810,ea73977d-dcbd-4fd4-81c2-5ac84fa64cac,330218
0305e738-0366-4b59-9641-5036465d07cd,b54ac68a-3eca-435c-8902-200a1a1b09ff,74386
28be9ff8-6e8b-486b-bf5d-0d5f62c0c810,2993ded9-071e-45bc-9b13-accdf5d3ebec,227648
dbc42853-f1be-402c-845f-6452bea1fcf0,7d7d78f3-acce-4f6a-9cea-2a3afcde3e8f,209953
54835b8a-a27f-4145-a0f6-df40badc1d0e,3b07c7ff-6fed-490a-a9e1-f5bafebc6f0b,30549
14d26f53-dd5e-4cfa-aada-67c21bb5d939,8c6f7203-3c40-4766-9212-79d89260e8e9,113414
6c6bed17-97db-4220-bcd7-9c74bb5c30a0,14d26f53-dd5e-4cfa-aada-67c21bb5d939,142659
78560cc8-0cca-433a-8291-89c80601bf63,b5c5b6ab-0337-4187-afc3-a1ec6230064f,53512
c855958a-64c0-4592-b32a-d7a4c8b2b733,cd4373fe-0091-4421-898d-1322bb7921e8,255667
dbc42853-f1be-402c-845f-6452bea1fcf0,04d0fe46-e270-4bf0-b721-ee363d6a6e2f,274443
310f8c32-4e53-4985-bd1b-6da805a969db,1a445f91-2ead-438a-9157-e2306187972a,93011
8536988f-ed41-448c-97ce-9555c75abfaa,d1f46208-0958-4793-bf89-39afc8da5c85,130727
2c9eb637-701c-47c0-86f9-52df6517d923,45e57df9-772b-40ca-aafc-898162c69844,195111
08610465-eb20-4cef-a770-ee3cd8e75508,cd4373fe-0091-4421-898d-1322bb7921e8,166021
a43c454e-eaae-4ccf-ba48-24cf178c0031,78699c1e-3234-4c39-a2d4-5e6e545dc68e,2457
54835b8a-a27f-4145-a0f6-df40badc1d0e,b5dc2142-0bad-4987-be8e-d11f22d9ea51,32751
54835b8a-a27f-4145-a0f6-df40badc1d0e,64afb508-3fdb-4f14-a721-040f46ad6d54,125739
08610465-eb20-4cef-a770-ee3cd8e75508,d7ea63f6-7280-453f-83c2-3f8ddc60ef79,183599
8a5a20aa-c7aa-4e06-b3af-7285634af283,78560cc8-0cca-433a-8291-89c80601bf63,8513
1db7abdf-2504-4e24-99b3-3dffe16ee8eb,78fd87d1-526d-4b18-8de8-c4c281977037,222269
68dd02c1-3e68-4d4d-8773-fe9569808537,a8fe04d7-c6e9-4857-be39-37559d653f33,186826
180627e6-0c19-44ba-82b6-4ec97d3ad85d,b5c5b6ab-0337-4187-afc3-a1ec6230064f,201400
45e57df9-772b-40ca-aafc-898162c69844,cb0c31f6-0fd6-46de-af02-5d25005aa5bb,126816
4b2c12b4-cdf9-4dc2-b23a-09610cc147eb,54d734a2-73fa-4c9d-8cf3-7a39eaef3b2d,453158
4b3124e8-5fe8-4c26-8e72-8f6ba2766978,87fcf9bd-c496-499a-8ddd-b5f35af99931,266510
48ad0f18-b76e-4483-9afc-cd7e59be5f3a,095d08c2-5199-4d31-a548-12b5955c61a1,367224
3535f85d-9583-4470-ac4c-9afdc1038270,f38f3d11-ca55-4e14-9b7a-3c41774011e1,170969
b5c5b6ab-0337-4187-afc3-a1ec6230064f,0305e738-0366-4b59-9641-5036465d07cd,86842
5f9a0ffa-c748-4fbb-95a5-8eab94c05210,2130aa47-2aba-4a23-b3ca-a4360325ae32,195115
5d4da318-295f-43fd-b303-bbd5fc786145,06e59082-1be0-4c86-87a5-ccf1f9fea164,126017
d9dbc87f-1fec-4d78-bf2b-ec41887dfd44,01961663-3143-4f5c-92e7-965eec12a0f9,337682
8a1eb4a2-9b78-44bf-bb1e-2556e0dab34c,839cc007-0190-43a3-a229-b97fe0fdddd1,320416
c855958a-64c0-4592-b32a-d7a4c8b2b733,f38f3d11-ca55-4e14-9b7a-3c41774011e1,271157
87fcf9bd-c496-499a-8ddd-b5f35af99931,18036c84-0da6-4c1e-9b11-126a55b485c7,115822
83ca04ab-5096-4031-b64a-163ca57dfb1b,e3dc7114-400f-4423-b05f-d6c737c28279,435449
a9b5bf1c-cbe0-4d26-9be9-e219091870fb,5065fc4a-0d76-4ae7-84f0-b17d57bc7ce8,358033
7cc6cfa4-c1e9-494a-986b-bbf607bc5550,a730d385-0f71-42a3-8b8c-b4195bfa8f1f,253852
12ff259b-fcec-4111-8a3e-92f1b34ef005,14d26f53-dd5e-4cfa-aada-67c21bb5d939,284054
310f8c32-4e53-4985-bd1b-6da805a969db,e3dc7114-400f-4423-b05f-d6c737c28279,70449
d59927c9-8f84-405f-b928-2ec21f8c6eb1,1cf3a191-a526-4d97-a3d3-434d14f60ce3,126530
08610465-eb20-4cef-a770-ee3cd8e75508,6e279e72-004f-470e-8bb4-0999c3fc6164,169601
1db7abdf-2504-4e24-99b3-3dffe16ee8eb,1277cc00-3031-42e9-bb55-37ca86bbfb7c,108358
b5dc2142-0bad-4987-be8e-d11f22d9ea51,5d4da318-295f-43fd-b303-bbd5fc786145,454587
45e57df9-772b-40ca-aafc-898162c69844,853a8faf-f277-4783-a080-1a32165bdc6e,390687
c855958a-64c0-4592-b32a-d7a4c8b2b733,a9b5bf1c-cbe0-4d26-9be9-e219091870fb,315238
a43c454e-eaae-4ccf-ba48-24cf178c0031,7cc6cfa4-c1e9-494a-986b-bbf607bc5550,6958
f52dd1ff-6bbf-4473-8f2f-718db4a10f87,1a445f91-2ead-438a-9157-e2306187972a,278433
c855958a-64c0-4592-b32a-d7a4c8b2b733,28be9ff8-6e8b-486b-bf5d-0d5f62c0c810,250563
558c8707-3d8a-4375-8e7e-998395fb46e5,5e62c6a4-2bb4-4e1c-8488-e10c7b1c3f63,44545
27a6c30d-3dd4-430c-9b72-6a22b6bc28be,1db7abdf-2504-4e24-99b3-3dffe16ee8eb,154796
119ea857-b60b-491c-8e01-ab437e50f26e,3fe4fa6b-719c-428e-ab19-ac1e5a83f0f1,359058
78560cc8-0cca-433a-8291-89c80601bf63,98eab8e7-ae72-4457-9ea0-742b7ae8093d,50510
6603d019-cf11-4464-af83-d73a6114d7d9,29e9ab61-e061-4d94-8cd3-c99446d51c55,18568
22a5a25e-618e-456a-b80a-9cbef2c43460,b5dc2142-0bad-4987-be8e-d11f22d9ea51,33331
fadaa8d2-d11e-48f4-b113-7ae97265e717,384df65c-8611-4041-99a2-9b5a19d87245,72845
0a672532-6002-4b7d-bee3-274a62a9fb5a,07f047c6-eec0-4f71-98d8-0b06fac54ea9,243218
28be9ff8-6e8b-486b-bf5d-0d5f62c0c810,51d7b18f-7c8c-4230-a198-36ad0e73f79d,233008
310f8c32-4e53-4985-bd1b-6da805a969db,78560cc8-0cca-433a-8291-89c80601bf63,112806
48ad0f18-b76e-4483-9afc-cd7e59be5f3a,b154fd49-3672-4066-8fe1-a9993e912518,263620
48ad0f18-b76e-4483-9afc-cd7e59be5f3a,cd0aac86-7ac4-4828-8feb-b4a36d4f517c,167761
85b8f4a0-8132-49e1-8991-32d3b09d6b71,54d734a2-73fa-4c9d-8cf3-7a39eaef3b2d,210819
45e57df9-772b-40ca-aafc-898162c69844,7d7d78f3-acce-4f6a-9cea-2a3afcde3e8f,386307
14d26f53-dd5e-4cfa-aada-67c21bb5d939,0a48b595-c065-4fc3-81fc-25305be2e919,147499
0305e738-0366-4b59-9641-5036465d07cd,87fcf9bd-c496-499a-8ddd-b5f35af99931,110421
2130aa47-2aba-4a23-b3ca-a4360325ae32,dbc42853-f1be-402c-845f-6452bea1fcf0,156810
d3f7b752-a107-4df3-9795-14db35826c73,8536988f-ed41-448c-97ce-9555c75abfaa,542220
12ff259b-fcec-4111-8a3e-92f1b34ef005,3b07c7ff-6fed-490a-a9e1-f5bafebc6f0b,368617
14d26f53-dd5e-4cfa-aada-67c21bb5d939,ea73977d-dcbd-4fd4-81c2-5ac84fa64cac,187369
f52dd1ff-6bbf-4473-8f2f-718db4a10f87,18036c84-0da6-4c1e-9b11-126a55b485c7,544512
60daa3ab-6065-4f2b-830b-86b36bb4afe8,cd4373fe-0091-4421-898d-1322bb7921e8,385180
cce1aaa6-a333-477e-8c63-815bef486b25,c855958a-64c0-4592-b32a-d7a4c8b2b733,160789
25b1246f-0e37-44e9-a053-8fa48c7f8e1e,b391f9a6-4399-4069-9150-100fa9423b03,73095
d7ea63f6-7280-453f-83c2-3f8ddc60ef79,e731b69c-eeaf-4cae-8db6-e0cb7a703579,59828
27a6c30d-3dd4-430c-9b72-6a22b6bc28be,b55783b5-489c-4878-a0aa-c81825d0ae80,229173
d3f7b752-a107-4df3-9795-14db35826c73,a8fe04d7-c6e9-4857-be39-37559d653f33,565074
7d7d78f3-acce-4f6a-9cea-2a3afcde3e8f,394c6a7f-f4e5-40b8-bf5b-a953d624f184,10580
c63bfa5b-d5bb-461c-b9eb-e8744301a90e,d7ea63f6-7280-453f-83c2-3f8ddc60ef79,86077
245f557e-4c75-4015-b6b5-3a52111e716f,cd4373fe-0091-4421-898d-1322bb7921e8,123354
5065fc4a-0d76-4ae7-84f0-b17d57bc7ce8,3b07c7ff-6fed-490a-a9e1-f5bafebc6f0b,260200
28be9ff8-6e8b-486b-bf5d-0d5f62c0c810,a44a2fb9-565b-468e-a23d-5956fdd2e744,78470
095d08c2-5199-4d31-a548-12b5955c61a1,f52dd1ff-6bbf-4473-8f2f-718db4a10f87,281399
7d7d78f3-acce-4f6a-9cea-2a3afcde3e8f,464300eb-3855-4132-b377-6fe93a794fee,8125
5065fc4a-0d76-4ae7-84f0-b17d57bc7ce8,18036c84-0da6-4c1e-9b11-126a55b485c7,230458
3fe4fa6b-719c-428e-ab19-ac1e5a83f0f1,cf8d0727-06ae-41b7-a2bf-c14ea6affcfa,140352
4e6f9bb8-78a5-4e09-9673-cce1f5489a5b,10949264-8492-44d9-ba5c-65c4b7838df4,70722
29e9ab61-e061-4d94-8cd3-c99446d51c55,dbc42853-f1be-402c-845f-6452bea1fcf0,244743
b55783b5-489c-4878-a0aa-c81825d0ae80,a44a2fb9-565b-468e-a23d-5956fdd2e744,97303
28be9ff8-6e8b-486b-bf5d-0d5f62c0c810,08610465-eb20-4cef-a770-ee3cd8e75508,408057
3628d3b6-b07f-41cd-8c09-8c99afa414ba,2daeec3a-f864-4eba-bdf5-03ccf9feb992,106971
1cf3a191-a526-4d97-a3d3-434d14f60ce3,4b2c12b4-cdf9-4dc2-b23a-09610cc147eb,266241
51d7b18f-7c8c-4230-a198-36ad0e73f79d,d9dbc87f-1fec-4d78-bf2b-ec41887dfd44,347267
e7338740-b7ee-469c-9c74-bee7dd5f18d2,b35a5f3e-d9e7-47bf-a5f8-e8abdc9166c0,84978
a8fe04d7-c6e9-4857-be39-37559d653f33,d3f7b752-a107-4df3-9795-14db35826c73,129992
08610465-eb20-4cef-a770-ee3cd8e75508,96e28973-b877-402f-b3ae-36ec55c8844e,218266
a9b5bf1c-cbe0-4d26-9be9-e219091870fb,1dc801b8-53d9-46a5-85fd-164140883dd0,151645
2130aa47-2aba-4a23-b3ca-a4360325ae32,245f557e-4c75-4015-b6b5-3a52111e716f,353004
d3f7b752-a107-4df3-9795-14db35826c73,c855958a-64c0-4592-b32a-d7a4c8b2b733,445136
06e59082-1be0-4c86-87a5-ccf1f9fea164,759c268e-84f7-4975-a0d9-19b2cd8f0dde,260556
fadaa8d2-d11e-48f4-b113-7ae97265e717,e313b334-d8e0-4f9d-a841-02495ccfd0d4,53889
e121b8a7-f238-42b9-8457-181650d599f1,d3f7b752-a107-4df3-9795-14db35826c73,19840
1cf3a191-a526-4d97-a3d3-434d14f60ce3,21140c1d-976c-4879-8bdc-a2a06014a372,221797
385ddbb9-9e74-4532-b04a-de4e304cf8a7,1a445f91-2ead-438a-9157-e2306187972a,34395
2993ded9-071e-45bc-9b13-accdf5d3ebec,7d7c80c6-da3d-482a-87d2-4323b489f08b,4280
11e6699e-09c0-4e83-aa27-821896ae0c18,7cc6cfa4-c1e9-494a-986b-bbf607bc5550,103683
9bb7ec36-dda1-4ff9-a738-6f7f2e9f7630,d9dbc87f-1fec-4d78-bf2b-ec41887dfd44,74331
10949264-8492-44d9-ba5c-65c4b7838df4,2993ded9-071e-45bc-9b13-accdf5d3ebec,223072
853a8faf-f277-4783-a080-1a32165bdc6e,60daa3ab-6065-4f2b-830b-86b36bb4afe8,460227
47cd9c20-4d9e-4b8a-813b-7cf5ccc918cd,cb0c31f6-0fd6-46de-af02-5d25005aa5bb,89682
a43c454e-eaae-4ccf-ba48-24cf178c0031,839cc007-0190-43a3-a229-b97fe0fdddd1,6684
2993ded9-071e-45bc-9b13-accdf5d3ebec,d1f46208-0958-4793-bf89-39afc8da5c85,6954
54835b8a-a27f-4145-a0f6-df40badc1d0e,7d7c80c6-da3d-482a-87d2-4323b489f08b,83035
04d0fe46-e270-4bf0-b721-ee363d6a6e2f,d59927c9-8f84-405f-b928-2ec21f8c6eb1,92949
25b1246f-0e37-44e9-a053-8fa48c7f8e1e,7fba12e8-f336-4a99-a479-dbcb1fc058b8,59875
8a1eb4a2-9b78-44bf-bb1e-2556e0dab34c,384df65c-8611-4041-99a2-9b5a19d87245,318437
28be9ff8-6e8b-486b-bf5d-0d5f62c0c810,b55783b5-489c-4878-a0aa-c81825d0ae80,441902
5065fc4a-0d76-4ae7-84f0-b17d57bc7ce8,68dd02c1-3e68-4d4d-8773-fe9569808537,113208
06e59082-1be0-4c86-87a5-ccf1f9fea164,45e57df9-772b-40ca-aafc-898162c69844,427053
65d47575-b37f-4501-841e-142b28a09398,0a48b595-c065-4fc3-81fc-25305be2e919,55685
0532f619-2dfb-4ed2-8656-ce67a56128aa,d1f46208-0958-4793-bf89-39afc8da5c85,98356
64afb508-3fdb-4f14-a721-040f46ad6d54,99d5f7aa-2bc3-4aab-be55-528b049579c6,395177
cd4373fe-0091-4421-898d-1322bb7921e8,87d34d56-3bfc-4b8e-b3cf-5f8fc1df2732,146117
b31626b2-19f3-473f-8056-240a12f26768,14d26f53-dd5e-4cfa-aada-67c21bb5d939,152585
1cf3a191-a526-4d97-a3d3-434d14f60ce3,b31626b2-19f3-473f-8056-240a12f26768,165106
5e62c6a4-2bb4-4e1c-8488-e10c7b1c3f63,7cc6cfa4-c1e9-494a-986b-bbf607bc5550,123983
87fcf9bd-c496-499a-8ddd-b5f35af99931,87d34d56-3bfc-4b8e-b3cf-5f8fc1df2732,52488
a90a0979-3d6a-4c77-b2ce-81ba1f5311a5,54d734a2-73fa-4c9d-8cf3-7a39eaef3b2d,47225
b31626b2-19f3-473f-8056-240a12f26768,095d08c2-5199-4d31-a548-12b5955c61a1,395132
a730d385-0f71-42a3-8b8c-b4195bfa8f1f,6c6bed17-97db-4220-bcd7-9c74bb5c30a0,127016
3b07c7ff-6fed-490a-a9e1-f5bafebc6f0b,3535f85d-9583-4470-ac4c-9afdc1038270,190348
21140c1d-976c-4879-8bdc-a2a06014a372,98eab8e7-ae72-4457-9ea0-742b7ae8093d,135033
6603d019-cf11-4464-af83-d73a6114d7d9,e313b334-d8e0-4f9d-a841-02495ccfd0d4,24736
0e73205f-4f6a-4208-ad93-9e5206df13c7,e313b334-d8e0-4f9d-a841-02495ccfd0d4,257651
45e57df9-772b-40ca-aafc-898162c69844,310f8c32-4e53-4985-bd1b-6da805a969db,154341
2c9eb637-701c-47c0-86f9-52df6517d923,7cc6cfa4-c1e9-494a-986b-bbf607bc5550,63922
29e9ab61-e061-4d94-8cd3-c99446d51c55,01961663-3143-4f5c-92e7-965eec12a0f9,121016
0305e738-0366-4b59-9641-5036465d07cd,15ba1443-4cf1-4367-93b6-60fbb95a5b5e,314847
5f9a0ffa-c748-4fbb-95a5-8eab94c05210,0e73205f-4f6a-4208-ad93-9e5206df13c7,167038
54d734a2-73fa-4c9d-8cf3-7a39eaef3b2d,8c6f7203-3c40-4766-9212-79d89260e8e9,33921
b55783b5-489c-4878-a0aa-c81825d0ae80,8a1eb4a2-9b78-44bf-bb1e-2556e0dab34c,107349
14d26f53-dd5e-4cfa-aada-67c21bb5d939,b2063c94-d6ff-4b99-9b1a-191d9fc22602,187581
e731b69c-eeaf-4cae-8db6-e0cb7a703579,27a6c30d-3dd4-430c-9b72-6a22b6bc28be,47737
7fba12e8-f336-4a99-a479-dbcb1fc058b8,5f9a0ffa-c748-4fbb-95a5-8eab94c05210,381272
d9dbc87f-1fec-4d78-bf2b-ec41887dfd44,e7338740-b7ee-469c-9c74-bee7dd5f18d2,103257
f52dd1ff-6bbf-4473-8f2f-718db4a10f87,cce1aaa6-a333-477e-8c63-815bef486b25,302603
78560cc8-0cca-433a-8291-89c80601bf63,2c754a65-ff58-47e6-85c1-78eb1aca2225,67936
08610465-eb20-4cef-a770-ee3cd8e75508,5d4da318-295f-43fd-b303-bbd5fc786145,135713
2c9eb637-701c-47c0-86f9-52df6517d923,a44a2fb9-565b-468e-a23d-5956fdd2e744,53355
095d08c2-5199-4d31-a548-12b5955c61a1,d59927c9-8f84-405f-b928-2ec21f8c6eb1,85764
8a5a20aa-c7aa-4e06-b3af-7285634af283,b35a5f3e-d9e7-47bf-a5f8-e8abdc9166c0,2662
25b1246f-0e37-44e9-a053-8fa48c7f8e1e,1277cc00-3031-42e9-bb55-37ca86bbfb7c,214184
1cf3a191-a526-4d97-a3d3-434d14f60ce3,9eddc067-b8c5-418d-8707-e41b27dafb46,93601
04d0fe46-e270-4bf0-b721-ee363d6a6e2f,b35a5f3e-d9e7-47bf-a5f8-e8abdc9166c0,268673
245f557e-4c75-4015-b6b5-3a52111e716f,6e279e72-004f-470e-8bb4-0999c3fc6164,70170
6e279e72-004f-470e-8bb4-0999c3fc6164,c63bfa5b-d5bb-461c-b9eb-e8744301a90e,120049
b54ac68a-3eca-435c-8902-200a1a1b09ff,29e9ab61-e061-4d94-8cd3-c99446d51c55,198745
839cc007-0190-43a3-a229-b97fe0fdddd1,385ddbb9-9e74-4532-b04a-de4e304cf8a7,49746
cb0c31f6-0fd6-46de-af02-5d25005aa5bb,ea73977d-dcbd-4fd4-81c2-5ac84fa64cac,254465
d59927c9-8f84-405f-b928-2ec21f8c6eb1,85b8f4a0-8132-49e1-8991-32d3b09d6b71,68333
96e28973-b877-402f-b3ae-36ec55c8844e,2c754a65-ff58-47e6-85c1-78eb1aca2225,296238
fadaa8d2-d11e-48f4-b113-7ae97265e717,6603d019-cf11-4464-af83-d73a6114d7d9,32506
8a1eb4a2-9b78-44bf-bb1e-2556e0dab34c,b2063c94-d6ff-4b99-9b1a-191d9fc22602,83993
b54ac68a-3eca-435c-8902-200a1a1b09ff,68dd02c1-3e68-4d4d-8773-fe9569808537,279164
464300eb-3855-4132-b377-6fe93a794fee,1db7abdf-2504-4e24-99b3-3dffe16ee8eb,141218
32fffa33-1cd7-46d6-8e2e-e98450886d01,d7ea63f6-7280-453f-83c2-3f8ddc60ef79,16433
54d734a2-73fa-4c9d-8cf3-7a39eaef3b2d,b5dc2142-0bad-4987-be8e-d11f22d9ea51,62982
4b3124e8-5fe8-4c26-8e72-8f6ba2766978,7d7d78f3-acce-4f6a-9cea-2a3afcde3e8f,346051
f38f3d11-ca55-4e14-9b7a-3c41774011e1,b54ac68a-3eca-435c-8902-200a1a1b09ff,466921
d1f46208-0958-4793-bf89-39afc8da5c85,a8a3a809-1348-41fe-b334-afa6e29e0493,84482
28be9ff8-6e8b-486b-bf5d-0d5f62c0c810,1a445f91-2ead-438a-9157-e2306187972a,154357
d3f7b752-a107-4df3-9795-14db35826c73,a8a3a809-1348-41fe-b334-afa6e29e0493,323426
0e73205f-4f6a-4208-ad93-9e5206df13c7,15ba1443-4cf1-4367-93b6-60fbb95a5b5e,498030
5f9a0ffa-c748-4fbb-95a5-8eab94c05210,d59927c9-8f84-405f-b928-2ec21f8c6eb1,166109
c63bfa5b-d5bb-461c-b9eb-e8744301a90e,08610465-eb20-4cef-a770-ee3cd8e75508,60813
98eab8e7-ae72-4457-9ea0-742b7ae8093d,180627e6-0c19-44ba-82b6-4ec97d3ad85d,27368
15ba1443-4cf1-4367-93b6-60fbb95a5b5e,45e57df9-772b-40ca-aafc-898162c69844,331893
0305e738-0366-4b59-9641-5036465d07cd,14d26f53-dd5e-4cfa-aada-67c21bb5d939,173739
d3f7b752-a107-4df3-9795-14db35826c73,7fba12e8-f336-4a99-a479-dbcb1fc058b8,471580
1cf3a191-a526-4d97-a3d3-434d14f60ce3,cd0aac86-7ac4-4828-8feb-b4a36d4f517c,433002
11e6699e-09c0-4e83-aa27-821896ae0c18,e413f084-e90e-424a-b205-f3dd75142edc,65769
385ddbb9-9e74-4532-b04a-de4e304cf8a7,7fba12e8-f336-4a99-a479-dbcb1fc058b8,135825
85b8f4a0-8132-49e1-8991-32d3b09d6b71,db21b201-6b2e-4e52-ad8d-d44123fc5c63,323399
07f047c6-eec0-4f71-98d8-0b06fac54ea9,fadaa8d2-d11e-48f4-b113-7ae97265e717,86920
d7ea63f6-7280-453f-83c2-3f8ddc60ef79,8a1eb4a2-9b78-44bf-bb1e-2556e0dab34c,149206
78560cc8-0cca-433a-8291-89c80601bf63,68dd02c1-3e68-4d4d-8773-fe9569808537,43590
01961663-3143-4f5c-92e7-965eec12a0f9,b54ac68a-3eca-435c-8902-200a1a1b09ff,55670
87fcf9bd-c496-499a-8ddd-b5f35af99931,0305e738-0366-4b59-9641-5036465d07cd,94322
cd0aac86-7ac4-4828-8feb-b4a36d4f517c,2993ded9-071e-45bc-9b13-accdf5d3ebec,193662
1cf3a191-a526-4d97-a3d3-434d14f60ce3,68dd02c1-3e68-4d4d-8773-fe9569808537,413254
78699c1e-3234-4c39-a2d4-5e6e545dc68e,22a5a25e-618e-456a-b80a-9cbef2c43460,278614
6c6bed17-97db-4220-bcd7-9c74bb5c30a0,d59927c9-8f84-405f-b928-2ec21f8c6eb1,204696
3535f85d-9583-4470-ac4c-9afdc1038270,f38f3d11-ca55-4e14-9b7a-3c41774011e1,217611
095d08c2-5199-4d31-a548-12b5955c61a1,6603d019-cf11-4464-af83-d73a6114d7d9,384595
10949264-8492-44d9-ba5c-65c4b7838df4,5f9a0ffa-c748-4fbb-95a5-8eab94c05210,132429
a43c454e-eaae-4ccf-ba48-24cf178c0031,12ff259b-fcec-4111-8a3e-92f1b34ef005,2869
0532f619-2dfb-4ed2-8656-ce67a56128aa,25b1246f-0e37-44e9-a053-8fa48c7f8e1e,179808
8a5a20aa-c7aa-4e06-b3af-7285634af283,01961663-3143-4f5c-92e7-965eec12a0f9,10664
cd0aac86-7ac4-4828-8feb-b4a36d4f517c,6c6bed17-97db-4220-bcd7-9c74bb5c30a0,162410
2130aa47-2aba-4a23-b3ca-a4360325ae32,fadaa8d2-d11e-48f4-b113-7ae97265e717,160267
245f557e-4c75-4015-b6b5-3a52111e716f,a90a0979-3d6a-4c77-b2ce-81ba1f5311a5,187060
28be9ff8-6e8b-486b-bf5d-0d5f62c0c810,5065fc4a-0d76-4ae7-84f0-b17d57bc7ce8,122801
3628d3b6-b07f-41cd-8c09-8c99afa414ba,25b1246f-0e37-44e9-a053-8fa48c7f8e1e,357901
839cc007-0190-43a3-a229-b97fe0fdddd1,0a48b595-c065-4fc3-81fc-25305be2e919,23099
b5dc2142-0bad-4987-be8e-d11f22d9ea51,095d08c2-5199-4d31-a548-12b5955c61a1,154483
4130354e-87e6-4255-9189-522263c3027f,095d08c2-5199-4d31-a548-12b5955c61a1,327708
9303996d-4078-4c79-80db-6a3eaa36104a,a8a3a809-1348-41fe-b334-afa6e29e0493,261862
22a5a25e-618e-456a-b80a-9cbef2c43460,78699c1e-3234-4c39-a2d4-5e6e545dc68e,14412
b154fd49-3672-4066-8fe1-a9993e912518,8a5a20aa-c7aa-4e06-b3af-7285634af283,16717
6c6bed17-97db-4220-bcd7-9c74bb5c30a0,839cc007-0190-43a3-a229-b97fe0fdddd1,171926
a730d385-0f71-42a3-8b8c-b4195bfa8f1f,87d34d56-3bfc-4b8e-b3cf-5f8fc1df2732,346403
f38f3d11-ca55-4e14-9b7a-3c41774011e1,8a1eb4a2-9b78-44bf-bb1e-2556e0dab34c,460008
9eddc067-b8c5-418d-8707-e41b27dafb46,5e62c6a4-2bb4-4e1c-8488-e10c7b1c3f63,38883
5f9a0ffa-c748-4fbb-95a5-8eab94c05210,400beeb3-50ab-4b56-8775-3b2b07aedbc3,236341
cce1aaa6-a333-477e-8c63-815bef486b25,b154fd49-3672-4066-8fe1-a9993e912518,165791
a9b5bf1c-cbe0-4d26-9be9-e219091870fb,b54ac68a-3eca-435c-8902-200a1a1b09ff,178374
96e28973-b877-402f-b3ae-36ec55c8844e,d1f46208-0958-4793-bf89-39afc8da5c85,440649
f38f3d11-ca55-4e14-9b7a-3c41774011e1,4130354e-87e6-4255-9189-522263c3027f,118223
a9b5bf1c-cbe0-4d26-9be9-e219091870fb,a730d385-0f71-42a3-8b8c-b4195bfa8f1f,206147
67a1a352-63c6-43f9-9d71-ce28a20ae21c,f5a4a30f-bf41-44c8-b3b3-283ffe260a60,43542
25cf4233-39d3-47dc-bf10-51d2687e74de,0a48b595-c065-4fc3-81fc-25305be2e919,55979
87fcf9bd-c496-499a-8ddd-b5f35af99931,3628d3b6-b07f-41cd-8c09-8c99afa414ba,129227
8c6f7203-3c40-4766-9212-79d89260e8e9,839cc007-0190-43a3-a229-b97fe0fdddd1,136627
5f9a0ffa-c748-4fbb-95a5-8eab94c05210,7e557ea8-c91d-46eb-8ca1-0358f43dcabe,226586
8a5a20aa-c7aa-4e06-b3af-7285634af283,e731b69c-eeaf-4cae-8db6-e0cb7a703579,5527
d1f46208-0958-4793-bf89-39afc8da5c85,a90a0979-3d6a-4c77-b2ce-81ba1f5311a5,267302
a8fe04d7-c6e9-4857-be39-37559d653f33,67a1a352-63c6-43f9-9d71-ce28a20ae21c,55589
310f8c32-4e53-4985-bd1b-6da805a969db,8536988f-ed41-448c-97ce-9555c75abfaa,165913
b391f9a6-4399-4069-9150-100fa9423b03,cb0c31f6-0fd6-46de-af02-5d25005aa5bb,188884
e731b69c-eeaf-4cae-8db6-e0cb7a703579,7e557ea8-c91d-46eb-8ca1-0358f43dcabe,25086
2c754a65-ff58-47e6-85c1-78eb1aca2225,1ab2769c-a290-4b2f-9e27-da26985f69d8,159841
dbc42853-f1be-402c-845f-6452bea1fcf0,3628d3b6-b07f-41cd-8c09-8c99afa414ba,534080
18036c84-0da6-4c1e-9b11-126a55b485c7,b154fd49-3672-4066-8fe1-a9993e912518,357211
e731b69c-eeaf-4cae-8db6-e0cb7a703579,78560cc8-0cca-433a-8291-89c80601bf63,67041
2c754a65-ff58-47e6-85c1-78eb1aca2225,839cc007-0190-43a3-a229-b97fe0fdddd1,57653
a44a2fb9-565b-468e-a23d-5956fdd2e744,b391f9a6-4399-4069-9150-100fa9423b03,48326
ea73977d-dcbd-4fd4-81c2-5ac84fa64cac,6603d019-cf11-4464-af83-d73a6114d7d9,104517
0532f619-2dfb-4ed2-8656-ce67a56128aa,01961663-3143-4f5c-92e7-965eec12a0f9,123880
400beeb3-50ab-4b56-8775-3b2b07aedbc3,10949264-8492-44d9-ba5c-65c4b7838df4,74563
67a1a352-63c6-43f9-9d71-ce28a20ae21c,9303996d-4078-4c79-80db-6a3eaa36104a,38812
3628d3b6-b07f-41cd-8c09-8c99afa414ba,853a8faf-f277-4783-a080-1a32165bdc6e,249590
27a6c30d-3dd4-430c-9b72-6a22b6bc28be,21140c1d-976c-4879-8bdc-a2a06014a372,105082
464300eb-3855-4132-b377-6fe93a794fee,27a6c30d-3dd4-430c-9b72-6a22b6bc28be,153338
27a6c30d-3dd4-430c-9b72-6a22b6bc28be,1db7abdf-2504-4e24-99b3-3dffe16ee8eb,425698
1cf3a191-a526-4d97-a3d3-434d14f60ce3,96e28973-b877-402f-b3ae-36ec55c8844e,163436
2c9eb637-701c-47c0-86f9-52df6517d923,095d08c2-5199-4d31-a548-12b5955c61a1,38730
85b8f4a0-8132-49e1-8991-32d3b09d6b71,07f047c6-eec0-4f71-98d8-0b06fac54ea9,325880
119ea857-b60b-491c-8e01-ab437e50f26e,1ab2769c-a290-4b2f-9e27-da26985f69d8,316859
4b2c12b4-cdf9-4dc2-b23a-09610cc147eb,11e6699e-09c0-4e83-aa27-821896ae0c18,411247
12ff259b-fcec-4111-8a3e-92f1b34ef005,01961663-3143-4f5c-92e7-965eec12a0f9,282322
a8a3a809-1348-41fe-b334-afa6e29e0493,839cc007-0190-43a3-a229-b97fe0fdddd1,274437
853a8faf-f277-4783-a080-1a32165bdc6e,a730d385-0f71-42a3-8b8c-b4195bfa8f1f,500234
e313b334-d8e0-4f9d-a841-02495ccfd0d4,7cc6cfa4-c1e9-494a-986b-bbf607bc5550,125496
8a1eb4a2-9b78-44bf-bb1e-2556e0dab34c,01961663-3143-4f5c-92e7-965eec12a0f9,276219
095d08c2-5199-4d31-a548-12b5955c61a1,a44a2fb9-565b-468e-a23d-5956fdd2e744,335455
c855958a-64c0-4592-b32a-d7a4c8b2b733,7d7c80c6-da3d-482a-87d2-4323b489f08b,198760
b5dc2142-0bad-4987-be8e-d11f22d9ea51,04d0fe46-e270-4bf0-b721-ee363d6a6e2f,501180
0e73205f-4f6a-4208-ad93-9e5206df13c7,c9fc8fa1-ca0e-4b1e-904c-80e5d80b2e39,442608
9eddc067-b8c5-418d-8707-e41b27dafb46,54835b8a-a27f-4145-a0f6-df40badc1d0e,67699
f38f3d11-ca55-4e14-9b7a-3c41774011e1,25cf4233-39d3-47dc-bf10-51d2687e74de,309684
5f9a0ffa-c748-4fbb-95a5-8eab94c05210,0532f619-2dfb-4ed2-8656-ce67a56128aa,217724
12ff259b-fcec-4111-8a3e-92f1b34ef005,87fcf9bd-c496-499a-8ddd-b5f35af99931,241071
1db7abdf-2504-4e24-99b3-3dffe16ee8eb,2993ded9-071e-45bc-9b13-accdf5d3ebec,213092
0e73205f-4f6a-4208-ad93-9e5206df13c7,a730d385-0f71-42a3-8b8c-b4195bfa8f1f,429180
c9fc8fa1-ca0e-4b1e-904c-80e5d80b2e39,839cc007-0190-43a3-a229-b97fe0fdddd1,166553
7e557ea8-c91d-46eb-8ca1-0358f43dcabe,0305e738-0366-4b59-9641-5036465d07cd,93252
b2063c94-d6ff-4b99-9b1a-191d9fc22602,b5dc2142-0bad-4987-be8e-d11f22d9ea51,179905
4130354e-87e6-4255-9189-522263c3027f,d3f7b752-a107-4df3-9795-14db35826c73,268217
96e28973-b877-402f-b3ae-36ec55c8844e,78fd87d1-526d-4b18-8de8-c4c281977037,506914
47cd9c20-4d9e-4b8a-813b-7cf5ccc918cd,f38f3d11-ca55-4e14-9b7a-3c41774011e1,143476
8a5a20aa-c7aa-4e06-b3af-7285634af283,54835b8a-a27f-4145-a0f6-df40badc1d0e,6640
db21b201-6b2e-4e52-ad8d-d44123fc5c63,18036c84-0da6-4c1e-9b11-126a55b485c7,49423
8c6f7203-3c40-4766-9212-79d89260e8e9,b5c5b6ab-0337-4187-afc3-a1ec6230064f,401600
464300eb-3855-4132-b377-6fe93a794fee,87d34d56-3bfc-4b8e-b3cf-5f8fc1df2732,124134
839cc007-0190-43a3-a229-b97fe0fdddd1,400beeb3-50ab-4b56-8775-3b2b07aedbc3,30431
5d4da318-295f-43fd-b303-bbd5fc786145,32fffa33-1cd7-46d6-8e2e-e98450886d01,136962
0a672532-6002-4b7d-bee3-274a62a9fb5a,fadaa8d2-d11e-48f4-b113-7ae97265e717,289567
04d0fe46-e270-4bf0-b721-ee363d6a6e2f,47cd9c20-4d9e-4b8a-813b-7cf5ccc918cd,378709
01961663-3143-4f5c-92e7-965eec12a0f9,25cf4233-39d3-47dc-bf10-51d2687e74de,66562
6603d019-cf11-4464-af83-d73a6114d7d9,5065fc4a-0d76-4ae7-84f0-b17d57bc7ce8,13482
b55783b5-489c-4878-a0aa-c81825d0ae80,0a672532-6002-4b7d-bee3-274a62a9fb5a,44819
8c6f7203-3c40-4766-9212-79d89260e8e9,3fe4fa6b-719c-428e-ab19-ac1e5a83f0f1,84811
7d7d78f3-acce-4f6a-9cea-2a3afcde3e8f,e313b334-d8e0-4f9d-a841-02495ccfd0d4,4135
7cc6cfa4-c1e9-494a-986b-bbf607bc5550,cf8d0727-06ae-41b7-a2bf-c14ea6affcfa,423153
3628d3b6-b07f-41cd-8c09-8c99afa414ba,0532f619-2dfb-4ed2-8656-ce67a56128aa,118552
cce1aaa6-a333-477e-8c63-815bef486b25,b55783b5-489c-4878-a0aa-c81825d0ae80,81784
119ea857-b60b-491c-8e01-ab437e50f26e,15ba1443-4cf1-4367-93b6-60fbb95a5b5e,271424
47cd9c20-4d9e-4b8a-813b-7cf5ccc918cd,4d871fb3-f0e1-4dc9-8415-2546e8723250,86504
c855958a-64c0-4592-b32a-d7a4c8b2b733,7e557ea8-c91d-46eb-8ca1-0358f43dcabe,227421
400beeb3-50ab-4b56-8775-3b2b07aedbc3,3628d3b6-b07f-41cd-8c09-8c99afa414ba,61534
4b2c12b4-cdf9-4dc2-b23a-09610cc147eb,a8fe04d7-c6e9-4857-be39-37559d653f33,457469
394c6a7f-f4e5-40b8-bf5b-a953d624f184,cb0c31f6-0fd6-46de-af02-5d25005aa5bb,223633
60daa3ab-6065-4f2b-830b-86b36bb4afe8,47cd9c20-4d9e-4b8a-813b-7cf5ccc918cd,280981
5e62c6a4-2bb4-4e1c-8488-e10c7b1c3f63,9eddc067-b8c5-418d-8707-e41b27dafb46,78221
07f047c6-eec0-4f71-98d8-0b06fac54ea9,5065fc4a-0d76-4ae7-84f0-b17d57bc7ce8,431412
f52dd1ff-6bbf-4473-8f2f-718db4a10f87,e731b69c-eeaf-4cae-8db6-e0cb7a703579,229703
fadaa8d2-d11e-48f4-b113-7ae97265e717,b35a5f3e-d9e7-47bf-a5f8-e8abdc9166c0,23283
64afb508-3fdb-4f14-a721-040f46ad6d54,6c6bed17-97db-4220-bcd7-9c74bb5c30a0,450253
d3f7b752-a107-4df3-9795-14db35826c73,1dc801b8-53d9-46a5-85fd-164140883dd0,270839
d59927c9-8f84-405f-b928-2ec21f8c6eb1,0532f619-2dfb-4ed2-8656-ce67a56128aa,37623
29e9ab61-e061-4d94-8cd3-c99446d51c55,3628d3b6-b07f-41cd-8c09-8c99afa414ba,197302
6603d019-cf11-4464-af83-d73a6114d7d9,10949264-8492-44d9-ba5c-65c4b7838df4,25381
d7ea63f6-7280-453f-83c2-3f8ddc60ef79,7d7d78f3-acce-4f6a-9cea-2a3afcde3e8f,98706
e313b334-d8e0-4f9d-a841-02495ccfd0d4,96e28973-b877-402f-b3ae-36ec55c8844e,139169
0532f619-2dfb-4ed2-8656-ce67a56128aa,a730d385-0f71-42a3-8b8c-b4195bfa8f1f,145976
ea73977d-dcbd-4fd4-81c2-5ac84fa64cac,68dd02c1-3e68-4d4d-8773-fe9569808537,90635
15ba1443-4cf1-4367-93b6-60fbb95a5b5e,dbc42853-f1be-402c-845f-6452bea1fcf0,210648
04d0fe46-e270-4bf0-b721-ee363d6a6e2f,558c8707-3d8a-4375-8e7e-998395fb46e5,160843
8a1eb4a2-9b78-44bf-bb1e-2556e0dab34c,98eab8e7-ae72-4457-9ea0-742b7ae8093d,231550
6c6bed17-97db-4220-bcd7-9c74bb5c30a0,1ab2769c-a290-4b2f-9e27-da26985f69d8,181240
d9dbc87f-1fec-4d78-bf2b-ec41887dfd44,1cf3a191-a526-4d97-a3d3-434d14f60ce3,285247
384df65c-8611-4041-99a2-9b5a19d87245,b35a5f3e-d9e7-47bf-a5f8-e8abdc9166c0,114265
ea73977d-dcbd-4fd4-81c2-5ac84fa64cac,384df65c-8611-4041-99a2-9b5a19d87245,63516
cd4373fe-0091-4421-898d-1322bb7921e8,54d734a2-73fa-4c9d-8cf3-7a39eaef3b2d,271459
99d5f7aa-2bc3-4aab-be55-528b049579c6,27a6c30d-3dd4-430c-9b72-6a22b6bc28be,577309
60daa3ab-6065-4f2b-830b-86b36bb4afe8,310f8c32-4e53-4985-bd1b-6da805a969db,350381
04d0fe46-e270-4bf0-b721-ee363d6a6e2f,1ab2769c-a290-4b2f-9e27-da26985f69d8,260611
839cc007-0190-43a3-a229-b97fe0fdddd1,310f8c32-4e53-4985-bd1b-6da805a969db,9758
cce1aaa6-a333-477e-8c63-815bef486b25,a9b5bf1c-cbe0-4d26-9be9-e219091870fb,127196
5d4da318-295f-43fd-b303-bbd5fc786145,83ca04ab-5096-4031-b64a-163ca57dfb1b,155739
27a6c30d-3dd4-430c-9b72-6a22b6bc28be,3628d3b6-b07f-41cd-8c09-8c99afa414ba,404134
99d5f7aa-2bc3-4aab-be55-528b049579c6,f5a4a30f-bf41-44c8-b3b3-283ffe260a60,207387
db21b201-6b2e-4e52-ad8d-d44123fc5c63,96e28973-b877-402f-b3ae-36ec55c8844e,66730
a90a0979-3d6a-4c77-b2ce-81ba1f5311a5,18036c84-0da6-4c1e-9b11-126a55b485c7,160824
3b07c7ff-6fed-490a-a9e1-f5bafebc6f0b,48ad0f18-b76e-4483-9afc-cd7e59be5f3a,300209
180627e6-0c19-44ba-82b6-4ec97d3ad85d,47cd9c20-4d9e-4b8a-813b-7cf5ccc918cd,43092
65d47575-b37f-4501-841e-142b28a09398,e731b69c-eeaf-4cae-8db6-e0cb7a703579,156738
558c8707-3d8a-4375-8e7e-998395fb46e5,e121b8a7-f238-42b9-8457-181650d599f1,48715
51d7b18f-7c8c-4230-a198-36ad0e73f79d,2993ded9-071e-45bc-9b13-accdf5d3ebec,377972
a730d385-0f71-42a3-8b8c-b4195bfa8f1f,04d0fe46-e270-4bf0-b721-ee363d6a6e2f,119995
2daeec3a-f864-4eba-bdf5-03ccf9feb992,b154fd49-3672-4066-8fe1-a9993e912518,71693
095d08c2-5199-4d31-a548-12b5955c61a1,c9fc8fa1-ca0e-4b1e-904c-80e5d80b2e39,270359
a8fe04d7-c6e9-4857-be39-37559d653f33,d7ea63f6-7280-453f-83c2-3f8ddc60ef79,76659
d59927c9-8f84-405f-b928-2ec21f8c6eb1,1db7abdf-2504-4e24-99b3-3dffe16ee8eb,28695
095d08c2-5199-4d31-a548-12b5955c61a1,5e62c6a4-2bb4-4e1c-8488-e10c7b1c3f63,167631
cf8d0727-06ae-41b7-a2bf-c14ea6affcfa,6e279e72-004f-470e-8bb4-0999c3fc6164,50067
1dc801b8-53d9-46a5-85fd-164140883dd0,e413f084-e90e-424a-b205-f3dd75142edc,304614
4d871fb3-f0e1-4dc9-8415-2546e8723250,5f9a0ffa-c748-4fbb-95a5-8eab94c05210,284871
b5c5b6ab-0337-4187-afc3-a1ec6230064f,5e62c6a4-2bb4-4e1c-8488-e10c7b1c3f63,234018
65d47575-b37f-4501-841e-142b28a09398,3b07c7ff-6fed-490a-a9e1-f5bafebc6f0b,44885
7fba12e8-f336-4a99-a479-dbcb1fc058b8,e7338740-b7ee-469c-9c74-bee7dd5f18d2,405783
78560cc8-0cca-433a-8291-89c80601bf63,07f047c6-eec0-4f71-98d8-0b06fac54ea9,75253
18036c84-0da6-4c1e-9b11-126a55b485c7,45e57df9-772b-40ca-aafc-898162c69844,314922
60daa3ab-6065-4f2b-830b-86b36bb4afe8,87d34d56-3bfc-4b8e-b3cf-5f8fc1df2732,420818
d3f7b752-a107-4df3-9795-14db35826c73,b54ac68a-3eca-435c-8902-200a1a1b09ff,503599
1a445f91-2ead-438a-9157-e2306187972a,cce1aaa6-a333-477e-8c63-815bef486b25,225279
8c6f7203-3c40-4766-9212-79d89260e8e9,07f047c6-eec0-4f71-98d8-0b06fac54ea9,114033
7fba12e8-f336-4a99-a479-dbcb1fc058b8,5065fc4a-0d76-4ae7-84f0-b17d57bc7ce8,358895
e313b334-d8e0-4f9d-a841-02495ccfd0d4,9eddc067-b8c5-418d-8707-e41b27dafb46,440973
b35a5f3e-d9e7-47bf-a5f8-e8abdc9166c0,e7338740-b7ee-469c-9c74-bee7dd5f18d2,60675
a8a3a809-1348-41fe-b334-afa6e29e0493,47cd9c20-4d9e-4b8a-813b-7cf5ccc918cd,441456
5065fc4a-0d76-4ae7-84f0-b17d57bc7ce8,8c6f7203-3c40-4766-9212-79d89260e8e9,179847
d1f46208-0958-4793-bf89-39afc8da5c85,0305e738-0366-4b59-9641-5036465d07cd,117435
394c6a7f-f4e5-40b8-bf5b-a953d624f184,32fffa33-1cd7-46d6-8e2e-e98450886d01,216974
10949264-8492-44d9-ba5c-65c4b7838df4,9303996d-4078-4c79-80db-6a3eaa36104a,114829
22a5a25e-618e-456a-b80a-9cbef2c43460,dbc42853-f1be-402c-845f-6452bea1fcf0,27310
1a445f91-2ead-438a-9157-e2306187972a,04d0fe46-e270-4bf0-b721-ee363d6a6e2f,339342
e7338740-b7ee-469c-9c74-bee7dd5f18d2,f5a4a30f-bf41-44c8-b3b3-283ffe260a60,318932
07f047c6-eec0-4f71-98d8-0b06fac54ea9,28be9ff8-6e8b-486b-bf5d-0d5f62c0c810,128265
8c6f7203-3c40-4766-9212-79d89260e8e9,4130354e-87e6-4255-9189-522263c3027f,303023
8a5a20aa-c7aa-4e06-b3af-7285634af283,0a48b595-c065-4fc3-81fc-25305be2e919,10983
0a48b595-c065-4fc3-81fc-25305be2e919,2c754a65-ff58-47e6-85c1-78eb1aca2225,162035
25cf4233-39d3-47dc-bf10-51d2687e74de,18036c84-0da6-4c1e-9b11-126a55b485c7,53280
21140c1d-976c-4879-8bdc-a2a06014a372,b391f9a6-4399-4069-9150-100fa9423b03,232964
cd0aac86-7ac4-4828-8feb-b4a36d4f517c,394c6a7f-f4e5-40b8-bf5b-a953d624f184,323414
b2063c94-d6ff-4b99-9b1a-191d9fc22602,9bb7ec36-dda1-4ff9-a738-6f7f2e9f7630,82279
d9dbc87f-1fec-4d78-bf2b-ec41887dfd44,11e6699e-09c0-4e83-aa27-821896ae0c18,182476
a9b5bf1c-cbe0-4d26-9be9-e219091870fb,b31626b2-19f3-473f-8056-240a12f26768,104621
51d7b18f-7c8c-4230-a198-36ad0e73f79d,cd4373fe-0091-4421-898d-1322bb7921e8,326170
cd0aac86-7ac4-4828-8feb-b4a36d4f517c,2c754a65-ff58-47e6-85c1-78eb1aca2225,316788
1ab2769c-a290-4b2f-9e27-da26985f69d8,394c6a7f-f4e5-40b8-bf5b-a953d624f184,433740
65d47575-b37f-4501-841e-142b28a09398,2130aa47-2aba-4a23-b3ca-a4360325ae32,86398
cd0aac86-7ac4-4828-8feb-b4a36d4f517c,095d08c2-5199-4d31-a548-12b5955c61a1,77293
a8fe04d7-c6e9-4857-be39-37559d653f33,1ab2769c-a290-4b2f-9e27-da26985f69d8,142400
cce1aaa6-a333-477e-8c63-815bef486b25,245f557e-4c75-4015-b6b5-3a52111e716f,281272
4130354e-87e6-4255-9189-522263c3027f,ea73977d-dcbd-4fd4-81c2-5ac84fa64cac,269494
a8a3a809-1348-41fe-b334-afa6e29e0493,1ab2769c-a290-4b2f-9e27-da26985f69d8,373150
78fd87d1-526d-4b18-8de8-c4c281977037,d9dbc87f-1fec-4d78-bf2b-ec41887dfd44,42509
0a48b595-c065-4fc3-81fc-25305be2e919,1277cc00-3031-42e9-bb55-37ca86bbfb7c,461034
3fe4fa6b-719c-428e-ab19-ac1e5a83f0f1,06e59082-1be0-4c86-87a5-ccf1f9fea164,105766
e313b334-d8e0-4f9d-a841-02495ccfd0d4,06e59082-1be0-4c86-87a5-ccf1f9fea164,482994
04d0fe46-e270-4bf0-b721-ee363d6a6e2f,87d34d56-3bfc-4b8e-b3cf-5f8fc1df2732,403831
0a672532-6002-4b7d-bee3-274a62a9fb5a,11e6699e-09c0-4e83-aa27-821896ae0c18,264640
18036c84-0da6-4c1e-9b11-126a55b485c7,48ad0f18-b76e-4483-9afc-cd7e59be5f3a,458824
a9b5bf1c-cbe0-4d26-9be9-e219091870fb,54d734a2-73fa-4c9d-8cf3-7a39eaef3b2d,208540
c63bfa5b-d5bb-461c-b9eb-e8744301a90e,2c9eb637-701c-47c0-86f9-52df6517d923,93216
7d7c80c6-da3d-482a-87d2-4323b489f08b,0305e738-0366-4b59-9641-5036465d07cd,26512
1ab2769c-a290-4b2f-9e27-da26985f69d8,095d08c2-5199-4d31-a548-12b5955c61a1,458207
2c9eb637-701c-47c0-86f9-52df6517d923,14d26f53-dd5e-4cfa-aada-67c21bb5d939,194603
384df65c-8611-4041-99a2-9b5a19d87245,0305e738-0366-4b59-9641-5036465d07cd,124019
78fd87d1-526d-4b18-8de8-c4c281977037,58207bba-605a-4b23-98aa-9ac09a28437f,49898
a9b5bf1c-cbe0-4d26-9be9-e219091870fb,1cf3a191-a526-4d97-a3d3-434d14f60ce3,95802
b154fd49-3672-4066-8fe1-a9993e912518,e313b334-d8e0-4f9d-a841-02495ccfd0d4,41779
9bb7ec36-dda1-4ff9-a738-6f7f2e9f7630,54835b8a-a27f-4145-a0f6-df40badc1d0e,73924
b391f9a6-4399-4069-9150-100fa9423b03,558c8707-3d8a-4375-8e7e-998395fb46e5,408654
15ba1443-4cf1-4367-93b6-60fbb95a5b5e,d9dbc87f-1fec-4d78-bf2b-ec41887dfd44,112292
c855958a-64c0-4592-b32a-d7a4c8b2b733,cb0c31f6-0fd6-46de-af02-5d25005aa5bb,265683
65d47575-b37f-4501-841e-142b28a09398,78560cc8-0cca-433a-8291-89c80601bf63,31184
87d34d56-3bfc-4b8e-b3cf-5f8fc1df2732,b5dc2142-0bad-4987-be8e-d11f22d9ea51,305091
3628d3b6-b07f-41cd-8c09-8c99afa414ba,fadaa8d2-d11e-48f4-b113-7ae97265e717,135728
54d734a2-73fa-4c9d-8cf3-7a39eaef3b2d,29e9ab61-e061-4d94-8cd3-c99446d51c55,49873
cd4373fe-0091-4421-898d-1322bb7921e8,58207bba-605a-4b23-98aa-9ac09a28437f,134141
51d7b18f-7c8c-4230-a198-36ad0e73f79d,4d871fb3-f0e1-4dc9-8415-2546e8723250,391899
b54ac68a-3eca-435c-8902-200a1a1b09ff,464300eb-3855-4132-b377-6fe93a794fee,277395
385ddbb9-9e74-4532-b04a-de4e304cf8a7,400beeb3-50ab-4b56-8775-3b2b07aedbc3,35212
180627e6-0c19-44ba-82b6-4ec97d3ad85d,a43c454e-eaae-4ccf-ba48-24cf178c0031,78776
8a5a20aa-c7aa-4e06-b3af-7285634af283,a8fe04d7-c6e9-4857-be39-37559d653f33,4951
01961663-3143-4f5c-92e7-965eec12a0f9,b54ac68a-3eca-435c-8902-200a1a1b09ff,135914
7cc6cfa4-c1e9-494a-986b-bbf607bc5550,cf8d0727-06ae-41b7-a2bf-c14ea6affcfa,466671
14d26f53-dd5e-4cfa-aada-67c21bb5d939,e313b334-d8e0-4f9d-a841-02495ccfd0d4,41272
32fffa33-1cd7-46d6-8e2e-e98450886d01,1ab2769c-a290-4b2f-9e27-da26985f69d8,34265
b154fd49-3672-4066-8fe1-a9993e912518,c855958a-64c0-4592-b32a-d7a4c8b2b733,18441
21140c1d-976c-4879-8bdc-a2a06014a372,c9fc8fa1-ca0e-4b1e-904c-80e5d80b2e39,130561
e3dc7114-400f-4423-b05f-d6c737c28279,119ea857-b60b-491c-8e01-ab437e50f26e,256964
ea73977d-dcbd-4fd4-81c2-5ac84fa64cac,759c268e-84f7-4975-a0d9-19b2cd8f0dde,131735
b31626b2-19f3-473f-8056-240a12f26768,d9dbc87f-1fec-4d78-bf2b-ec41887dfd44,384903
78699c1e-3234-4c39-a2d4-5e6e545dc68e,47cd9c20-4d9e-4b8a-813b-7cf5ccc918cd,216443
6603d019-cf11-4464-af83-d73a6114d7d9,87d34d56-3bfc-4b8e-b3cf-5f8fc1df2732,18819
11e6699e-09c0-4e83-aa27-821896ae0c18,2130aa47-2aba-4a23-b3ca-a4360325ae32,106555
d9dbc87f-1fec-4d78-bf2b-ec41887dfd44,06e59082-1be0-4c86-87a5-ccf1f9fea164,216791
3fe4fa6b-719c-428e-ab19-ac1e5a83f0f1,310f8c32-4e53-4985-bd1b-6da805a969db,150285
9303996d-4078-4c79-80db-6a3eaa36104a,5d4da318-295f-43fd-b303-bbd5fc786145,403720
4d871fb3-f0e1-4dc9-8415-2546e8723250,5f9a0ffa-c748-4fbb-95a5-8eab94c05210,189881
7e557ea8-c91d-46eb-8ca1-0358f43dcabe,47cd9c20-4d9e-4b8a-813b-7cf5ccc918cd,66296
b391f9a6-4399-4069-9150-100fa9423b03,45e57df9-772b-40ca-aafc-898162c69844,233479
5065fc4a-0d76-4ae7-84f0-b17d57bc7ce8,e7338740-b7ee-469c-9c74-bee7dd5f18d2,73993
3628d3b6-b07f-41cd-8c09-8c99afa414ba,5e62c6a4-2bb4-4e1c-8488-e10c7b1c3f63,559810
3b07c7ff-6fed-490a-a9e1-f5bafebc6f0b,0e73205f-4f6a-4208-ad93-9e5206df13c7,411602
180627e6-0c19-44ba-82b6-4ec97d3ad85d,3fe4fa6b-719c-428e-ab19-ac1e5a83f0f1,79193
54d734a2-73fa-4c9d-8cf3-7a39eaef3b2d,54835b8a-a27f-4145-a0f6-df40badc1d0e,33107
8a5a20aa-c7aa-4e06-b3af-7285634af283,6603d019-cf11-4464-af83-d73a6114d7d9,2598
7d7d78f3-acce-4f6a-9cea-2a3afcde3e8f,08610465-eb20-4cef-a770-ee3cd8e75508,4546
51d7b18f-7c8c-4230-a198-36ad0e73f79d,4b3124e8-5fe8-4c26-8e72-8f6ba2766978,424056
6e279e72-004f-470e-8bb4-0999c3fc6164,384df65c-8611-4041-99a2-9b5a19d87245,352736
cce1aaa6-a333-477e-8c63-815bef486b25,98eab8e7-ae72-4457-9ea0-742b7ae8093d,219371
b54ac68a-3eca-435c-8902-200a1a1b09ff,78fd87d1-526d-4b18-8de8-c4c281977037,326056
2130aa47-2aba-4a23-b3ca-a4360325ae32,119ea857-b60b-491c-8e01-ab437e50f26e,71859
06e59082-1be0-4c86-87a5-ccf1f9fea164,8a1eb4a2-9b78-44bf-bb1e-2556e0dab34c,402730
25cf4233-39d3-47dc-bf10-51d2687e74de,e3dc7114-400f-4423-b05f-d6c737c28279,14298
2c754a65-ff58-47e6-85c1-78eb1aca2225,5065fc4a-0d76-4ae7-84f0-b17d57bc7ce8,75527
21140c1d-976c-4879-8bdc-a2a06014a372,b154fd49-3672-4066-8fe1-a9993e912518,229723
119ea857-b60b-491c-8e01-ab437e50f26e,384df65c-8611-4041-99a2-9b5a19d87245,313653
1dc801b8-53d9-46a5-85fd-164140883dd0,51d7b18f-7c8c-4230-a198-36ad0e73f79d,376278
fadaa8d2-d11e-48f4-b113-7ae97265e717,67a1a352-63c6-43f9-9d71-ce28a20ae21c,62076
853a8faf-f277-4783-a080-1a32165bdc6e,1db7abdf-2504-4e24-99b3-3dffe16ee8eb,496298
b35a5f3e-d9e7-47bf-a5f8-e8abdc9166c0,e121b8a7-f238-42b9-8457-181650d599f1,127434
8c6f7203-3c40-4766-9212-79d89260e8e9,a8fe04d7-c6e9-4857-be39-37559d653f33,202229
96e28973-b877-402f-b3ae-36ec55c8844e,4e6f9bb8-78a5-4e09-9673-cce1f5489a5b,349332
54835b8a-a27f-4145-a0f6-df40badc1d0e,558c8707-3d8a-4375-8e7e-998395fb46e5,66676
f38f3d11-ca55-4e14-9b7a-3c41774011e1,384df65c-8611-4041-99a2-9b5a19d87245,246107
dbc42853-f1be-402c-845f-6452bea1fcf0,180627e6-0c19-44ba-82b6-4ec97d3ad85d,333588
25cf4233-39d3-47dc-bf10-51d2687e74de,78699c1e-3234-4c39-a2d4-5e6e545dc68e,44562
4130354e-87e6-4255-9189-522263c3027f,b154fd49-3672-4066-8fe1-a9993e912518,183471
a90a0979-3d6a-4c77-b2ce-81ba1f5311a5,119ea857-b60b-491c-8e01-ab437e50f26e,186819
4d871fb3-f0e1-4dc9-8415-2546e8723250,e121b8a7-f238-42b9-8457-181650d599f1,162678
180627e6-0c19-44ba-82b6-4ec97d3ad85d,21140c1d-976c-4879-8bdc-a2a06014a372,172780
60daa3ab-6065-4f2b-830b-86b36bb4afe8,18036c84-0da6-4c1e-9b11-126a55b485c7,440880
1cf3a191-a526-4d97-a3d3-434d14f60ce3,54d734a2-73fa-4c9d-8cf3-7a39eaef3b2d,178543
9303996d-4078-4c79-80db-6a3eaa36104a,8536988f-ed41-448c-97ce-9555c75abfaa,192996
1277cc00-3031-42e9-bb55-37ca86bbfb7c,1cf3a191-a526-4d97-a3d3-434d14f60ce3,151190
f52dd1ff-6bbf-4473-8f2f-718db4a10f87,394c6a7f-f4e5-40b8-bf5b-a953d624f184,375673
f38f3d11-ca55-4e14-9b7a-3c41774011e1,a9b5bf1c-cbe0-4d26-9be9-e219091870fb,308465
78560cc8-0cca-433a-8291-89c80601bf63,87d34d56-3bfc-4b8e-b3cf-5f8fc1df2732,52431
3fe4fa6b-719c-428e-ab19-ac1e5a83f0f1,b35a5f3e-d9e7-47bf-a5f8-e8abdc9166c0,95684
b54ac68a-3eca-435c-8902-200a1a1b09ff,25b1246f-0e37-44e9-a053-8fa48c7f8e1e,68166
e3dc7114-400f-4423-b05f-d6c737c28279,27a6c30d-3dd4-430c-9b72-6a22b6bc28be,139986
400beeb3-50ab-4b56-8775-3b2b07aedbc3,1ab2769c-a290-4b2f-9e27-da26985f69d8,171704
60daa3ab-6065-4f2b-830b-86b36bb4afe8,7d7c80c6-da3d-482a-87d2-4323b489f08b,441662
cf8d0727-06ae-41b7-a2bf-c14ea6affcfa,54d734a2-73fa-4c9d-8cf3-7a39eaef3b2d,136021
25b1246f-0e37-44e9-a053-8fa48c7f8e1e,1ab2769c-a290-4b2f-9e27-da26985f69d8,117170
9303996d-4078-4c79-80db-6a3eaa36104a,394c6a7f-f4e5-40b8-bf5b-a953d624f184,465040
385ddbb9-9e74-4532-b04a-de4e304cf8a7,e3dc7114-400f-4423-b05f-d6c737c28279,39841
e313b334-d8e0-4f9d-a841-02495ccfd0d4,1ab2769c-a290-4b2f-9e27-da26985f69d8,403774
96e28973-b877-402f-b3ae-36ec55c8844e,7fba12e8-f336-4a99-a479-dbcb1fc058b8,131149
e313b334-d8e0-4f9d-a841-02495ccfd0d4,7d7c80c6-da3d-482a-87d2-4323b489f08b,460494
0a48b595-c065-4fc3-81fc-25305be2e919,853a8faf-f277-4783-a080-1a32165bdc6e,396811
a90a0979-3d6a-4c77-b2ce-81ba1f5311a5,db21b201-6b2e-4e52-ad8d-d44123fc5c63,141070
28be9ff8-6e8b-486b-bf5d-0d5f62c0c810,54d734a2-73fa-4c9d-8cf3-7a39eaef3b2d,252038
2993ded9-071e-45bc-9b13-accdf5d3ebec,54835b8a-a27f-4145-a0f6-df40badc1d0e,3224
0305e738-0366-4b59-9641-5036465d07cd,29e9ab61-e061-4d94-8cd3-c99446d51c55,186159
25cf4233-39d3-47dc-bf10-51d2687e74de,394c6a7f-f4e5-40b8-bf5b-a953d624f184,14774
a90a0979-3d6a-4c77-b2ce-81ba1f5311a5,e3dc7114-400f-4423-b05f-d6c737c28279,67883
7cc6cfa4-c1e9-494a-986b-bbf607bc5550,853a8faf-f277-4783-a080-1a32165bdc6e,321764
cf8d0727-06ae-41b7-a2bf-c14ea6affcfa,25b1246f-0e37-44e9-a053-8fa48c7f8e1e,148405
839cc007-0190-43a3-a229-b97fe0fdddd1,0a672532-6002-4b7d-bee3-274a62a9fb5a,44011
245f557e-4c75-4015-b6b5-3a52111e716f,3628d3b6-b07f-41cd-8c09-8c99afa414ba,154591
83ca04ab-5096-4031-b64a-163ca57dfb1b,a44a2fb9-565b-468e-a23d-5956fdd2e744,388042
6c6bed17-97db-4220-bcd7-9c74bb5c30a0,b5c5b6ab-0337-4187-afc3-a1ec6230064f,203051
464300eb-3855-4132-b377-6fe93a794fee,06e59082-1be0-4c86-87a5-ccf1f9fea164,69426
e413f084-e90e-424a-b205-f3dd75142edc,01961663-3143-4f5c-92e7-965eec12a0f9,9657
11e6699e-09c0-4e83-aa27-821896ae0c18,d3f7b752-a107-4df3-9795-14db35826c73,92844
0305e738-0366-4b59-9641-5036465d07cd,4b2c12b4-cdf9-4dc2-b23a-09610cc147eb,149670
b31626b2-19f3-473f-8056-240a12f26768,839cc007-0190-43a3-a229-b97fe0fdddd1,257529
db21b201-6b2e-4e52-ad8d-d44123fc5c63,83ca04ab-5096-4031-b64a-163ca57dfb1b,154303
68dd02c1-3e68-4d4d-8773-fe9569808537,85b8f4a0-8132-49e1-8991-32d3b09d6b71,419164
b2063c94-d6ff-4b99-9b1a-191d9fc22602,15ba1443-4cf1-4367-93b6-60fbb95a5b5e,288590
b391f9a6-4399-4069-9150-100fa9423b03,dbc42853-f1be-402c-845f-6452bea1fcf0,239075
ea73977d-dcbd-4fd4-81c2-5ac84fa64cac,a8a3a809-1348-41fe-b334-afa6e29e0493,79346
095d08c2-5199-4d31-a548-12b5955c61a1,4130354e-87e6-4255-9189-522263c3027f,208904
78fd87d1-526d-4b18-8de8-c4c281977037,a8fe04d7-c6e9-4857-be39-37559d653f33,29687
310f8c32-4e53-4985-bd1b-6da805a969db,b5c5b6ab-0337-4187-afc3-a1ec6230064f,133381
3b07c7ff-6fed-490a-a9e1-f5bafebc6f0b,14d26f53-dd5e-4cfa-aada-67c21bb5d939,417585
15ba1443-4cf1-4367-93b6-60fbb95a5b5e,4e6f9bb8-78a5-4e09-9673-cce1f5489a5b,452494
a43c454e-eaae-4ccf-ba48-24cf178c0031,c855958a-64c0-4592-b32a-d7a4c8b2b733,2026
cd4373fe-0091-4421-898d-1322bb7921e8,c9fc8fa1-ca0e-4b1e-904c-80e5d80b2e39,292620
0305e738-0366-4b59-9641-5036465d07cd,464300eb-3855-4132-b377-6fe93a794fee,229456
c855958a-64c0-4592-b32a-d7a4c8b2b733,96e28973-b877-402f-b3ae-36ec55c8844e,253681
3fe4fa6b-719c-428e-ab19-ac1e5a83f0f1,4b3124e8-5fe8-4c26-8e72-8f6ba2766978,47905
64afb508-3fdb-4f14-a721-040f46ad6d54,a730d385-0f71-42a3-8b8c-b4195bfa8f1f,358710
98eab8e7-ae72-4457-9ea0-742b7ae8093d,4b2c12b4-cdf9-4dc2-b23a-09610cc147eb,81186
0a672532-6002-4b7d-bee3-274a62a9fb5a,558c8707-3d8a-4375-8e7e-998395fb46e5,153182
a730d385-0f71-42a3-8b8c-b4195bfa8f1f,8a1eb4a2-9b78-44bf-bb1e-2556e0dab34c,87606
b154fd49-3672-4066-8fe1-a9993e912518,cce1aaa6-a333-477e-8c63-815bef486b25,38393
99d5f7aa-2bc3-4aab-be55-528b049579c6,fadaa8d2-d11e-48f4-b113-7ae97265e717,210388
78560cc8-0cca-433a-8291-89c80601bf63,1ab2769c-a290-4b2f-9e27-da26985f69d8,46506
e7338740-b7ee-469c-9c74-bee7dd5f18d2,464300eb-3855-4132-b377-6fe93a794fee,227366
04d0fe46-e270-4bf0-b721-ee363d6a6e2f,2993ded9-071e-45bc-9b13-accdf5d3ebec,328287
18036c84-0da6-4c1e-9b11-126a55b485c7,85b8f4a0-8132-49e1-8991-32d3b09d6b71,329815
28be9ff8-6e8b-486b-bf5d-0d5f62c0c810,f52dd1ff-6bbf-4473-8f2f-718db4a10f87,390158
7d7d78f3-acce-4f6a-9cea-2a3afcde3e8f,98eab8e7-ae72-4457-9ea0-742b7ae8093d,7291
5e62c6a4-2bb4-4e1c-8488-e10c7b1c3f63,6c6bed17-97db-4220-bcd7-9c74bb5c30a0,99161
cf8d0727-06ae-41b7-a2bf-c14ea6affcfa,54d734a2-73fa-4c9d-8cf3-7a39eaef3b2d,85965
1cf3a191-a526-4d97-a3d3-434d14f60ce3,9eddc067-b8c5-418d-8707-e41b27dafb46,402077
1a445f91-2ead-438a-9157-e2306187972a,e3dc7114-400f-4423-b05f-d6c737c28279,136119
2daeec3a-f864-4eba-bdf5-03ccf9feb992,c63bfa5b-d5bb-461c-b9eb-e8744301a90e,106060
f52dd1ff-6bbf-4473-8f2f-718db4a10f87,07f047c6-eec0-4f71-98d8-0b06fac54ea9,99324
cd0aac86-7ac4-4828-8feb-b4a36d4f517c,0e73205f-4f6a-4208-ad93-9e5206df13c7,339607
0305e738-0366-4b59-9641-5036465d07cd,119ea857-b60b-491c-8e01-ab437e50f26e,75306
a9b5bf1c-cbe0-4d26-9be9-e219091870fb,14d26f53-dd5e-4cfa-aada-67c21bb5d939,326979
65d47575-b37f-4501-841e-142b28a09398,67a1a352-63c6-43f9-9d71-ce28a20ae21c,147594
e413f084-e90e-424a-b205-f3dd75142edc,a90a0979-3d6a-4c77-b2ce-81ba1f5311a5,7703
83ca04ab-5096-4031-b64a-163ca57dfb1b,1ab2769c-a290-4b2f-9e27-da26985f69d8,287049
4b2c12b4-cdf9-4dc2-b23a-09610cc147eb,558c8707-3d8a-4375-8e7e-998395fb46e5,196422
87d34d56-3bfc-4b8e-b3cf-5f8fc1df2732,87fcf9bd-c496-499a-8ddd-b5f35af99931,166839
65d47575-b37f-4501-841e-142b28a09398,119ea857-b60b-491c-8e01-ab437e50f26e,145475
7d7d78f3-acce-4f6a-9cea-2a3afcde3e8f,b2063c94-d6ff-4b99-9b1a-191d9fc22602,9566
e121b8a7-f238-42b9-8457-181650d599f1,0305e738-0366-4b59-9641-5036465d07cd,21894
b55783b5-489c-4878-a0aa-c81825d0ae80,22a5a25e-618e-456a-b80a-9cbef2c43460,118744
0305e738-0366-4b59-9641-5036465d07cd,db21b201-6b2e-4e52-ad8d-d44123fc5c63,338082
7d7c80c6-da3d-482a-87d2-4323b489f08b,2993ded9-071e-45bc-9b13-accdf5d3ebec,8789
b35a5f3e-d9e7-47bf-a5f8-e8abdc9166c0,2993ded9-071e-45bc-9b13-accdf5d3ebec,106679
e731b69c-eeaf-4cae-8db6-e0cb7a703579,96e28973-b877-402f-b3ae-36ec55c8844e,73711
32fffa33-1cd7-46d6-8e2e-e98450886d01,0a48b595-c065-4fc3-81fc-25305be2e919,43994
e7338740-b7ee-469c-9c74-bee7dd5f18d2,cce1aaa6-a333-477e-8c63-815bef486b25,107377
47cd9c20-4d9e-4b8a-813b-7cf5ccc918cd,d7ea63f6-7280-453f-83c2-3f8ddc60ef79,104860
1277cc00-3031-42e9-bb55-37ca86bbfb7c,cb0c31f6-0fd6-46de-af02-5d25005aa5bb,181022
06e59082-1be0-4c86-87a5-ccf1f9fea164,0305e738-0366-4b59-9641-5036465d07cd,100612
5f9a0ffa-c748-4fbb-95a5-8eab94c05210,e413f084-e90e-424a-b205-f3dd75142edc,88448
8a1eb4a2-9b78-44bf-bb1e-2556e0dab34c,5d4da318-295f-43fd-b303-bbd5fc786145,243049
9eddc067-b8c5-418d-8707-e41b27dafb46,759c268e-84f7-4975-a0d9-19b2cd8f0dde,16063
3535f85d-9583-4470-ac4c-9afdc1038270,78560cc8-0cca-433a-8291-89c80601bf63,122397
7e557ea8-c91d-46eb-8ca1-0358f43dcabe,d3f7b752-a107-4df3-9795-14db35826c73,351566
a43c454e-eaae-4ccf-ba48-24cf178c0031,cce1aaa6-a333-477e-8c63-815bef486b25,4078
e731b69c-eeaf-4cae-8db6-e0cb7a703579,310f8c32-4e53-4985-bd1b-6da805a969db,15050
58207bba-605a-4b23-98aa-9ac09a28437f,0a672532-6002-4b7d-bee3-274a62a9fb5a,11524
d9dbc87f-1fec-4d78-bf2b-ec41887dfd44,11e6699e-09c0-4e83-aa27-821896ae0c18,123562
87d34d56-3bfc-4b8e-b3cf-5f8fc1df2732,28be9ff8-6e8b-486b-bf5d-0d5f62c0c810,210204
83ca04ab-5096-4031-b64a-163ca57dfb1b,64afb508-3fdb-4f14-a721-040f46ad6d54,438545
9bb7ec36-dda1-4ff9-a738-6f7f2e9f7630,fadaa8d2-d11e-48f4-b113-7ae97265e717,170117
58207bba-605a-4b23-98aa-9ac09a28437f,10949264-8492-44d9-ba5c-65c4b7838df4,10927
4b2c12b4-cdf9-4dc2-b23a-09610cc147eb,04d0fe46-e270-4bf0-b721-ee363d6a6e2f,362760
e413f084-e90e-424a-b205-f3dd75142edc,d7ea63f6-7280-453f-83c2-3f8ddc60ef79,11429
8536988f-ed41-448c-97ce-9555c75abfaa,f52dd1ff-6bbf-4473-8f2f-718db4a10f87,135952
2c754a65-ff58-47e6-85c1-78eb1aca2225,b55783b5-489c-4878-a0aa-c81825d0ae80,68440
15ba1443-4cf1-4367-93b6-60fbb95a5b5e,5d4da318-295f-43fd-b303-bbd5fc786145,218609
01961663-3143-4f5c-92e7-965eec12a0f9,07f047c6-eec0-4f71-98d8-0b06fac54ea9,165529
68dd02c1-3e68-4d4d-8773-fe9569808537,b55783b5-489c-4878-a0aa-c81825d0ae80,247769
8a5a20aa-c7aa-4e06-b3af-7285634af283,c855958a-64c0-4592-b32a-d7a4c8b2b733,2141
cd0aac86-7ac4-4828-8feb-b4a36d4f517c,853a8faf-f277-4783-a080-1a32165bdc6e,103576
cce1aaa6-a333-477e-8c63-815bef486b25,310f8c32-4e53-4985-bd1b-6da805a969db,130896
b391f9a6-4399-4069-9150-100fa9423b03,22a5a25e-618e-456a-b80a-9cbef2c43460,276456
310f8c32-4e53-4985-bd1b-6da805a969db,7d7d78f3-acce-4f6a-9cea-2a3afcde3e8f,165165
78560cc8-0cca-433a-8291-89c80601bf63,87d34d56-3bfc-4b8e-b3cf-5f8fc1df2732,75300
e7338740-b7ee-469c-9c74-bee7dd5f18d2,2993ded9-071e-45bc-9b13-accdf5d3ebec,71838
394c6a7f-f4e5-40b8-bf5b-a953d624f184,0a672532-6002-4b7d-bee3-274a62a9fb5a,216877
87fcf9bd-c496-499a-8ddd-b5f35af99931,cd0aac86-7ac4-4828-8feb-b4a36d4f517c,91840
21140c1d-976c-4879-8bdc-a2a06014a372,1277cc00-3031-42e9-bb55-37ca86bbfb7c,57445
a8a3a809-1348-41fe-b334-afa6e29e0493,853a8faf-f277-4783-a080-1a32165bdc6e,191889
1a445f91-2ead-438a-9157-e2306187972a,6603d019-cf11-4464-af83-d73a6114d7d9,279208
7e557ea8-c91d-46eb-8ca1-0358f43dcabe,1dc801b8-53d9-46a5-85fd-164140883dd0,135411
58207bba-605a-4b23-98aa-9ac09a28437f,48ad0f18-b76e-4483-9afc-cd7e59be5f3a,5880
095d08c2-5199-4d31-a548-12b5955c61a1,99d5f7aa-2bc3-4aab-be55-528b049579c6,132419
1277cc00-3031-42e9-bb55-37ca86bbfb7c,f52dd1ff-6bbf-4473-8f2f-718db4a10f87,227890
6c6bed17-97db-4220-bcd7-9c74bb5c30a0,78560cc8-0cca-433a-8291-89c80601bf63,181667
0305e738-0366-4b59-9641-5036465d07cd,095d08c2-5199-4d31-a548-12b5955c61a1,227374
cd4373fe-0091-4421-898d-1322bb7921e8,5d4da318-295f-43fd-b303-bbd5fc786145,139363
28be9ff8-6e8b-486b-bf5d-0d5f62c0c810,c63bfa5b-d5bb-461c-b9eb-e8744301a90e,218593
f5a4a30f-bf41-44c8-b3b3-283ffe260a60,47cd9c20-4d9e-4b8a-813b-7cf5ccc918cd,243446
d3f7b752-a107-4df3-9795-14db35826c73,db21b201-6b2e-4e52-ad8d-d44123fc5c63,489118
fadaa8d2-d11e-48f4-b113-7ae97265e717,65d47575-b37f-4501-841e-142b28a09398,18515
fadaa8d2-d11e-48f4-b113-7ae97265e717,cf8d0727-06ae-41b7-a2bf-c14ea6affcfa,71158
e121b8a7-f238-42b9-8457-181650d599f1,08610465-eb20-4cef-a770-ee3cd8e75508,13403
6603d019-cf11-4464-af83-d73a6114d7d9,4130354e-87e6-4255-9189-522263c3027f,18047
dbc42853-f1be-402c-845f-6452bea1fcf0,b54ac68a-3eca-435c-8902-200a1a1b09ff,276609
87d34d56-3bfc-4b8e-b3cf-5f8fc1df2732,095d08c2-5199-4d31-a548-12b5955c61a1,75357
4b3124e8-5fe8-4c26-8e72-8f6ba2766978,5f9a0ffa-c748-4fbb-95a5-8eab94c05210,312769
78fd87d1-526d-4b18-8de8-c4c281977037,d1f46208-0958-4793-bf89-39afc8da5c85,25258
a9b5bf1c-cbe0-4d26-9be9-e219091870fb,a90a0979-3d6a-4c77-b2ce-81ba1f5311a5,94062
b35a5f3e-d9e7-47bf-a5f8-e8abdc9166c0,839cc007-0190-43a3-a229-b97fe0fdddd1,99433
7cc6cfa4-c1e9-494a-986b-bbf607bc5550,853a8faf-f277-4783-a080-1a32165bdc6e,153612
b5dc2142-0bad-4987-be8e-d11f22d9ea51,2c754a65-ff58-47e6-85c1-78eb1aca2225,248292
a8fe04d7-c6e9-4857-be39-37559d653f33,c855958a-64c0-4592-b32a-d7a4c8b2b733,75454
180627e6-0c19-44ba-82b6-4ec97d3ad85d,3535f85d-9583-4470-ac4c-9afdc1038270,97746
12ff259b-fcec-4111-8a3e-92f1b34ef005,96e28973-b877-402f-b3ae-36ec55c8844e,154393
60daa3ab-6065-4f2b-830b-86b36bb4afe8,2daeec3a-f864-4eba-bdf5-03ccf9feb992,450496
db21b201-6b2e-4e52-ad8d-d44123fc5c63,a8a3a809-1348-41fe-b334-afa6e29e0493,57873
0305e738-0366-4b59-9641-5036465d07cd,c855958a-64c0-4592-b32a-d7a4c8b2b733,182918
5d4da318-295f-43fd-b303-bbd5fc786145,04d0fe46-e270-4bf0-b721-ee363d6a6e2f,261528
54835b8a-a27f-4145-a0f6-df40badc1d0e,18036c84-0da6-4c1e-9b11-126a55b485c7,41999
3fe4fa6b-719c-428e-ab19-ac1e5a83f0f1,a8a3a809-1348-41fe-b334-afa6e29e0493,157968
b391f9a6-4399-4069-9150-100fa9423b03,385ddbb9-9e74-4532-b04a-de4e304cf8a7,150158
cce1aaa6-a333-477e-8c63-815bef486b25,119ea857-b60b-491c-8e01-ab437e50f26e,167743
2c754a65-ff58-47e6-85c1-78eb1aca2225,cf8d0727-06ae-41b7-a2bf-c14ea6affcfa,177886
a43c454e-eaae-4ccf-ba48-24cf178c0031,47cd9c20-4d9e-4b8a-813b-7cf5ccc918cd,2858
4b2c12b4-cdf9-4dc2-b23a-09610cc147eb,78560cc8-0cca-433a-8291-89c80601bf63,340568
65d47575-b37f-4501-841e-142b28a09398,78699c1e-3234-4c39-a2d4-5e6e545dc68e,87790
4d871fb3-f0e1-4dc9-8415-2546e8723250,8a1eb4a2-9b78-44bf-bb1e-2556e0dab34c,90679
98eab8e7-ae72-4457-9ea0-742b7ae8093d,b31626b2-19f3-473f-8056-240a12f26768,39211
2130aa47-2aba-4a23-b3ca-a4360325ae32,7cc6cfa4-c1e9-494a-986b-bbf607bc5550,182976
10949264-8492-44d9-ba5c-65c4b7838df4,06e59082-1be0-4c86-87a5-ccf1f9fea164,312936
d3f7b752-a107-4df3-9795-14db35826c73,d59927c9-8f84-405f-b928-2ec21f8c6eb1,378929
f38f3d11-ca55-4e14-9b7a-3c41774011e1,853a8faf-f277-4783-a080-1a32165bdc6e,358723
cce1aaa6-a333-477e-8c63-815bef486b25,ea73977d-dcbd-4fd4-81c2-5ac84fa64cac,62967
119ea857-b60b-491c-8e01-ab437e50f26e,095d08c2-5199-4d31-a548-12b5955c61a1,260043
8536988f-ed41-448c-97ce-9555c75abfaa,99d5f7aa-2bc3-4aab-be55-528b049579c6,228386
07f047c6-eec0-4f71-98d8-0b06fac54ea9,68dd02c1-3e68-4d4d-8773-fe9569808537,156025
7fba12e8-f336-4a99-a479-dbcb1fc058b8,5d4da318-295f-43fd-b303-bbd5fc786145,315161
fadaa8d2-d11e-48f4-b113-7ae97265e717,b31626b2-19f3-473f-8056-240a12f26768,18378
07f047c6-eec0-4f71-98d8-0b06fac54ea9,400beeb3-50ab-4b56-8775-3b2b07aedbc3,362399
9bb7ec36-dda1-4ff9-a738-6f7f2e9f7630,65d47575-b37f-4501-841e-142b28a09398,185347
15ba1443-4cf1-4367-93b6-60fbb95a5b5e,83ca04ab-5096-4031-b64a-163ca57dfb1b,157187
21140c1d-976c-4879-8bdc-a2a06014a372,48ad0f18-b76e-4483-9afc-cd7e59be5f3a,46615
65d47575-b37f-4501-841e-142b28a09398,0a672532-6002-4b7d-bee3-274a62a9fb5a,58389
db21b201-6b2e-4e52-ad8d-d44123fc5c63,e121b8a7-f238-42b9-8457-181650d599f1,113258
3b07c7ff-6fed-490a-a9e1-f5bafebc6f0b,1dc801b8-53d9-46a5-85fd-164140883dd0,332181
7e557ea8-c91d-46eb-8ca1-0358f43dcabe,e413f084-e90e-424a-b205-f3dd75142edc,249698
06e59082-1be0-4c86-87a5-ccf1f9fea164,4b3124e8-5fe8-4c26-8e72-8f6ba2766978,280584
e313b334-d8e0-4f9d-a841-02495ccfd0d4,01961663-3143-4f5c-92e7-965eec12a0f9,172489
d1f46208-0958-4793-bf89-39afc8da5c85,180627e6-0c19-44ba-82b6-4ec97d3ad85d,103168
a9b5bf1c-cbe0-4d26-9be9-e219091870fb,759c268e-84f7-4975-a0d9-19b2cd8f0dde,191850
cb0c31f6-0fd6-46de-af02-5d25005aa5bb,7fba12e8-f336-4a99-a479-dbcb1fc058b8,238805
8a1eb4a2-9b78-44bf-bb1e-2556e0dab34c,64afb508-3fdb-4f14-a721-040f46ad6d54,83742
5e62c6a4-2bb4-4e1c-8488-e10c7b1c3f63,853a8faf-f277-4783-a080-1a32165bdc6e,39344
65d47575-b37f-4501-841e-142b28a09398,1cf3a191-a526-4d97-a3d3-434d14f60ce3,53817
29e9ab61-e061-4d94-8cd3-c99446d51c55,853a8faf-f277-4783-a080-1a32165bdc6e,318909
5f9a0ffa-c748-4fbb-95a5-8eab94c05210,96e28973-b877-402f-b3ae-36ec55c8844e,157038
a43c454e-eaae-4ccf-ba48-24cf178c0031,d9dbc87f-1fec-4d78-bf2b-ec41887dfd44,4616
b5c5b6ab-0337-4187-afc3-a1ec6230064f,d1f46208-0958-4793-bf89-39afc8da5c85,57515
b391f9a6-4399-4069-9150-100fa9423b03,385ddbb9-9e74-4532-b04a-de4e304cf8a7,282510
9303996d-4078-4c79-80db-6a3eaa36104a,98eab8e7-ae72-4457-9ea0-742b7ae8093d,435761
6e279e72-004f-470e-8bb4-0999c3fc6164,65d47575-b37f-4501-841e-142b28a09398,218154
7d7d78f3-acce-4f6a-9cea-2a3afcde3e8f,78560cc8-0cca-433a-8291-89c80601bf63,2000
f38f3d11-ca55-4e14-9b7a-3c41774011e1,51d7b18f-7c8c-4230-a198-36ad0e73f79d,141066
3fe4fa6b-719c-428e-ab19-ac1e5a83f0f1,7cc6cfa4-c1e9-494a-986b-bbf607bc5550,86465
ea73977d-dcbd-4fd4-81c2-5ac84fa64cac,48ad0f18-b76e-4483-9afc-cd7e59be5f3a,24258
54835b8a-a27f-4145-a0f6-df40badc1d0e,b31626b2-19f3-473f-8056-240a12f26768,79953
385ddbb9-9e74-4532-b04a-de4e304cf8a7,58207bba-605a-4b23-98aa-9ac09a28437f,95690
095d08c2-5199-4d31-a548-12b5955c61a1,0a672532-6002-4b7d-bee3-274a62a9fb5a,364434
9303996d-4078-4c79-80db-6a3eaa36104a,6603d019-cf11-4464-af83-d73a6114d7d9,335378
4e6f9bb8-78a5-4e09-9673-cce1f5489a5b,08610465-eb20-4cef-a770-ee3cd8e75508,193572
e731b69c-eeaf-4cae-8db6-e0cb7a703579,48ad0f18-b76e-4483-9afc-cd7e59be5f3a,52587
cd0aac86-7ac4-4828-8feb-b4a36d4f517c,48ad0f18-b76e-4483-9afc-cd7e59be5f3a,324314
c63bfa5b-d5bb-461c-b9eb-e8744301a90e,180627e6-0c19-44ba-82b6-4ec97d3ad85d,131033
a8fe04d7-c6e9-4857-be39-37559d653f33,5e62c6a4-2bb4-4e1c-8488-e10c7b1c3f63,81541
853a8faf-f277-4783-a080-1a32165bdc6e,28be9ff8-6e8b-486b-bf5d-0d5f62c0c810,129247
12ff259b-fcec-4111-8a3e-92f1b34ef005,759c268e-84f7-4975-a0d9-19b2cd8f0dde,197893
7fba12e8-f336-4a99-a479-dbcb1fc058b8,10949264-8492-44d9-ba5c-65c4b7838df4,417954
96e28973-b877-402f-b3ae-36ec55c8844e,99d5f7aa-2bc3-4aab-be55-528b049579c6,101125
7e557ea8-c91d-46eb-8ca1-0358f43dcabe,25cf4233-39d3-47dc-bf10-51d2687e74de,302855
400beeb3-50ab-4b56-8775-3b2b07aedbc3,095d08c2-5199-4d31-a548-12b5955c61a1,63987
9eddc067-b8c5-418d-8707-e41b27dafb46,a43c454e-eaae-4ccf-ba48-24cf178c0031,25896
25cf4233-39d3-47dc-bf10-51d2687e74de,d3f7b752-a107-4df3-9795-14db35826c73,68243
3b07c7ff-6fed-490a-a9e1-f5bafebc6f0b,10949264-8492-44d9-ba5c-65c4b7838df4,394754
29e9ab61-e061-4d94-8cd3-c99446d51c55,d7ea63f6-7280-453f-83c2-3f8ddc60ef79,105388
68dd02c1-3e68-4d4d-8773-fe9569808537,1cf3a191-a526-4d97-a3d3-434d14f60ce3,298592
d3f7b752-a107-4df3-9795-14db35826c73,2130aa47-2aba-4a23-b3ca-a4360325ae32,569514
5f9a0ffa-c748-4fbb-95a5-8eab94c05210,8c6f7203-3c40-4766-9212-79d89260e8e9,215984
11e6699e-09c0-4e83-aa27-821896ae0c18,18036c84-0da6-4c1e-9b11-126a55b485c7,19162
1277cc00-3031-42e9-bb55-37ca86bbfb7c,394c6a7f-f4e5-40b8-bf5b-a953d624f184,118647
3fe4fa6b-719c-428e-ab19-ac1e5a83f0f1,85b8f4a0-8132-49e1-8991-32d3b09d6b71,109906
cf8d0727-06ae-41b7-a2bf-c14ea6affcfa,5d4da318-295f-43fd-b303-bbd5fc786145,67678
1dc801b8-53d9-46a5-85fd-164140883dd0,a9b5bf1c-cbe0-4d26-9be9-e219091870fb,521359
a8fe04d7-c6e9-4857-be39-37559d653f33,b154fd49-3672-4066-8fe1-a9993e912518,154470
cb0c31f6-0fd6-46de-af02-5d25005aa5bb,25cf4233-39d3-47dc-bf10-51d2687e74de,176574
2daeec3a-f864-4eba-bdf5-03ccf9feb992,0a48b595-c065-4fc3-81fc-25305be2e919,226025
25b1246f-0e37-44e9-a053-8fa48c7f8e1e,a90a0979-3d6a-4c77-b2ce-81ba1f5311a5,176455
4b3124e8-5fe8-4c26-8e72-8f6ba2766978,b31626b2-19f3-473f-8056-240a12f26768,315116
27a6c30d-3dd4-430c-9b72-6a22b6bc28be,c9fc8fa1-ca0e-4b1e-904c-80e5d80b2e39,339923
310f8c32-4e53-4985-bd1b-6da805a969db,a730d385-0f71-42a3-8b8c-b4195bfa8f1f,41657
7cc6cfa4-c1e9-494a-986b-bbf607bc5550,87fcf9bd-c496-499a-8ddd-b5f35af99931,337688
c855958a-64c0-4592-b32a-d7a4c8b2b733,b5dc2142-0bad-4987-be8e-d11f22d9ea51,240373
98eab8e7-ae72-4457-9ea0-742b7ae8093d,d1f46208-0958-4793-bf89-39afc8da5c85,61389
2c9eb637-701c-47c0-86f9-52df6517d923,8a1eb4a2-9b78-44bf-bb1e-2556e0dab34c,94760
9eddc067-b8c5-418d-8707-e41b27dafb46,fadaa8d2-d11e-48f4-b113-7ae97265e717,63458
2130aa47-2aba-4a23-b3ca-a4360325ae32,78fd87d1-526d-4b18-8de8-c4c281977037,254848
29e9ab61-e061-4d94-8cd3-c99446d51c55,cd0aac86-7ac4-4828-8feb-b4a36d4f517c,420894
2993ded9-071e-45bc-9b13-accdf5d3ebec,a90a0979-3d6a-4c77-b2ce-81ba1f5311a5,8626
a43c454e-eaae-4ccf-ba48-24cf178c0031,8c6f7203-3c40-4766-9212-79d89260e8e9,1712
51d7b18f-7c8c-4230-a198-36ad0e73f79d,e731b69c-eeaf-4cae-8db6-e0cb7a703579,515744
67a1a352-63c6-43f9-9d71-ce28a20ae21c,e121b8a7-f238-42b9-8457-181650d599f1,18218
21140c1d-976c-4879-8bdc-a2a06014a372,b35a5f3e-d9e7-47bf-a5f8-e8abdc9166c0,107444
a9b5bf1c-cbe0-4d26-9be9-e219091870fb,11e6699e-09c0-4e83-aa27-821896ae0c18,337671
d3f7b752-a107-4df3-9795-14db35826c73,18036c84-0da6-4c1e-9b11-126a55b485c7,252260
08610465-eb20-4cef-a770-ee3cd8e75508,464300eb-3855-4132-b377-6fe93a794fee,154977
a8a3a809-1348-41fe-b334-afa6e29e0493,45e57df9-772b-40ca-aafc-898162c69844,420289
839cc007-0190-43a3-a229-b97fe0fdddd1,e731b69c-eeaf-4cae-8db6-e0cb7a703579,42332
45e57df9-772b-40ca-aafc-898162c69844,7fba12e8-f336-4a99-a479-dbcb1fc058b8,291167
a8fe04d7-c6e9-4857-be39-37559d653f33,11e6699e-09c0-4e83-aa27-821896ae0c18,72226
25cf4233-39d3-47dc-bf10-51d2687e74de,a8a3a809-1348-41fe-b334-afa6e29e0493,37726
1db7abdf-2504-4e24-99b3-3dffe16ee8eb,853a8faf-f277-4783-a080-1a32165bdc6e,526476
9bb7ec36-dda1-4ff9-a738-6f7f2e9f7630,0305e738-0366-4b59-9641-5036465d07cd,249982
3628d3b6-b07f-41cd-8c09-8c99afa414ba,85b8f4a0-8132-49e1-8991-32d3b09d6b71,353905
2daeec3a-f864-4eba-bdf5-03ccf9feb992,fadaa8d2-d11e-48f4-b113-7ae97265e717,252946
8a5a20aa-c7aa-4e06-b3af-7285634af283,5f9a0ffa-c748-4fbb-95a5-8eab94c05210,9409
cb0c31f6-0fd6-46de-af02-5d25005aa5bb,9eddc067-b8c5-418d-8707-e41b27dafb46,283886
d9dbc87f-1fec-4d78-bf2b-ec41887dfd44,a90a0979-3d6a-4c77-b2ce-81ba1f5311a5,357770
558c8707-3d8a-4375-8e7e-998395fb46e5,10949264-8492-44d9-ba5c-65c4b7838df4,128439
a43c454e-eaae-4ccf-ba48-24cf178c0031,180627e6-0c19-44ba-82b6-4ec97d3ad85d,1943
96e28973-b877-402f-b3ae-36ec55c8844e,b391f9a6-4399-4069-9150-100fa9423b03,389053
4b3124e8-5fe8-4c26-8e72-8f6ba2766978,a8fe04d7-c6e9-4857-be39-37559d653f33,291646
119ea857-b60b-491c-8e01-ab437e50f26e,dbc42853-f1be-402c-845f-6452bea1fcf0,132392
3628d3b6-b07f-41cd-8c09-8c99afa414ba,8a1eb4a2-9b78-44bf-bb1e-2556e0dab34c,135825
8a1eb4a2-9b78-44bf-bb1e-2556e0dab34c,85b8f4a0-8132-49e1-8991-32d3b09d6b71,270058
6c6bed17-97db-4220-bcd7-9c74bb5c30a0,b154fd49-3672-4066-8fe1-a9993e912518,166282
400beeb3-50ab-4b56-8775-3b2b07aedbc3,853a8faf-f277-4783-a080-1a32165bdc6e,79698
29e9ab61-e061-4d94-8cd3-c99446d51c55,d9dbc87f-1fec-4d78-bf2b-ec41887dfd44,406942
6603d019-cf11-4464-af83-d73a6114d7d9,e3dc7114-400f-4423-b05f-d6c737c28279,8588
78699c1e-3234-4c39-a2d4-5e6e545dc68e,9bb7ec36-dda1-4ff9-a738-6f7f2e9f7630,298825
29e9ab61-e061-4d94-8cd3-c99446d51c55,b154fd49-3672-4066-8fe1-a9993e912518,324772
d1f46208-0958-4793-bf89-39afc8da5c85,a43c454e-eaae-4ccf-ba48-24cf178c0031,232550
67a1a352-63c6-43f9-9d71-ce28a20ae21c,dbc42853-f1be-402c-845f-6452bea1fcf0,37163
dbc42853-f1be-402c-845f-6452bea1fcf0,b55783b5-489c-4878-a0aa-c81825d0ae80,421682
06e59082-1be0-4c86-87a5-ccf1f9fea164,e3dc7114-400f-4423-b05f-d6c737c28279,136489
5e62c6a4-2bb4-4e1c-8488-e10c7b1c3f63,a43c454e-eaae-4ccf-ba48-24cf178c0031,94561
98eab8e7-ae72-4457-9ea0-742b7ae8093d,25cf4233-39d3-47dc-bf10-51d2687e74de,82080
78560cc8-0cca-433a-8291-89c80601bf63,9303996d-4078-4c79-80db-6a3eaa36104a,81100
8a5a20aa-c7aa-4e06-b3af-7285634af283,c9fc8fa1-ca0e-4b1e-904c-80e5d80b2e39,7028
1ab2769c-a290-4b2f-9e27-da26985f69d8,b31626b2-19f3-473f-8056-240a12f26768,461259
cb0c31f6-0fd6-46de-af02-5d25005aa5bb,2c754a65-ff58-47e6-85c1-78eb1aca2225,326675
64afb508-3fdb-4f14-a721-040f46ad6d54,095d08c2-5199-4d31-a548-12b5955c61a1,436450
b154fd49-3672-4066-8fe1-a9993e912518,1dc801b8-53d9-46a5-85fd-164140883dd0,60524
65d47575-b37f-4501-841e-142b28a09398,0a672532-6002-4b7d-bee3-274a62a9fb5a,88681
7fba12e8-f336-4a99-a479-dbcb1fc058b8,98eab8e7-ae72-4457-9ea0-742b7ae8093d,417852
6603d019-cf11-4464-af83-d73a6114d7d9,12ff259b-fcec-4111-8a3e-92f1b34ef005,7424
a8a3a809-1348-41fe-b334-afa6e29e0493,4b3124e8-5fe8-4c26-8e72-8f6ba2766978,258767
12ff259b-fcec-4111-8a3e-92f1b34ef005,0a48b595-c065-4fc3-81fc-25305be2e919,288830
e731b69c-eeaf-4cae-8db6-e0cb7a703579,5065fc4a-0d76-4ae7-84f0-b17d57bc7ce8,17964
3b07c7ff-6fed-490a-a9e1-f5bafebc6f0b,48ad0f18-b76e-4483-9afc-cd7e59be5f3a,484797
99d5f7aa-2bc3-4aab-be55-528b049579c6,15ba1443-4cf1-4367-93b6-60fbb95a5b5e,516876
759c268e-84f7-4975-a0d9-19b2cd8f0dde,f5a4a30f-bf41-44c8-b3b3-283ffe260a60,330031
87fcf9bd-c496-499a-8ddd-b5f35af99931,dbc42853-f1be-402c-845f-6452bea1fcf0,38565
54835b8a-a27f-4145-a0f6-df40badc1d0e,2c754a65-ff58-47e6-85c1-78eb1aca2225,48544
28be9ff8-6e8b-486b-bf5d-0d5f62c0c810,b54ac68a-3eca-435c-8902-200a1a1b09ff,283352
d59927c9-8f84-405f-b928-2ec21f8c6eb1,2daeec3a-f864-4eba-bdf5-03ccf9feb992,40805
a8a3a809-1348-41fe-b334-afa6e29e0493,cd4373fe-0091-4421-898d-1322bb7921e8,440382
a8fe04d7-c6e9-4857-be39-37559d653f33,b54ac68a-3eca-435c-8902-200a1a1b09ff,29633
cd0aac86-7ac4-4828-8feb-b4a36d4f517c,78fd87d1-526d-4b18-8de8-c4c281977037,121890
5e62c6a4-2bb4-4e1c-8488-e10c7b1c3f63,d9dbc87f-1fec-4d78-bf2b-ec41887dfd44,172998
095d08c2-5199-4d31-a548-12b5955c61a1,b154fd49-3672-4066-8fe1-a9993e912518,237166
b5dc2142-0bad-4987-be8e-d11f22d9ea51,3535f85d-9583-4470-ac4c-9afdc1038270,368027
8536988f-ed41-448c-97ce-9555c75abfaa,25b1246f-0e37-44e9-a053-8fa48c7f8e1e,135336
78fd87d1-526d-4b18-8de8-c4c281977037,e413f084-e90e-424a-b205-f3dd75142edc,39406
cd0aac86-7ac4-4828-8feb-b4a36d4f517c,a730d385-0f71-42a3-8b8c-b4195bfa8f1f,366908
384df65c-8611-4041-99a2-9b5a19d87245,1ab2769c-a290-4b2f-9e27-da26985f69d8,125224
06e59082-1be0-4c86-87a5-ccf1f9fea164,5f9a0ffa-c748-4fbb-95a5-8eab94c05210,400671
15ba1443-4cf1-4367-93b6-60fbb95a5b5e,87fcf9bd-c496-499a-8ddd-b5f35af99931,171737
15ba1443-4cf1-4367-93b6-60fbb95a5b5e,51d7b18f-7c8c-4230-a198-36ad0e73f79d,326014
64afb508-3fdb-4f14-a721-040f46ad6d54,2993ded9-071e-45bc-9b13-accdf5d3ebec,545152
7d7d78f3-acce-4f6a-9cea-2a3afcde3e8f,4e6f9bb8-78a5-4e09-9673-cce1f5489a5b,8178
3b07c7ff-6fed-490a-a9e1-f5bafebc6f0b,b35a5f3e-d9e7-47bf-a5f8-e8abdc9166c0,339936
cd4373fe-0091-4421-898d-1322bb7921e8,6e279e72-004f-470e-8bb4-0999c3fc6164,514417
2daeec3a-f864-4eba-bdf5-03ccf9feb992,839cc007-0190-43a3-a229-b97fe0fdddd1,204143
1dc801b8-53d9-46a5-85fd-164140883dd0,78fd87d1-526d-4b18-8de8-c4c281977037,408654
8a1eb4a2-9b78-44bf-bb1e-2556e0dab34c,fadaa8d2-d11e-48f4-b113-7ae97265e717,100401
b391f9a6-4399-4069-9150-100fa9423b03,65d47575-b37f-4501-841e-142b28a09398,481374
e413f084-e90e-424a-b205-f3dd75142edc,2daeec3a-f864-4eba-bdf5-03ccf9feb992,32943
65d47575-b37f-4501-841e-142b28a09398,1db7abdf-2504-4e24-99b3-3dffe16ee8eb,40738
839cc007-0190-43a3-a229-b97fe0fdddd1,54d734a2-73fa-4c9d-8cf3-7a39eaef3b2d,12964
759c268e-84f7-4975-a0d9-19b2cd8f0dde,1db7abdf-2504-4e24-99b3-3dffe16ee8eb,231152
67a1a352-63c6-43f9-9d71-ce28a20ae21c,0532f619-2dfb-4ed2-8656-ce67a56128aa,61109
8a1eb4a2-9b78-44bf-bb1e-2556e0dab34c,7e557ea8-c91d-46eb-8ca1-0358f43dcabe,244842
d1f46208-0958-4793-bf89-39afc8da5c85,385ddbb9-9e74-4532-b04a-de4e304cf8a7,198526
f52dd1ff-6bbf-4473-8f2f-718db4a10f87,d7ea63f6-7280-453f-83c2-3f8ddc60ef79,335936
a44a2fb9-565b-468e-a23d-5956fdd2e744,5e62c6a4-2bb4-4e1c-8488-e10c7b1c3f63,46835
095d08c2-5199-4d31-a548-12b5955c61a1,5f9a0ffa-c748-4fbb-95a5-8eab94c05210,345438
5d4da318-295f-43fd-b303-bbd5fc786145,4e6f9bb8-78a5-4e09-9673-cce1f5489a5b,201887
7d7c80c6-da3d-482a-87d2-4323b489f08b,45e57df9-772b-40ca-aafc-898162c69844,9854
47cd9c20-4d9e-4b8a-813b-7cf5ccc918cd,cf8d0727-06ae-41b7-a2bf-c14ea6affcfa,48029
839cc007-0190-43a3-a229-b97fe0fdddd1,b5c5b6ab-0337-4187-afc3-a1ec6230064f,19249
5065fc4a-0d76-4ae7-84f0-b17d57bc7ce8,58207bba-605a-4b23-98aa-9ac09a28437f,204431
22a5a25e-618e-456a-b80a-9cbef2c43460,ea73977d-dcbd-4fd4-81c2-5ac84fa64cac,12457
78fd87d1-526d-4b18-8de8-c4c281977037,54d734a2-73fa-4c9d-8cf3-7a39eaef3b2d,30970
b5dc2142-0bad-4987-be8e-d11f22d9ea51,853a8faf-f277-4783-a080-1a32165bdc6e,292204
85b8f4a0-8132-49e1-8991-32d3b09d6b71,384df65c-8611-4041-99a2-9b5a19d87245,337177
3535f85d-9583-4470-ac4c-9afdc1038270,85b8f4a0-8132-49e1-8991-32d3b09d6b71,69179
85b8f4a0-8132-49e1-8991-32d3b09d6b71,0305e738-0366-4b59-9641-5036465d07cd,295392
54d734a2-73fa-4c9d-8cf3-7a39eaef3b2d,b391f9a6-4399-4069-9150-100fa9423b03,48227
0532f619-2dfb-4ed2-8656-ce67a56128aa,47cd9c20-4d9e-4b8a-813b-7cf5ccc918cd,187429
87d34d56-3bfc-4b8e-b3cf-5f8fc1df2732,58207bba-605a-4b23-98aa-9ac09a28437f,175499
b5dc2142-0bad-4987-be8e-d11f22d9ea51,01961663-3143-4f5c-92e7-965eec12a0f9,122893
83ca04ab-5096-4031-b64a-163ca57dfb1b,853a8faf-f277-4783-a080-1a32165bdc6e,220992
5e62c6a4-2bb4-4e1c-8488-e10c7b1c3f63,7e557ea8-c91d-46eb-8ca1-0358f43dcabe,224290
1dc801b8-53d9-46a5-85fd-164140883dd0,dbc42853-f1be-402c-845f-6452bea1fcf0,509861
853a8faf-f277-4783-a080-1a32165bdc6e,b391f9a6-4399-4069-9150-100fa9423b03,107051
0a48b595-c065-4fc3-81fc-25305be2e919,1a445f91-2ead-438a-9157-e2306187972a,378871
2daeec3a-f864-4eba-bdf5-03ccf9feb992,e7338740-b7ee-469c-9c74-bee7dd5f18d2,167683
99d5f7aa-2bc3-4aab-be55-528b049579c6,a730d385-0f71-42a3-8b8c-b4195bfa8f1f,584071
2daeec3a-f864-4eba-bdf5-03ccf9feb992,0a48b595-c065-4fc3-81fc-25305be2e919,122099
e7338740-b7ee-469c-9c74-bee7dd5f18d2,8c6f7203-3c40-4766-9212-79d89260e8e9,169296
3b07c7ff-6fed-490a-a9e1-f5bafebc6f0b,78560cc8-0cca-433a-8291-89c80601bf63,217547
18036c84-0da6-4c1e-9b11-126a55b485c7,a730d385-0f71-42a3-8b8c-b4195bfa8f1f,168428
b31626b2-19f3-473f-8056-240a12f26768,7cc6cfa4-c1e9-494a-986b-bbf607bc5550,561300
78fd87d1-526d-4b18-8de8-c4c281977037,2993ded9-071e-45bc-9b13-accdf5d3ebec,45249
0a48b595-c065-4fc3-81fc-25305be2e919,759c268e-84f7-4975-a0d9-19b2cd8f0dde,166414
e3dc7114-400f-4423-b05f-d6c737c28279,e313b334-d8e0-4f9d-a841-02495ccfd0d4,147066
51d7b18f-7c8c-4230-a198-36ad0e73f79d,8a1eb4a2-9b78-44bf-bb1e-2556e0dab34c,430640
22a5a25e-618e-456a-b80a-9cbef2c43460,78560cc8-0cca-433a-8291-89c80601bf63,20211
b35a5f3e-d9e7-47bf-a5f8-e8abdc9166c0,5f9a0ffa-c748-4fbb-95a5-8eab94c05210,37643
0e73205f-4f6a-4208-ad93-9e5206df13c7,15ba1443-4cf1-4367-93b6-60fbb95a5b5e,407267
32fffa33-1cd7-46d6-8e2e-e98450886d01,6e279e72-004f-470e-8bb4-0999c3fc6164,43117
8a1eb4a2-9b78-44bf-bb1e-2556e0dab34c,65d47575-b37f-4501-841e-142b28a09398,212870
0305e738-0366-4b59-9641-5036465d07cd,32fffa33-1cd7-46d6-8e2e-e98450886d01,293434
a9b5bf1c-cbe0-4d26-9be9-e219091870fb,d3f7b752-a107-4df3-9795-14db35826c73,123099
0a672532-6002-4b7d-bee3-274a62a9fb5a,87fcf9bd-c496-499a-8ddd-b5f35af99931,161637
6e279e72-004f-470e-8bb4-0999c3fc6164,e121b8a7-f238-42b9-8457-181650d599f1,257998
b54ac68a-3eca-435c-8902-200a1a1b09ff,0305e738-0366-4b59-9641-5036465d07cd,116034
22a5a25e-618e-456a-b80a-9cbef2c43460,3b07c7ff-6fed-490a-a9e1-f5bafebc6f0b,26469
b35a5f3e-d9e7-47bf-a5f8-e8abdc9166c0,d59927c9-8f84-405f-b928-2ec21f8c6eb1,131211
0e73205f-4f6a-4208-ad93-9e5206df13c7,b5c5b6ab-0337-4187-afc3-a1ec6230064f,170240
cf8d0727-06ae-41b7-a2bf-c14ea6affcfa,d9dbc87f-1fec-4d78-bf2b-ec41887dfd44,94559
22a5a25e-618e-456a-b80a-9cbef2c43460,558c8707-3d8a-4375-8e7e-998395fb46e5,13103
394c6a7f-f4e5-40b8-bf5b-a953d624f184,5065fc4a-0d76-4ae7-84f0-b17d57bc7ce8,245341
a43c454e-eaae-4ccf-ba48-24cf178c0031,12ff259b-fcec-4111-8a3e-92f1b34ef005,3776
1db7abdf-2504-4e24-99b3-3dffe16ee8eb,04d0fe46-e270-4bf0-b721-ee363d6a6e2f,139474
0e73205f-4f6a-4208-ad93-9e5206df13c7,22a5a25e-618e-456a-b80a-9cbef2c43460,537208
11e6699e-09c0-4e83-aa27-821896ae0c18,400beeb3-50ab-4b56-8775-3b2b07aedbc3,66815
c855958a-64c0-4592-b32a-d7a4c8b2b733,58207bba-605a-4b23-98aa-9ac09a28437f,87177
1ab2769c-a290-4b2f-9e27-da26985f69d8,3535f85d-9583-4470-ac4c-9afdc1038270,443341
394c6a7f-f4e5-40b8-bf5b-a953d624f184,b55783b5-489c-4878-a0aa-c81825d0ae80,181172
a44a2fb9-565b-468e-a23d-5956fdd2e744,b391f9a6-4399-4069-9150-100fa9423b03,67586
b154fd49-3672-4066-8fe1-a9993e912518,180627e6-0c19-44ba-82b6-4ec97d3ad85d,61405
12ff259b-fcec-4111-8a3e-92f1b34ef005,b154fd49-3672-4066-8fe1-a9993e912518,355509
310f8c32-4e53-4985-bd1b-6da805a969db,b2063c94-d6ff-4b99-9b1a-191d9fc22602,47145
e121b8a7-f238-42b9-8457-181650d599f1,87d34d56-3bfc-4b8e-b3cf-5f8fc1df2732,16296
ea73977d-dcbd-4fd4-81c2-5ac84fa64cac,7e557ea8-c91d-46eb-8ca1-0358f43dcabe,68708
7d7d78f3-acce-4f6a-9cea-2a3afcde3e8f,58207bba-605a-4b23-98aa-9ac09a28437f,5186
8536988f-ed41-448c-97ce-9555c75abfaa,b54ac68a-3eca-435c-8902-200a1a1b09ff,56270
0305e738-0366-4b59-9641-5036465d07cd,f5a4a30f-bf41-44c8-b3b3-283ffe260a60,73963
78699c1e-3234-4c39-a2d4-5e6e545dc68e,759c268e-84f7-4975-a0d9-19b2cd8f0dde,72396
9eddc067-b8c5-418d-8707-e41b27dafb46,b35a5f3e-d9e7-47bf-a5f8-e8abdc9166c0,50963
6603d019-cf11-4464-af83-d73a6114d7d9,15ba1443-4cf1-4367-93b6-60fbb95a5b5e,5283
394c6a7f-f4e5-40b8-bf5b-a953d624f184,6603d019-cf11-4464-af83-d73a6114d7d9,75191
14d26f53-dd5e-4cfa-aada-67c21bb5d939,78560cc8-0cca-433a-8291-89c80601bf63,111531
c63bfa5b-d5bb-461c-b9eb-e8744301a90e,12ff259b-fcec-4111-8a3e-92f1b34ef005,111052
464300eb-3855-4132-b377-6fe93a794fee,384df65c-8611-4041-99a2-9b5a19d87245,149088
7cc6cfa4-c1e9-494a-986b-bbf607bc5550,a8fe04d7-c6e9-4857-be39-37559d653f33,260893
b31626b2-19f3-473f-8056-240a12f26768,839cc007-0190-43a3-a229-b97fe0fdddd1,106665
fadaa8d2-d11e-48f4-b113-7ae97265e717,01961663-3143-4f5c-92e7-965eec12a0f9,60174
27a6c30d-3dd4-430c-9b72-6a22b6bc28be,2daeec3a-f864-4eba-bdf5-03ccf9feb992,244682
f5a4a30f-bf41-44c8-b3b3-283ffe260a60,e3dc7114-400f-4423-b05f-d6c737c28279,281329
310f8c32-4e53-4985-bd1b-6da805a969db,28be9ff8-6e8b-486b-bf5d-0d5f62c0c810,102219
1ab2769c-a290-4b2f-9e27-da26985f69d8,464300eb-3855-4132-b377-6fe93a794fee,178824
245f557e-4c75-4015-b6b5-3a52111e716f,1ab2769c-a290-4b2f-9e27-da26985f69d8,216599
a8fe04d7-c6e9-4857-be39-37559d653f33,96e28973-b877-402f-b3ae-36ec55c8844e,63899
839cc007-0190-43a3-a229-b97fe0fdddd1,5d4da318-295f-43fd-b303-bbd5fc786145,42211
c63bfa5b-d5bb-461c-b9eb-e8744301a90e,01961663-3143-4f5c-92e7-965eec12a0f9,70937
a90a0979-3d6a-4c77-b2ce-81ba1f5311a5,2daeec3a-f864-4eba-bdf5-03ccf9feb992,81400
32fffa33-1cd7-46d6-8e2e-e98450886d01,f38f3d11-ca55-4e14-9b7a-3c41774011e1,50350
8536988f-ed41-448c-97ce-9555c75abfaa,b391f9a6-4399-4069-9150-100fa9423b03,90275
095d08c2-5199-4d31-a548-12b5955c61a1,32fffa33-1cd7-46d6-8e2e-e98450886d01,217348
558c8707-3d8a-4375-8e7e-998395fb46e5,45e57df9-772b-40ca-aafc-898162c69844,94329
25cf4233-39d3-47dc-bf10-51d2687e74de,759c268e-84f7-4975-a0d9-19b2cd8f0dde,61932
558c8707-3d8a-4375-8e7e-998395fb46e5,e3dc7114-400f-4423-b05f-d6c737c28279,28732
4130354e-87e6-4255-9189-522263c3027f,b55783b5-489c-4878-a0aa-c81825d0ae80,554149
394c6a7f-f4e5-40b8-bf5b-a953d624f184,3b07c7ff-6fed-490a-a9e1-f5bafebc6f0b,91872
b154fd49-3672-4066-8fe1-a9993e912518,01961663-3143-4f5c-92e7-965eec12a0f9,18377
095d08c2-5199-4d31-a548-12b5955c61a1,a8a3a809-1348-41fe-b334-afa6e29e0493,200443
a8fe04d7-c6e9-4857-be39-37559d653f33,e313b334-d8e0-4f9d-a841-02495ccfd0d4,72837
8a5a20aa-c7aa-4e06-b3af-7285634af283,78699c1e-3234-4c39-a2d4-5e6e545dc68e,6928
cce1aaa6-a333-477e-8c63-815bef486b25,db21b201-6b2e-4e52-ad8d-d44123fc5c63,70913
22a5a25e-618e-456a-b80a-9cbef2c43460,b5c5b6ab-0337-4187-afc3-a1ec6230064f,41331
a9b5bf1c-cbe0-4d26-9be9-e219091870fb,99d5f7aa-2bc3-4aab-be55-528b049579c6,318469
c63bfa5b-d5bb-461c-b9eb-e8744301a90e,1dc801b8-53d9-46a5-85fd-164140883dd0,72687
b5c5b6ab-0337-4187-afc3-a1ec6230064f,78fd87d1-526d-4b18-8de8-c4c281977037,153810
b391f9a6-4399-4069-9150-100fa9423b03,9bb7ec36-dda1-4ff9-a738-6f7f2e9f7630,171157
87fcf9bd-c496-499a-8ddd-b5f35af99931,7e557ea8-c91d-46eb-8ca1-0358f43dcabe,94425
54d734a2-73fa-4c9d-8cf3-7a39eaef3b2d,58207bba-605a-4b23-98aa-9ac09a28437f,36011
e313b334-d8e0-4f9d-a841-02495ccfd0d4,b5c5b6ab-0337-4187-afc3-a1ec6230064f,387881
6c6bed17-97db-4220-bcd7-9c74bb5c30a0,21140c1d-976c-4879-8bdc-a2a06014a372,220031
119ea857-b60b-491c-8e01-ab437e50f26e,558c8707-3d8a-4375-8e7e-998395fb46e5,364298
f38f3d11-ca55-4e14-9b7a-3c41774011e1,cd4373fe-0091-4421-898d-1322bb7921e8,434757
2c9eb637-701c-47c0-86f9-52df6517d923,394c6a7f-f4e5-40b8-bf5b-a953d624f184,187038
a730d385-0f71-42a3-8b8c-b4195bfa8f1f,96e28973-b877-402f-b3ae-36ec55c8844e,171453
d1f46208-0958-4793-bf89-39afc8da5c85,8a5a20aa-c7aa-4e06-b3af-7285634af283,74325
65d47575-b37f-4501-841e-142b28a09398,9bb7ec36-dda1-4ff9-a738-6f7f2e9f7630,43923
27a6c30d-3dd4-430c-9b72-6a22b6bc28be,08610465-eb20-4cef-a770-ee3cd8e75508,216889
a9b5bf1c-cbe0-4d26-9be9-e219091870fb,e121b8a7-f238-42b9-8457-181650d599f1,329438
78fd87d1-526d-4b18-8de8-c4c281977037,48ad0f18-b76e-4483-9afc-cd7e59be5f3a,38735
54835b8a-a27f-4145-a0f6-df40badc1d0e,e731b69c-eeaf-4cae-8db6-e0cb7a703579,140732
68dd02c1-3e68-4d4d-8773-fe9569808537,28be9ff8-6e8b-486b-bf5d-0d5f62c0c810,540748
853a8faf-f277-4783-a080-1a32165bdc6e,558c8707-3d8a-4375-8e7e-998395fb46e5,358106
7e557ea8-c91d-46eb-8ca1-0358f43dcabe,7d7d78f3-acce-4f6a-9cea-2a3afcde3e8f,107825
a90a0979-3d6a-4c77-b2ce-81ba1f5311a5,4d871fb3-f0e1-4dc9-8415-2546e8723250,144704
8536988f-ed41-448c-97ce-9555c75abfaa,e731b69c-eeaf-4cae-8db6-e0cb7a703579,215812
e731b69c-eeaf-4cae-8db6-e0cb7a703579,21140c1d-976c-4879-8bdc-a2a06014a372,26646
b5dc2142-0bad-4987-be8e-d11f22d9ea51,1277cc00-3031-42e9-bb55-37ca86bbfb7c,520475
f52dd1ff-6bbf-4473-8f2f-718db4a10f87,2c9eb637-701c-47c0-86f9-52df6517d923,506943
08610465-eb20-4cef-a770-ee3cd8e75508,385ddbb9-9e74-4532-b04a-de4e304cf8a7,60115
58207bba-605a-4b23-98aa-9ac09a28437f,4130354e-87e6-4255-9189-522263c3027f,8828
54d734a2-73fa-4c9d-8cf3-7a39eaef3b2d,5d4da318-295f-43fd-b303-bbd5fc786145,51666
b35a5f3e-d9e7-47bf-a5f8-e8abdc9166c0,1ab2769c-a290-4b2f-9e27-da26985f69d8,106307
095d08c2-5199-4d31-a548-12b5955c61a1,d1f46208-0958-4793-bf89-39afc8da5c85,407042
87d34d56-3bfc-4b8e-b3cf-5f8fc1df2732,29e9ab61-e061-4d94-8cd3-c99446d51c55,310586
4d871fb3-f0e1-4dc9-8415-2546e8723250,8c6f7203-3c40-4766-9212-79d89260e8e9,128267
8c6f7203-3c40-4766-9212-79d89260e8e9,db21b201-6b2e-4e52-ad8d-d44123fc5c63,234606
095d08c2-5199-4d31-a548-12b5955c61a1,e121b8a7-f238-42b9-8457-181650d599f1,297031
a90a0979-3d6a-4c77-b2ce-81ba1f5311a5,22a5a25e-618e-456a-b80a-9cbef2c43460,141681
8a1eb4a2-9b78-44bf-bb1e-2556e0dab34c,853a8faf-f277-4783-a080-1a32165bdc6e,188283
54d734a2-73fa-4c9d-8cf3-7a39eaef3b2d,f5a4a30f-bf41-44c8-b3b3-283ffe260a60,54531
0a672532-6002-4b7d-bee3-274a62a9fb5a,54835b8a-a27f-4145-a0f6-df40badc1d0e,163027
759c268e-84f7-4975-a0d9-19b2cd8f0dde,cd4373fe-0091-4421-898d-1322bb7921e8,198445
68dd02c1-3e68-4d4d-8773-fe9569808537,fadaa8d2-d11e-48f4-b113-7ae97265e717,178907
54d734a2-73fa-4c9d-8cf3-7a39eaef3b2d,21140c1d-976c-4879-8bdc-a2a06014a372,35426
385ddbb9-9e74-4532-b04a-de4e304cf8a7,98eab8e7-ae72-4457-9ea0-742b7ae8093d,83132
98eab8e7-ae72-4457-9ea0-742b7ae8093d,cce1aaa6-a333-477e-8c63-815bef486b25,37329
21140c1d-976c-4879-8bdc-a2a06014a372,e3dc7114-400f-4423-b05f-d6c737c28279,69397
25cf4233-39d3-47dc-bf10-51d2687e74de,f52dd1ff-6bbf-4473-8f2f-718db4a10f87,70590
32fffa33-1cd7-46d6-8e2e-e98450886d01,3b07c7ff-6fed-490a-a9e1-f5bafebc6f0b,56494
85b8f4a0-8132-49e1-8991-32d3b09d6b71,12ff259b-fcec-4111-8a3e-92f1b34ef005,218517
cf8d0727-06ae-41b7-a2bf-c14ea6affcfa,3fe4fa6b-719c-428e-ab19-ac1e5a83f0f1,155898
a43c454e-eaae-4ccf-ba48-24cf178c0031,08610465-eb20-4cef-a770-ee3cd8e75508,4675
095d08c2-5199-4d31-a548-12b5955c61a1,78699c1e-3234-4c39-a2d4-5e6e545dc68e,153137
8a1eb4a2-9b78-44bf-bb1e-2556e0dab34c,54835b8a-a27f-4145-a0f6-df40badc1d0e,87687
9bb7ec36-dda1-4ff9-a738-6f7f2e9f7630,464300eb-3855-4132-b377-6fe93a794fee,103209
58207bba-605a-4b23-98aa-9ac09a28437f,7fba12e8-f336-4a99-a479-dbcb1fc058b8,6665
1ab2769c-a290-4b2f-9e27-da26985f69d8,e7338740-b7ee-469c-9c74-bee7dd5f18d2,116751
b55783b5-489c-4878-a0aa-c81825d0ae80,310f8c32-4e53-4985-bd1b-6da805a969db,103003
2daeec3a-f864-4eba-bdf5-03ccf9feb992,e313b334-d8e0-4f9d-a841-02495ccfd0d4,232137
a8a3a809-1348-41fe-b334-afa6e29e0493,8536988f-ed41-448c-97ce-9555c75abfaa,167703
394c6a7f-f4e5-40b8-bf5b-a953d624f184,e3dc7114-400f-4423-b05f-d6c737c28279,48381
ea73977d-dcbd-4fd4-81c2-5ac84fa64cac,0a48b595-c065-4fc3-81fc-25305be2e919,52261
119ea857-b60b-491c-8e01-ab437e50f26e,a730d385-0f71-42a3-8b8c-b4195bfa8f1f,164890
c9fc8fa1-ca0e-4b1e-904c-80e5d80b2e39,7d7d78f3-acce-4f6a-9cea-2a3afcde3e8f,55478
f38f3d11-ca55-4e14-9b7a-3c41774011e1,45e57df9-772b-40ca-aafc-898162c69844,154845
cce1aaa6-a333-477e-8c63-815bef486b25,29e9ab61-e061-4d94-8cd3-c99446d51c55,51931
8a5a20aa-c7aa-4e06-b3af-7285634af283,54835b8a-a27f-4145-a0f6-df40badc1d0e,8400
b154fd49-3672-4066-8fe1-a9993e912518,29e9ab61-e061-4d94-8cd3-c99446d51c55,45890
5d4da318-295f-43fd-b303-bbd5fc786145,839cc007-0190-43a3-a229-b97fe0fdddd1,166414
9eddc067-b8c5-418d-8707-e41b27dafb46,01961663-3143-4f5c-92e7-965eec12a0f9,64540
2c754a65-ff58-47e6-85c1-78eb1aca2225,2c9eb637-701c-47c0-86f9-52df6517d923,240616
54835b8a-a27f-4145-a0f6-df40badc1d0e,a9b5bf1c-cbe0-4d26-9be9-e219091870fb,147743
759c268e-84f7-4975-a0d9-19b2cd8f0dde,3b07c7ff-6fed-490a-a9e1-f5bafebc6f0b,364185
853a8faf-f277-4783-a080-1a32165bdc6e,5f9a0ffa-c748-4fbb-95a5-8eab94c05210,356069
e7338740-b7ee-469c-9c74-bee7dd5f18d2,98eab8e7-ae72-4457-9ea0-742b7ae8093d,151862
5d4da318-295f-43fd-b303-bbd5fc786145,b2063c94-d6ff-4b99-9b1a-191d9fc22602,94871
5e62c6a4-2bb4-4e1c-8488-e10c7b1c3f63,a730d385-0f71-42a3-8b8c-b4195bfa8f1f,222915
839cc007-0190-43a3-a229-b97fe0fdddd1,0a48b595-c065-4fc3-81fc-25305be2e919,48949
10949264-8492-44d9-ba5c-65c4b7838df4,e121b8a7-f238-42b9-8457-181650d599f1,215750
7cc6cfa4-c1e9-494a-986b-bbf607bc5550,68dd02c1-3e68-4d4d-8773-fe9569808537,449167
21140c1d-976c-4879-8bdc-a2a06014a372,f52dd1ff-6bbf-4473-8f2f-718db4a10f87,84702
c9fc8fa1-ca0e-4b1e-904c-80e5d80b2e39,1a445f91-2ead-438a-9157-e2306187972a,195989
2c754a65-ff58-47e6-85c1-78eb1aca2225,4b2c12b4-cdf9-4dc2-b23a-09610cc147eb,190921
839cc007-0190-43a3-a229-b97fe0fdddd1,5d4da318-295f-43fd-b303-bbd5fc786145,25581
385ddbb9-9e74-4532-b04a-de4e304cf8a7,1a445f91-2ead-438a-9157-e2306187972a,53304
2993ded9-071e-45bc-9b13-accdf5d3ebec,b154fd49-3672-4066-8fe1-a9993e912518,6338
7fba12e8-f336-4a99-a479-dbcb1fc058b8,400beeb3-50ab-4b56-8775-3b2b07aedbc3,393619
f5a4a30f-bf41-44c8-b3b3-283ffe260a60,e7338740-b7ee-469c-9c74-bee7dd5f18d2,357858
4b2c12b4-cdf9-4dc2-b23a-09610cc147eb,4b3124e8-5fe8-4c26-8e72-8f6ba2766978,122977
cb0c31f6-0fd6-46de-af02-5d25005aa5bb,0a672532-6002-4b7d-bee3-274a62a9fb5a,295623
78fd87d1-526d-4b18-8de8-c4c281977037,d1f46208-0958-4793-bf89-39afc8da5c85,44620
1ab2769c-a290-4b2f-9e27-da26985f69d8,b2063c94-d6ff-4b99-9b1a-191d9fc22602,421665
e413f084-e90e-424a-b205-f3dd75142edc,25b1246f-0e37-44e9-a053-8fa48c7f8e1e,13757
7d7d78f3-acce-4f6a-9cea-2a3afcde3e8f,3b07c7ff-6fed-490a-a9e1-f5bafebc6f0b,2819
15ba1443-4cf1-4367-93b6-60fbb95a5b5e,759c268e-84f7-4975-a0d9-19b2cd8f0dde,148154
b5dc2142-0bad-4987-be8e-d11f22d9ea51,a90a0979-3d6a-4c77-b2ce-81ba1f5311a5,590570
25b1246f-0e37-44e9-a053-8fa48c7f8e1e,10949264-8492-44d9-ba5c-65c4b7838df4,210558
a8a3a809-1348-41fe-b334-afa6e29e0493,5e62c6a4-2bb4-4e1c-8488-e10c7b1c3f63,380867
87fcf9bd-c496-499a-8ddd-b5f35af99931,12ff259b-fcec-4111-8a3e-92f1b34ef005,107334
2c9eb637-701c-47c0-86f9-52df6517d923,d9dbc87f-1fec-4d78-bf2b-ec41887dfd44,95972
2c754a65-ff58-47e6-85c1-78eb1aca2225,3628d3b6-b07f-41cd-8c09-8c99afa414ba,160308
cce1aaa6-a333-477e-8c63-815bef486b25,51d7b18f-7c8c-4230-a198-36ad0e73f79d,232542
27a6c30d-3dd4-430c-9b72-6a22b6bc28be,dbc42853-f1be-402c-845f-6452bea1fcf0,220901
85b8f4a0-8132-49e1-8991-32d3b09d6b71,3fe4fa6b-719c-428e-ab19-ac1e5a83f0f1,334724
0e73205f-4f6a-4208-ad93-9e5206df13c7,68dd02c1-3e68-4d4d-8773-fe9569808537,280314
8536988f-ed41-448c-97ce-9555c75abfaa,04d0fe46-e270-4bf0-b721-ee363d6a6e2f,112673
7d7c80c6-da3d-482a-87d2-4323b489f08b,22a5a25e-618e-456a-b80a-9cbef2c43460,7904
78fd87d1-526d-4b18-8de8-c4c281977037,9bb7ec36-dda1-4ff9-a738-6f7f2e9f7630,19907
cce1aaa6-a333-477e-8c63-815bef486b25,06e59082-1be0-4c86-87a5-ccf1f9fea164,148946
b5dc2142-0bad-4987-be8e-d11f22d9ea51,0e73205f-4f6a-4208-ad93-9e5206df13c7,546308
5d4da318-295f-43fd-b303-bbd5fc786145,4d871fb3-f0e1-4dc9-8415-2546e8723250,91292
e3dc7114-400f-4423-b05f-d6c737c28279,cce1aaa6-a333-477e-8c63-815bef486b25,164325
4d871fb3-f0e1-4dc9-8415-2546e8723250,14d26f53-dd5e-4cfa-aada-67c21bb5d939,172609
22a5a25e-618e-456a-b80a-9cbef2c43460,14d26f53-dd5e-4cfa-aada-67c21bb5d939,35064
1ab2769c-a290-4b2f-9e27-da26985f69d8,04d0fe46-e270-4bf0-b721-ee363d6a6e2f,351392
fadaa8d2-d11e-48f4-b113-7ae97265e717,08610465-eb20-4cef-a770-ee3cd8e75508,67298
a8fe04d7-c6e9-4857-be39-37559d653f33,45e57df9-772b-40ca-aafc-898162c69844,159881
25cf4233-39d3-47dc-bf10-51d2687e74de,64afb508-3fdb-4f14-a721-040f46ad6d54,30738
25b1246f-0e37-44e9-a053-8fa48c7f8e1e,b55783b5-489c-4878-a0aa-c81825d0ae80,136269
5d4da318-295f-43fd-b303-bbd5fc786145,384df65c-8611-4041-99a2-9b5a19d87245,184084
4d871fb3-f0e1-4dc9-8415-2546e8723250,b5dc2142-0bad-4987-be8e-d11f22d9ea51,263520
839cc007-0190-43a3-a229-b97fe0fdddd1,60daa3ab-6065-4f2b-830b-86b36bb4afe8,10379
385ddbb9-9e74-4532-b04a-de4e304cf8a7,c9fc8fa1-ca0e-4b1e-904c-80e5d80b2e39,35654
853a8faf-f277-4783-a080-1a32165bdc6e,96e28973-b877-402f-b3ae-36ec55c8844e,245486
cd0aac86-7ac4-4828-8feb-b4a36d4f517c,48ad0f18-b76e-4483-9afc-cd7e59be5f3a,140458
5d4da318-295f-43fd-b303-bbd5fc786145,96e28973-b877-402f-b3ae-36ec55c8844e,64173
9bb7ec36-dda1-4ff9-a738-6f7f2e9f7630,cb0c31f6-0fd6-46de-af02-5d25005aa5bb,241377
e313b334-d8e0-4f9d-a841-02495ccfd0d4,78fd87d1-526d-4b18-8de8-c4c281977037,179124
4b3124e8-5fe8-4c26-8e72-8f6ba2766978,78560cc8-0cca-433a-8291-89c80601bf63,447212
99d5f7aa-2bc3-4aab-be55-528b049579c6,7fba12e8-f336-4a99-a479-dbcb1fc058b8,276375
12ff259b-fcec-4111-8a3e-92f1b34ef005,01961663-3143-4f5c-92e7-965eec12a0f9,298746
15ba1443-4cf1-4367-93b6-60fbb95a5b5e,464300eb-3855-4132-b377-6fe93a794fee,291728
3b07c7ff-6fed-490a-a9e1-f5bafebc6f0b,1ab2769c-a290-4b2f-9e27-da26985f69d8,162066
cf8d0727-06ae-41b7-a2bf-c14ea6affcfa,0305e738-0366-4b59-9641-5036465d07cd,65706
a9b5bf1c-cbe0-4d26-9be9-e219091870fb,08610465-eb20-4cef-a770-ee3cd8e75508,253906
b5dc2142-0bad-4987-be8e-d11f22d9ea51,c855958a-64c0-4592-b32a-d7a4c8b2b733,389823
0305e738-0366-4b59-9641-5036465d07cd,2daeec3a-f864-4eba-bdf5-03ccf9feb992,217220
b55783b5-489c-4878-a0aa-c81825d0ae80,1a445f91-2ead-438a-9157-e2306187972a,132983
51d7b18f-7c8c-4230-a198-36ad0e73f79d,0532f619-2dfb-4ed2-8656-ce67a56128aa,514101
5065fc4a-0d76-4ae7-84f0-b17d57bc7ce8,2daeec3a-f864-4eba-bdf5-03ccf9feb992,198913
87fcf9bd-c496-499a-8ddd-b5f35af99931,ea73977d-dcbd-4fd4-81c2-5ac84fa64cac,27554
4e6f9bb8-78a5-4e09-9673-cce1f5489a5b,394c6a7f-f4e5-40b8-bf5b-a953d624f184,91935
0a48b595-c065-4fc3-81fc-25305be2e919,7cc6cfa4-c1e9-494a-986b-bbf607bc5550,481327
54835b8a-a27f-4145-a0f6-df40badc1d0e,65d47575-b37f-4501-841e-142b28a09398,143833
48ad0f18-b76e-4483-9afc-cd7e59be5f3a,01961663-3143-4f5c-92e7-965eec12a0f9,79063
3b07c7ff-6fed-490a-a9e1-f5bafebc6f0b,394c6a7f-f4e5-40b8-bf5b-a953d624f184,287187
27a6c30d-3dd4-430c-9b72-6a22b6bc28be,db21b201-6b2e-4e52-ad8d-d44123fc5c63,318409
3628d3b6-b07f-41cd-8c09-8c99afa414ba,99d5f7aa-2bc3-4aab-be55-528b049579c6,150604
a44a2fb9-565b-468e-a23d-5956fdd2e744,b391f9a6-4399-4069-9150-100fa9423b03,82266
3b07c7ff-6fed-490a-a9e1-f5bafebc6f0b,e121b8a7-f238-42b9-8457-181650d599f1,482112
5065fc4a-0d76-4ae7-84f0-b17d57bc7ce8,853a8faf-f277-4783-a080-1a32165bdc6e,115061
e731b69c-eeaf-4cae-8db6-e0cb7a703579,5f9a0ffa-c748-4fbb-95a5-8eab94c05210,41448
07f047c6-eec0-4f71-98d8-0b06fac54ea9,1ab2769c-a290-4b2f-9e27-da26985f69d8,218543
29e9ab61-e061-4d94-8cd3-c99446d51c55,1277cc00-3031-42e9-bb55-37ca86bbfb7c,258485
0305e738-0366-4b59-9641-5036465d07cd,e313b334-d8e0-4f9d-a841-02495ccfd0d4,121868
47cd9c20-4d9e-4b8a-813b-7cf5ccc918cd,cd0aac86-7ac4-4828-8feb-b4a36d4f517c,38626
2daeec3a-f864-4eba-bdf5-03ccf9feb992,45e57df9-772b-40ca-aafc-898162c69844,242854
5065fc4a-0d76-4ae7-84f0-b17d57bc7ce8,180627e6-0c19-44ba-82b6-4ec97d3ad85d,69004
96e28973-b877-402f-b3ae-36ec55c8844e,65d47575-b37f-4501-841e-142b28a09398,225326
18036c84-0da6-4c1e-9b11-126a55b485c7,a8fe04d7-c6e9-4857-be39-37559d653f33,334019
21140c1d-976c-4879-8bdc-a2a06014a372,54835b8a-a27f-4145-a0f6-df40badc1d0e,200575
3fe4fa6b-719c-428e-ab19-ac1e5a83f0f1,1a445f91-2ead-438a-9157-e2306187972a,100340
25cf4233-39d3-47dc-bf10-51d2687e74de,0a48b595-c065-4fc3-81fc-25305be2e919,47393
7d7c80c6-da3d-482a-87d2-4323b489f08b,180627e6-0c19-44ba-82b6-4ec97d3ad85d,34000
464300eb-3855-4132-b377-6fe93a794fee,cd0aac86-7ac4-4828-8feb-b4a36d4f517c,198580
d59927c9-8f84-405f-b928-2ec21f8c6eb1,58207bba-605a-4b23-98aa-9ac09a28437f,57177
2130aa47-2aba-4a23-b3ca-a4360325ae32,e313b334-d8e0-4f9d-a841-02495ccfd0d4,129553
6e279e72-004f-470e-8bb4-0999c3fc6164,08610465-eb20-4cef-a770-ee3cd8e75508,116915
08610465-eb20-4cef-a770-ee3cd8e75508,96e28973-b877-402f-b3ae-36ec55c8844e,100249
25b1246f-0e37-44e9-a053-8fa48c7f8e1e,095d08c2-5199-4d31-a548-12b5955c61a1,130365
22a5a25e-618e-456a-b80a-9cbef2c43460,06e59082-1be0-4c86-87a5-ccf1f9fea164,9310
3535f85d-9583-4470-ac4c-9afdc1038270,65d47575-b37f-4501-841e-142b28a09398,153762
a43c454e-eaae-4ccf-ba48-24cf178c0031,0a48b595-c065-4fc3-81fc-25305be2e919,1520
54d734a2-73fa-4c9d-8cf3-7a39eaef3b2d,b55783b5-489c-4878-a0aa-c81825d0ae80,23981
18036c84-0da6-4c1e-9b11-126a55b485c7,11e6699e-09c0-4e83-aa27-821896ae0c18,104764
6c6bed17-97db-4220-bcd7-9c74bb5c30a0,4130354e-87e6-4255-9189-522263c3027f,123389
a730d385-0f71-42a3-8b8c-b4195bfa8f1f,1277cc00-3031-42e9-bb55-37ca86bbfb7c,279969
3628d3b6-b07f-41cd-8c09-8c99afa414ba,245f557e-4c75-4015-b6b5-3a52111e716f,414362
78699c1e-3234-4c39-a2d4-5e6e545dc68e,87fcf9bd-c496-499a-8ddd-b5f35af99931,297178
14d26f53-dd5e-4cfa-aada-67c21bb5d939,9bb7ec36-dda1-4ff9-a738-6f7f2e9f7630,109782
5065fc4a-0d76-4ae7-84f0-b17d57bc7ce8,27a6c30d-3dd4-430c-9b72-6a22b6bc28be,98362
5e62c6a4-2bb4-4e1c-8488-e10c7b1c3f63,119ea857-b60b-491c-8e01-ab437e50f26e,180159
9eddc067-b8c5-418d-8707-e41b27dafb46,60daa3ab-6065-4f2b-830b-86b36bb4afe8,56968
01961663-3143-4f5c-92e7-965eec12a0f9,cd4373fe-0091-4421-898d-1322bb7921e8,255539
5f9a0ffa-c748-4fbb-95a5-8eab94c05210,7e557ea8-c91d-46eb-8ca1-0358f43dcabe,116469
cb0c31f6-0fd6-46de-af02-5d25005aa5bb,67a1a352-63c6-43f9-9d71-ce28a20ae21c,342472
25cf4233-39d3-47dc-bf10-51d2687e74de,db21b201-6b2e-4e52-ad8d-d44123fc5c63,21013
095d08c2-5199-4d31-a548-12b5955c61a1,9303996d-4078-4c79-80db-6a3eaa36104a,415692
54d734a2-73fa-4c9d-8cf3-7a39eaef3b2d,32fffa33-1cd7-46d6-8e2e-e98450886d01,40453
394c6a7f-f4e5-40b8-bf5b-a953d624f184,0e73205f-4f6a-4208-ad93-9e5206df13c7,249096
2c754a65-ff58-47e6-85c1-78eb1aca2225,99d5f7aa-2bc3-4aab-be55-528b049579c6,194940
27a6c30d-3dd4-430c-9b72-6a22b6bc28be,cf8d0727-06ae-41b7-a2bf-c14ea6affcfa,185877
d1f46208-0958-4793-bf89-39afc8da5c85,b2063c94-d6ff-4b99-9b1a-191d9fc22602,272467
0e73205f-4f6a-4208-ad93-9e5206df13c7,67a1a352-63c6-43f9-9d71-ce28a20ae21c,207950
b54ac68a-3eca-435c-8902-200a1a1b09ff,b2063c94-d6ff-4b99-9b1a-191d9fc22602,279694
78560cc8-0cca-433a-8291-89c80601bf63,b391f9a6-4399-4069-9150-100fa9423b03,55979
d9dbc87f-1fec-4d78-bf2b-ec41887dfd44,2993ded9-071e-45bc-9b13-accdf5d3ebec,172460
e121b8a7-f238-42b9-8457-181650d599f1,11e6699e-09c0-4e83-aa27-821896ae0c18,17226
095d08c2-5199-4d31-a548-12b5955c61a1,28be9ff8-6e8b-486b-bf5d-0d5f62c0c810,319351
7e557ea8-c91d-46eb-8ca1-0358f43dcabe,54835b8a-a27f-4145-a0f6-df40badc1d0e,282425
e313b334-d8e0-4f9d-a841-02495ccfd0d4,fadaa8d2-d11e-48f4-b113-7ae97265e717,191316
c855958a-64c0-4592-b32a-d7a4c8b2b733,25b1246f-0e37-44e9-a053-8fa48c7f8e1e,66747
18036c84-0da6-4c1e-9b11-126a55b485c7,2daeec3a-f864-4eba-bdf5-03ccf9feb992,362591
3535f85d-9583-4470-ac4c-9afdc1038270,2daeec3a-f864-4eba-bdf5-03ccf9feb992,65599
cf8d0727-06ae-41b7-a2bf-c14ea6affcfa,b391f9a6-4399-4069-9150-100fa9423b03,156761
2c9eb637-701c-47c0-86f9-52df6517d923,a90a0979-3d6a-4c77-b2ce-81ba1f5311a5,155718
e413f084-e90e-424a-b205-f3dd75142edc,b31626b2-19f3-473f-8056-240a12f26768,12190
4130354e-87e6-4255-9189-522263c3027f,b35a5f3e-d9e7-47bf-a5f8-e8abdc9166c0,461003
99d5f7aa-2bc3-4aab-be55-528b049579c6,68dd02c1-3e68-4d4d-8773-fe9569808537,104308
4b3124e8-5fe8-4c26-8e72-8f6ba2766978,25cf4233-39d3-47dc-bf10-51d2687e74de,565047
b154fd49-3672-4066-8fe1-a9993e912518,5d4da318-295f-43fd-b303-bbd5fc786145,51069
12ff259b-fcec-4111-8a3e-92f1b34ef005,4130354e-87e6-4255-9189-522263c3027f,117879
47cd9c20-4d9e-4b8a-813b-7cf5ccc918cd,0e73205f-4f6a-4208-ad93-9e5206df13c7,118966
25b1246f-0e37-44e9-a053-8fa48c7f8e1e,87fcf9bd-c496-499a-8ddd-b5f35af99931,92117
48ad0f18-b76e-4483-9afc-cd7e59be5f3a,6c6bed17-97db-4220-bcd7-9c74bb5c30a0,142459
4e6f9bb8-78a5-4e09-9673-cce1f5489a5b,58207bba-605a-4b23-98aa-9ac09a28437f,193226
07f047c6-eec0-4f71-98d8-0b06fac54ea9,06e59082-1be0-4c86-87a5-ccf1f9fea164,256230
d59927c9-8f84-405f-b928-2ec21f8c6eb1,48ad0f18-b76e-4483-9afc-cd7e59be5f3a,87110
095d08c2-5199-4d31-a548-12b5955c61a1,a44a2fb9-565b-468e-a23d-5956fdd2e744,87623
e3dc7114-400f-4423-b05f-d6c737c28279,96e28973-b877-402f-b3ae-36ec55c8844e,217145
60daa3ab-6065-4f2b-830b-86b36bb4afe8,4d871fb3-f0e1-4dc9-8415-2546e8723250,95648
9303996d-4078-4c79-80db-6a3eaa36104a,759c268e-84f7-4975-a0d9-19b2cd8f0dde,519079
25cf4233-39d3-47dc-bf10-51d2687e74de,853a8faf-f277-4783-a080-1a32165bdc6e,57006
dbc42853-f1be-402c-845f-6452bea1fcf0,8536988f-ed41-448c-97ce-9555c75abfaa,571302
cb0c31f6-0fd6-46de-af02-5d25005aa5bb,c9fc8fa1-ca0e-4b1e-904c-80e5d80b2e39,259348
78560cc8-0cca-433a-8291-89c80601bf63,67a1a352-63c6-43f9-9d71-ce28a20ae21c,25213
3b07c7ff-6fed-490a-a9e1-f5bafebc6f0b,25b1246f-0e37-44e9-a053-8fa48c7f8e1e,220723
d3f7b752-a107-4df3-9795-14db35826c73,180627e6-0c19-44ba-82b6-4ec97d3ad85d,346159
7d7d78f3-acce-4f6a-9cea-2a3afcde3e8f,a9b5bf1c-cbe0-4d26-9be9-e219091870fb,8882
78560cc8-0cca-433a-8291-89c80601bf63,a43c454e-eaae-4ccf-ba48-24cf178c0031,38995
a44a2fb9-565b-468e-a23d-5956fdd2e744,a8a3a809-1348-41fe-b334-afa6e29e0493,18932
2993ded9-071e-45bc-9b13-accdf5d3ebec,14d26f53-dd5e-4cfa-aada-67c21bb5d939,3992
22a5a25e-618e-456a-b80a-9cbef2c43460,0305e738-0366-4b59-9641-5036465d07cd,14059
ea73977d-dcbd-4fd4-81c2-5ac84fa64cac,759c268e-84f7-4975-a0d9-19b2cd8f0dde,107923
1db7abdf-2504-4e24-99b3-3dffe16ee8eb,cd4373fe-0091-4421-898d-1322bb7921e8,250715
51d7b18f-7c8c-4230-a198-36ad0e73f79d,095d08c2-5199-4d31-a548-12b5955c61a1,444446
d1f46208-0958-4793-bf89-39afc8da5c85,2993ded9-071e-45bc-9b13-accdf5d3ebec,271367
78560cc8-0cca-433a-8291-89c80601bf63,8a5a20aa-c7aa-4e06-b3af-7285634af283,49900
119ea857-b60b-491c-8e01-ab437e50f26e,fadaa8d2-d11e-48f4-b113-7ae97265e717,146962
a730d385-0f71-42a3-8b8c-b4195bfa8f1f,2993ded9-071e-45bc-9b13-accdf5d3ebec,451444
18036c84-0da6-4c1e-9b11-126a55b485c7,7fba12e8-f336-4a99-a479-dbcb1fc058b8,251497
a9b5bf1c-cbe0-4d26-9be9-e219091870fb,1dc801b8-53d9-46a5-85fd-164140883dd0,229647
1db7abdf-2504-4e24-99b3-3dffe16ee8eb,1dc801b8-53d9-46a5-85fd-164140883dd0,521579
60daa3ab-6065-4f2b-830b-86b36bb4afe8,14d26f53-dd5e-4cfa-aada-67c21bb5d939,333876
78560cc8-0cca-433a-8291-89c80601bf63,58207bba-605a-4b23-98aa-9ac09a28437f,29189
8a5a20aa-c7aa-4e06-b3af-7285634af283,54835b8a-a27f-4145-a0f6-df40badc1d0e,8716
a730d385-0f71-42a3-8b8c-b4195bfa8f1f,e3dc7114-400f-4423-b05f-d6c737c28279,457718
394c6a7f-f4e5-40b8-bf5b-a953d624f184,a90a0979-3d6a-4c77-b2ce-81ba1f5311a5,86712
8536988f-ed41-448c-97ce-9555c75abfaa,4b3124e8-5fe8-4c26-8e72-8f6ba2766978,163137
99d5f7aa-2bc3-4aab-be55-528b049579c6,4130354e-87e6-4255-9189-522263c3027f,471877
fadaa8d2-d11e-48f4-b113-7ae97265e717,27a6c30d-3dd4-430c-9b72-6a22b6bc28be,37508
1ab2769c-a290-4b2f-9e27-da26985f69d8,28be9ff8-6e8b-486b-bf5d-0d5f62c0c810,164385
a44a2fb9-565b-468e-a23d-5956fdd2e744,e313b334-d8e0-4f9d-a841-02495ccfd0d4,50794
7d7d78f3-acce-4f6a-9cea-2a3afcde3e8f,b54ac68a-3eca-435c-8902-200a1a1b09ff,2720
d9dbc87f-1fec-4d78-bf2b-ec41887dfd44,d7ea63f6-7280-453f-83c2-3f8ddc60ef79,231453
65d47575-b37f-4501-841e-142b28a09398,a43c454e-eaae-4ccf-ba48-24cf178c0031,152905
b5dc2142-0bad-4987-be8e-d11f22d9ea51,7e557ea8-c91d-46eb-8ca1-0358f43dcabe,230869
dbc42853-f1be-402c-845f-6452bea1fcf0,9303996d-4078-4c79-80db-6a3eaa36104a,284522
0532f619-2dfb-4ed2-8656-ce67a56128aa,310f8c32-4e53-4985-bd1b-6da805a969db,195941
1cf3a191-a526-4d97-a3d3-434d14f60ce3,a9b5bf1c-cbe0-4d26-9be9-e219091870fb,282743
4130354e-87e6-4255-9189-522263c3027f,15ba1443-4cf1-4367-93b6-60fbb95a5b5e,423125
310f8c32-4e53-4985-bd1b-6da805a969db,b154fd49-3672-4066-8fe1-a9993e912518,189398
25b1246f-0e37-44e9-a053-8fa48c7f8e1e,78699c1e-3234-4c39-a2d4-5e6e545dc68e,224861
4130354e-87e6-4255-9189-522263c3027f,3628d3b6-b07f-41cd-8c09-8c99afa414ba,513369
2130aa47-2aba-4a23-b3ca-a4360325ae32,47cd9c20-4d9e-4b8a-813b-7cf5ccc918cd,370624
18036c84-0da6-4c1e-9b11-126a55b485c7,1cf3a191-a526-4d97-a3d3-434d14f60ce3,132991
759c268e-84f7-4975-a0d9-19b2cd8f0dde,7cc6cfa4-c1e9-494a-986b-bbf607bc5550,307753
9eddc067-b8c5-418d-8707-e41b27dafb46,18036c84-0da6-4c1e-9b11-126a55b485c7,17722
8c6f7203-3c40-4766-9212-79d89260e8e9,27a6c30d-3dd4-430c-9b72-6a22b6bc28be,359388
78fd87d1-526d-4b18-8de8-c4c281977037,1cf3a191-a526-4d97-a3d3-434d14f60ce3,41736
d1f46208-0958-4793-bf89-39afc8da5c85,4130354e-87e6-4255-9189-522263c3027f,142226
b55783b5-489c-4878-a0aa-c81825d0ae80,a44a2fb9-565b-468e-a23d-5956fdd2e744,118061
6e279e72-004f-470e-8bb4-0999c3fc6164,18036c84-0da6-4c1e-9b11-126a55b485c7,307617
18036c84-0da6-4c1e-9b11-126a55b485c7,7cc6cfa4-c1e9-494a-986b-bbf607bc5550,135877
8a1eb4a2-9b78-44bf-bb1e-2556e0dab34c,98eab8e7-ae72-4457-9ea0-742b7ae8093d,339753
2130aa47-2aba-4a23-b3ca-a4360325ae32,a44a2fb9-565b-468e-a23d-5956fdd2e744,325798
394c6a7f-f4e5-40b8-bf5b-a953d624f184,2c754a65-ff58-47e6-85c1-78eb1aca2225,149666
400beeb3-50ab-4b56-8775-3b2b07aedbc3,cd0aac86-7ac4-4828-8feb-b4a36d4f517c,88719
385ddbb9-9e74-4532-b04a-de4e304cf8a7,558c8707-3d8a-4375-8e7e-998395fb46e5,94546
cd4373fe-0091-4421-898d-1322bb7921e8,87d34d56-3bfc-4b8e-b3cf-5f8fc1df2732,250199
7fba12e8-f336-4a99-a479-dbcb1fc058b8,14d26f53-dd5e-4cfa-aada-67c21bb5d939,208748
e7338740-b7ee-469c-9c74-bee7dd5f18d2,7fba12e8-f336-4a99-a479-dbcb1fc058b8,143808
3b07c7ff-6fed-490a-a9e1-f5bafebc6f0b,e413f084-e90e-424a-b205-f3dd75142edc,482361
a44a2fb9-565b-468e-a23d-5956fdd2e744,f5a4a30f-bf41-44c8-b3b3-283ffe260a60,75265
a8a3a809-1348-41fe-b334-afa6e29e0493,b2063c94-d6ff-4b99-9b1a-191d9fc22602,124862
d59927c9-8f84-405f-b928-2ec21f8c6eb1,07f047c6-eec0-4f71-98d8-0b06fac54ea9,34810
12ff259b-fcec-4111-8a3e-92f1b34ef005,48ad0f18-b76e-4483-9afc-cd7e59be5f3a,279469
01961663-3143-4f5c-92e7-965eec12a0f9,0532f619-2dfb-4ed2-8656-ce67a56128aa,189387
87fcf9bd-c496-499a-8ddd-b5f35af99931,8a5a20aa-c7aa-4e06-b3af-7285634af283,59366
464300eb-3855-4132-b377-6fe93a794fee,d59927c9-8f84-405f-b928-2ec21f8c6eb1,62131
15ba1443-4cf1-4367-93b6-60fbb95a5b5e,a44a2fb9-565b-468e-a23d-5956fdd2e744,514387
a90a0979-3d6a-4c77-b2ce-81ba1f5311a5,fadaa8d2-d11e-48f4-b113-7ae97265e717,163724
85b8f4a0-8132-49e1-8991-32d3b09d6b71,5f9a0ffa-c748-4fbb-95a5-8eab94c05210,145287
08610465-eb20-4cef-a770-ee3cd8e75508,27a6c30d-3dd4-430c-9b72-6a22b6bc28be,105352
2993ded9-071e-45bc-9b13-accdf5d3ebec,8a5a20aa-c7aa-4e06-b3af-7285634af283,5155
10949264-8492-44d9-ba5c-65c4b7838df4,28be9ff8-6e8b-486b-bf5d-0d5f62c0c810,168128
a730d385-0f71-42a3-8b8c-b4195bfa8f1f,e7338740-b7ee-469c-9c74-bee7dd5f18d2,245853
384df65c-8611-4041-99a2-9b5a19d87245,5f9a0ffa-c748-4fbb-95a5-8eab94c05210,48401
78560cc8-0cca-433a-8291-89c80601bf63,14d26f53-dd5e-4cfa-aada-67c21bb5d939,82192
83ca04ab-5096-4031-b64a-163ca57dfb1b,4d871fb3-f0e1-4dc9-8415-2546e8723250,342873
3b07c7ff-6fed-490a-a9e1-f5bafebc6f0b,2993ded9-071e-45bc-9b13-accdf5d3ebec,449182
e731b69c-eeaf-4cae-8db6-e0cb7a703579,85b8f4a0-8132-49e1-8991-32d3b09d6b71,35591
1cf3a191-a526-4d97-a3d3-434d14f60ce3,96e28973-b877-402f-b3ae-36ec55c8844e,246114
095d08c2-5199-4d31-a548-12b5955c61a1,394c6a7f-f4e5-40b8-bf5b-a953d624f184,346218
28be9ff8-6e8b-486b-bf5d-0d5f62c0c810,310f8c32-4e53-4985-bd1b-6da805a969db,108562
87fcf9bd-c496-499a-8ddd-b5f35af99931,67a1a352-63c6-43f9-9d71-ce28a20ae21c,60852
a44a2fb9-565b-468e-a23d-5956fdd2e744,5f9a0ffa-c748-4fbb-95a5-8eab94c05210,73093
c855958a-64c0-4592-b32a-d7a4c8b2b733,68dd02c1-3e68-4d4d-8773-fe9569808537,78192
99d5f7aa-2bc3-4aab-be55-528b049579c6,8c6f7203-3c40-4766-9212-79d89260e8e9,129248
83ca04ab-5096-4031-b64a-163ca57dfb1b,0a672532-6002-4b7d-bee3-274a62a9fb5a,252016
b35a5f3e-d9e7-47bf-a5f8-e8abdc9166c0,1ab2769c-a290-4b2f-9e27-da26985f69d8,142048
67a1a352-63c6-43f9-9d71-ce28a20ae21c,04d0fe46-e270-4bf0-b721-ee363d6a6e2f,14508
cce1aaa6-a333-477e-8c63-815bef486b25,310f8c32-4e53-4985-bd1b-6da805a969db,128668
2c9eb637-701c-47c0-86f9-52df6517d923,8536988f-ed41-448c-97ce-9555c75abfaa,137573
c63bfa5b-d5bb-461c-b9eb-e8744301a90e,07f047c6-eec0-4f71-98d8-0b06fac54ea9,145119
cd0aac86-7ac4-4828-8feb-b4a36d4f517c,119ea857-b60b-491c-8e01-ab437e50f26e,356187
a43c454e-eaae-4ccf-ba48-24cf178c0031,4d871fb3-f0e1-4dc9-8415-2546e8723250,5476
83ca04ab-5096-4031-b64a-163ca57dfb1b,d9dbc87f-1fec-4d78-bf2b-ec41887dfd44,96412
98eab8e7-ae72-4457-9ea0-742b7ae8093d,54835b8a-a27f-4145-a0f6-df40badc1d0e,60572
d3f7b752-a107-4df3-9795-14db35826c73,54d734a2-73fa-4c9d-8cf3-7a39eaef3b2d,224911
b31626b2-19f3-473f-8056-240a12f26768,28be9ff8-6e8b-486b-bf5d-0d5f62c0c810,221910
21140c1d-976c-4879-8bdc-a2a06014a372,cb0c31f6-0fd6-46de-af02-5d25005aa5bb,234394
d3f7b752-a107-4df3-9795-14db35826c73,cb0c31f6-0fd6-46de-af02-5d25005aa5bb,238487
b154fd49-3672-4066-8fe1-a9993e912518,245f557e-4c75-4015-b6b5-3a52111e716f,63473
07f047c6-eec0-4f71-98d8-0b06fac54ea9,464300eb-3855-4132-b377-6fe93a794fee,107971
759c268e-84f7-4975-a0d9-19b2cd8f0dde,a8a3a809-1348-41fe-b334-afa6e29e0493,274270
29e9ab61-e061-4d94-8cd3-c99446d51c55,759c268e-84f7-4975-a0d9-19b2cd8f0dde,228134
54835b8a-a27f-4145-a0f6-df40badc1d0e,d3f7b752-a107-4df3-9795-14db35826c73,54335
2c9eb637-701c-47c0-86f9-52df6517d923,e121b8a7-f238-42b9-8457-181650d599f1,212101
2daeec3a-f864-4eba-bdf5-03ccf9feb992,1277cc00-3031-42e9-bb55-37ca86bbfb7c,195672
c9fc8fa1-ca0e-4b1e-904c-80e5d80b2e39,d7ea63f6-7280-453f-83c2-3f8ddc60ef79,91634
d1f46208-0958-4793-bf89-39afc8da5c85,394c6a7f-f4e5-40b8-bf5b-a953d624f184,75301
759c268e-84f7-4975-a0d9-19b2cd8f0dde,3628d3b6-b07f-41cd-8c09-8c99afa414ba,91896
853a8faf-f277-4783-a080-1a32165bdc6e,c9fc8fa1-ca0e-4b1e-904c-80e5d80b2e39,333813
385ddbb9-9e74-4532-b04a-de4e304cf8a7,32fffa33-1cd7-46d6-8e2e-e98450886d01,136723
180627e6-0c19-44ba-82b6-4ec97d3ad85d,5065fc4a-0d76-4ae7-84f0-b17d57bc7ce8,68775
9303996d-4078-4c79-80db-6a3eaa36104a,4b3124e8-5fe8-4c26-8e72-8f6ba2766978,201804
45e57df9-772b-40ca-aafc-898162c69844,e121b8a7-f238-42b9-8457-181650d599f1,424015
0a672532-6002-4b7d-bee3-274a62a9fb5a,58207bba-605a-4b23-98aa-9ac09a28437f,152893
10949264-8492-44d9-ba5c-65c4b7838df4,65d47575-b37f-4501-841e-142b28a09398,253561
07f047c6-eec0-4f71-98d8-0b06fac54ea9,22a5a25e-618e-456a-b80a-9cbef2c43460,122895
21140c1d-976c-4879-8bdc-a2a06014a372,1a445f91-2ead-438a-9157-e2306187972a,188171
14d26f53-dd5e-4cfa-aada-67c21bb5d939,d7ea63f6-7280-453f-83c2-3f8ddc60ef79,163988
1a445f91-2ead-438a-9157-e2306187972a,96e28973-b877-402f-b3ae-36ec55c8844e,415882
2daeec3a-f864-4eba-bdf5-03ccf9feb992,a8a3a809-1348-41fe-b334-afa6e29e0493,275538
d9dbc87f-1fec-4d78-bf2b-ec41887dfd44,15ba1443-4cf1-4367-93b6-60fbb95a5b5e,310717
d1f46208-0958-4793-bf89-39afc8da5c85,1cf3a191-a526-4d97-a3d3-434d14f60ce3,231994
4b2c12b4-cdf9-4dc2-b23a-09610cc147eb,28be9ff8-6e8b-486b-bf5d-0d5f62c0c810,156227
3fe4fa6b-719c-428e-ab19-ac1e5a83f0f1,08610465-eb20-4cef-a770-ee3cd8e75508,51252
3b07c7ff-6fed-490a-a9e1-f5bafebc6f0b,18036c84-0da6-4c1e-9b11-126a55b485c7,470347
a9b5bf1c-cbe0-4d26-9be9-e219091870fb,9eddc067-b8c5-418d-8707-e41b27dafb46,209692
db21b201-6b2e-4e52-ad8d-d44123fc5c63,b55783b5-489c-4878-a0aa-c81825d0ae80,88971
07f047c6-eec0-4f71-98d8-0b06fac54ea9,3fe4fa6b-719c-428e-ab19-ac1e5a83f0f1,144464
1a445f91-2ead-438a-9157-e2306187972a,b31626b2-19f3-473f-8056-240a12f26768,109138
2c9eb637-701c-47c0-86f9-52df6517d923,4b2c12b4-cdf9-4dc2-b23a-09610cc147eb,51301
a9b5bf1c-cbe0-4d26-9be9-e219091870fb,1dc801b8-53d9-46a5-85fd-164140883dd0,286780
3535f85d-9583-4470-ac4c-9afdc1038270,21140c1d-976c-4879-8bdc-a2a06014a372,40923
18036c84-0da6-4c1e-9b11-126a55b485c7,c63bfa5b-d5bb-461c-b9eb-e8744301a90e,389729
d7ea63f6-7280-453f-83c2-3f8ddc60ef79,a9b5bf1c-cbe0-4d26-9be9-e219091870fb,175645
4130354e-87e6-4255-9189-522263c3027f,d3f7b752-a107-4df3-9795-14db35826c73,527779
25cf4233-39d3-47dc-bf10-51d2687e74de,839cc007-0190-43a3-a229-b97fe0fdddd1,26320
8536988f-ed41-448c-97ce-9555c75abfaa,1a445f91-2ead-438a-9157-e2306187972a,169455
67a1a352-63c6-43f9-9d71-ce28a20ae21c,a90a0979-3d6a-4c77-b2ce-81ba1f5311a5,13225
b154fd49-3672-4066-8fe1-a9993e912518,853a8faf-f277-4783-a080-1a32165bdc6e,46183
cce1aaa6-a333-477e-8c63-815bef486b25,7d7d78f3-acce-4f6a-9cea-2a3afcde3e8f,80124
1db7abdf-2504-4e24-99b3-3dffe16ee8eb,b31626b2-19f3-473f-8056-240a12f26768,317189
f5a4a30f-bf41-44c8-b3b3-283ffe260a60,e731b69c-eeaf-4cae-8db6-e0cb7a703579,259041
cce1aaa6-a333-477e-8c63-815bef486b25,a90a0979-3d6a-4c77-b2ce-81ba1f5311a5,72737
a9b5bf1c-cbe0-4d26-9be9-e219091870fb,68dd02c1-3e68-4d4d-8773-fe9569808537,181902
7cc6cfa4-c1e9-494a-986b-bbf607bc5550,cf8d0727-06ae-41b7-a2bf-c14ea6affcfa,186539
9bb7ec36-dda1-4ff9-a738-6f7f2e9f7630,6e279e72-004f-470e-8bb4-0999c3fc6164,244114
cd0aac86-7ac4-4828-8feb-b4a36d4f517c,6c6bed17-97db-4220-bcd7-9c74bb5c30a0,156861
64afb508-3fdb-4f14-a721-040f46ad6d54,9bb7ec36-dda1-4ff9-a738-6f7f2e9f7630,104441
759c268e-84f7-4975-a0d9-19b2cd8f0dde,0305e738-0366-4b59-9641-5036465d07cd,172458
2c9eb637-701c-47c0-86f9-52df6517d923,14d26f53-dd5e-4cfa-aada-67c21bb5d939,192085
9bb7ec36-dda1-4ff9-a738-6f7f2e9f7630,a8fe04d7-c6e9-4857-be39-37559d653f33,54698
f52dd1ff-6bbf-4473-8f2f-718db4a10f87,0a672532-6002-4b7d-bee3-274a62a9fb5a,344463
54835b8a-a27f-4145-a0f6-df40badc1d0e,385ddbb9-9e74-4532-b04a-de4e304cf8a7,120810
3628d3b6-b07f-41cd-8c09-8c99afa414ba,759c268e-84f7-4975-a0d9-19b2cd8f0dde,592543
68dd02c1-3e68-4d4d-8773-fe9569808537,54d734a2-73fa-4c9d-8cf3-7a39eaef3b2d,184994
25cf4233-39d3-47dc-bf10-51d2687e74de,67a1a352-63c6-43f9-9d71-ce28a20ae21c,60564
b54ac68a-3eca-435c-8902-200a1a1b09ff,f5a4a30f-bf41-44c8-b3b3-283ffe260a60,352276
b31626b2-19f3-473f-8056-240a12f26768,dbc42853-f1be-402c-845f-6452bea1fcf0,544884
853a8faf-f277-4783-a080-1a32165bdc6e,29e9ab61-e061-4d94-8cd3-c99446d51c55,327729
b55783b5-489c-4878-a0aa-c81825d0ae80,2c9eb637-701c-47c0-86f9-52df6517d923,30610
1ab2769c-a290-4b2f-9e27-da26985f69d8,5f9a0ffa-c748-4fbb-95a5-8eab94c05210,164235
6603d019-cf11-4464-af83-d73a6114d7d9,fadaa8d2-d11e-48f4-b113-7ae97265e717,5519
12ff259b-fcec-4111-8a3e-92f1b34ef005,67a1a352-63c6-43f9-9d71-ce28a20ae21c,240295
839cc007-0190-43a3-a229-b97fe0fdddd1,25b1246f-0e37-44e9-a053-8fa48c7f8e1e,40188
5f9a0ffa-c748-4fbb-95a5-8eab94c05210,a9b5bf1c-cbe0-4d26-9be9-e219091870fb,112139
1a445f91-2ead-438a-9157-e2306187972a,25cf4233-39d3-47dc-bf10-51d2687e74de,137727
b2063c94-d6ff-4b99-9b1a-191d9fc22602,12ff259b-fcec-4111-8a3e-92f1b34ef005,301287
385ddbb9-9e74-4532-b04a-de4e304cf8a7,25b1246f-0e37-44e9-a053-8fa48c7f8e1e,58558
a44a2fb9-565b-468e-a23d-5956fdd2e744,14d26f53-dd5e-4cfa-aada-67c21bb5d939,58690
245f557e-4c75-4015-b6b5-3a52111e716f,96e28973-b877-402f-b3ae-36ec55c8844e,122413
47cd9c20-4d9e-4b8a-813b-7cf5ccc918cd,dbc42853-f1be-402c-845f-6452bea1fcf0,105630
400beeb3-50ab-4b56-8775-3b2b07aedbc3,3628d3b6-b07f-41cd-8c09-8c99afa414ba,137599
8c6f7203-3c40-4766-9212-79d89260e8e9,10949264-8492-44d9-ba5c-65c4b7838df4,149493
99d5f7aa-2bc3-4aab-be55-528b049579c6,6c6bed17-97db-4220-bcd7-9c74bb5c30a0,321361
9bb7ec36-dda1-4ff9-a738-6f7f2e9f7630,839cc007-0190-43a3-a229-b97fe0fdddd1,175340
3628d3b6-b07f-41cd-8c09-8c99afa414ba,8a5a20aa-c7aa-4e06-b3af-7285634af283,285478
78560cc8-0cca-433a-8291-89c80601bf63,3b07c7ff-6fed-490a-a9e1-f5bafebc6f0b,22031
a730d385-0f71-42a3-8b8c-b4195bfa8f1f,45e57df9-772b-40ca-aafc-898162c69844,316562
cf8d0727-06ae-41b7-a2bf-c14ea6affcfa,8c6f7203-3c40-4766-9212-79d89260e8e9,112890
e731b69c-eeaf-4cae-8db6-e0cb7a703579,a8fe04d7-c6e9-4857-be39-37559d653f33,44583
1a445f91-2ead-438a-9157-e2306187972a,d1f46208-0958-4793-bf89-39afc8da5c85,203034
98eab8e7-ae72-4457-9ea0-742b7ae8093d,0a48b595-c065-4fc3-81fc-25305be2e919,14704
b55783b5-489c-4878-a0aa-c81825d0ae80,245f557e-4c75-4015-b6b5-3a52111e716f,111787
4130354e-87e6-4255-9189-522263c3027f,cce1aaa6-a333-477e-8c63-815bef486b25,464216
558c8707-3d8a-4375-8e7e-998395fb46e5,0e73205f-4f6a-4208-ad93-9e5206df13c7,113574
464300eb-3855-4132-b377-6fe93a794fee,853a8faf-f277-4783-a080-1a32165bdc6e,71555
8c6f7203-3c40-4766-9212-79d89260e8e9,1cf3a191-a526-4d97-a3d3-434d14f60ce3,381699
cce1aaa6-a333-477e-8c63-815bef486b25,12ff259b-fcec-4111-8a3e-92f1b34ef005,212261
21140c1d-976c-4879-8bdc-a2a06014a372,0e73205f-4f6a-4208-ad93-9e5206df13c7,224202
87fcf9bd-c496-499a-8ddd-b5f35af99931,87d34d56-3bfc-4b8e-b3cf-5f8fc1df2732,115176
01961663-3143-4f5c-92e7-965eec12a0f9,a43c454e-eaae-4ccf-ba48-24cf178c0031,139507
cf8d0727-06ae-41b7-a2bf-c14ea6affcfa,07f047c6-eec0-4f71-98d8-0b06fac54ea9,161663
3535f85d-9583-4470-ac4c-9afdc1038270,b35a5f3e-d9e7-47bf-a5f8-e8abdc9166c0,148205
a9b5bf1c-cbe0-4d26-9be9-e219091870fb,f52dd1ff-6bbf-4473-8f2f-718db4a10f87,415085
58207bba-605a-4b23-98aa-9ac09a28437f,4d871fb3-f0e1-4dc9-8415-2546e8723250,3594
51d7b18f-7c8c-4230-a198-36ad0e73f79d,6c6bed17-97db-4220-bcd7-9c74bb5c30a0,510052
d7ea63f6-7280-453f-83c2-3f8ddc60ef79,7d7d78f3-acce-4f6a-9cea-2a3afcde3e8f,69738
1277cc00-3031-42e9-bb55-37ca86bbfb7c,a43c454e-eaae-4ccf-ba48-24cf178c0031,71110
32fffa33-1cd7-46d6-8e2e-e98450886d01,0a48b595-c065-4fc3-81fc-25305be2e919,38598
c855958a-64c0-4592-b32a-d7a4c8b2b733,b35a5f3e-d9e7-47bf-a5f8-e8abdc9166c0,138188
558c8707-3d8a-4375-8e7e-998395fb46e5,9303996d-4078-4c79-80db-6a3eaa36104a,61995
b35a5f3e-d9e7-47bf-a5f8-e8abdc9166c0,7cc6cfa4-c1e9-494a-986b-bbf607bc5550,34468
25b1246f-0e37-44e9-a053-8fa48c7f8e1e,310f8c32-4e53-4985-bd1b-6da805a969db,63114
fadaa8d2-d11e-48f4-b113-7ae97265e717,ea73977d-dcbd-4fd4-81c2-5ac84fa64cac,22593
b391f9a6-4399-4069-9150-100fa9423b03,54d734a2-73fa-4c9d-8cf3-7a39eaef3b2d,483140
6e279e72-004f-470e-8bb4-0999c3fc6164,b31626b2-19f3-473f-8056-240a12f26768,324387
2993ded9-071e-45bc-9b13-accdf5d3ebec,310f8c32-4e53-4985-bd1b-6da805a969db,5015
245f557e-4c75-4015-b6b5-3a52111e716f,11e6699e-09c0-4e83-aa27-821896ae0c18,47521
d3f7b752-a107-4df3-9795-14db35826c73,ea73977d-dcbd-4fd4-81c2-5ac84fa64cac,516079
58207bba-605a-4b23-98aa-9ac09a28437f,b5c5b6ab-0337-4187-afc3-a1ec6230064f,9940
245f557e-4c75-4015-b6b5-3a52111e716f,8536988f-ed41-448c-97ce-9555c75abfaa,194922
96e28973-b877-402f-b3ae-36ec55c8844e,0532f619-2dfb-4ed2-8656-ce67a56128aa,93006
9eddc067-b8c5-418d-8707-e41b27dafb46,4b2c12b4-cdf9-4dc2-b23a-09610cc147eb,33141
839cc007-0190-43a3-a229-b97fe0fdddd1,67a1a352-63c6-43f9-9d71-ce28a20ae21c,25082
b5c5b6ab-0337-4187-afc3-a1ec6230064f,cd4373fe-0091-4421-898d-1322bb7921e8,57291
5e62c6a4-2bb4-4e1c-8488-e10c7b1c3f63,c855958a-64c0-4592-b32a-d7a4c8b2b733,75235
51d7b18f-7c8c-4230-a198-36ad0e73f79d,18036c84-0da6-4c1e-9b11-126a55b485c7,462137
9bb7ec36-dda1-4ff9-a738-6f7f2e9f7630,119ea857-b60b-491c-8e01-ab437e50f26e,145125
25cf4233-39d3-47dc-bf10-51d2687e74de,f38f3d11-ca55-4e14-9b7a-3c41774011e1,74333
10949264-8492-44d9-ba5c-65c4b7838df4,96e28973-b877-402f-b3ae-36ec55c8844e,201556
1ab2769c-a290-4b2f-9e27-da26985f69d8,7e557ea8-c91d-46eb-8ca1-0358f43dcabe,208696
99d5f7aa-2bc3-4aab-be55-528b049579c6,394c6a7f-f4e5-40b8-bf5b-a953d624f184,479617
b5c5b6ab-0337-4187-afc3-a1ec6230064f,db21b201-6b2e-4e52-ad8d-d44123fc5c63,155856
b2063c94-d6ff-4b99-9b1a-191d9fc22602,06e59082-1be0-4c86-87a5-ccf1f9fea164,69883
87fcf9bd-c496-499a-8ddd-b5f35af99931,22a5a25e-618e-456a-b80a-9cbef2c43460,28507
3535f85d-9583-4470-ac4c-9afdc1038270,12ff259b-fcec-4111-8a3e-92f1b34ef005,171217
8a1eb4a2-9b78-44bf-bb1e-2556e0dab34c,d3f7b752-a107-4df3-9795-14db35826c73,229608
2c754a65-ff58-47e6-85c1-78eb1aca2225,3628d3b6-b07f-41cd-8c09-8c99afa414ba,245748
54835b8a-a27f-4145-a0f6-df40badc1d0e,32fffa33-1cd7-46d6-8e2e-e98450886d01,144538
9eddc067-b8c5-418d-8707-e41b27dafb46,b5c5b6ab-0337-4187-afc3-a1ec6230064f,55865
4e6f9bb8-78a5-4e09-9673-cce1f5489a5b,0a48b595-c065-4fc3-81fc-25305be2e919,154386
1dc801b8-53d9-46a5-85fd-164140883dd0,cb0c31f6-0fd6-46de-af02-5d25005aa5bb,306779
54835b8a-a27f-4145-a0f6-df40badc1d0e,0532f619-2dfb-4ed2-8656-ce67a56128aa,113826
4130354e-87e6-4255-9189-522263c3027f,85b8f4a0-8132-49e1-8991-32d3b09d6b71,557227
dbc42853-f1be-402c-845f-6452bea1fcf0,cd4373fe-0091-4421-898d-1322bb7921e8,488349
3b07c7ff-6fed-490a-a9e1-f5bafebc6f0b,b391f9a6-4399-4069-9150-100fa9423b03,488524
c63bfa5b-d5bb-461c-b9eb-e8744301a90e,2c754a65-ff58-47e6-85c1-78eb1aca2225,36162
78699c1e-3234-4c39-a2d4-5e6e545dc68e,c63bfa5b-d5bb-461c-b9eb-e8744301a90e,208031
cd4373fe-0091-4421-898d-1322bb7921e8,f52dd1ff-6bbf-4473-8f2f-718db4a10f87,115450
4b3124e8-5fe8-4c26-8e72-8f6ba2766978,cb0c31f6-0fd6-46de-af02-5d25005aa5bb,176645
ea73977d-dcbd-4fd4-81c2-5ac84fa64cac,67a1a352-63c6-43f9-9d71-ce28a20ae21c,55031
28be9ff8-6e8b-486b-bf5d-0d5f62c0c810,b154fd49-3672-4066-8fe1-a9993e912518,422019
e413f084-e90e-424a-b205-f3dd75142edc,c855958a-64c0-4592-b32a-d7a4c8b2b733,15230
47cd9c20-4d9e-4b8a-813b-7cf5ccc918cd,a44a2fb9-565b-468e-a23d-5956fdd2e744,132051
6e279e72-004f-470e-8bb4-0999c3fc6164,a43c454e-eaae-4ccf-ba48-24cf178c0031,303294
a44a2fb9-565b-468e-a23d-5956fdd2e744,400beeb3-50ab-4b56-8775-3b2b07aedbc3,94107
54835b8a-a27f-4145-a0f6-df40badc1d0e,7d7c80c6-da3d-482a-87d2-4323b489f08b,109512
cb0c31f6-0fd6-46de-af02-5d25005aa5bb,cf8d0727-06ae-41b7-a2bf-c14ea6affcfa,149721
18036c84-0da6-4c1e-9b11-126a55b485c7,87fcf9bd-c496-499a-8ddd-b5f35af99931,360451
27a6c30d-3dd4-430c-9b72-6a22b6bc28be,cd4373fe-0091-4421-898d-1322bb7921e8,190807
0532f619-2dfb-4ed2-8656-ce67a56128aa,d9dbc87f-1fec-4d78-bf2b-ec41887dfd44,182183
db21b201-6b2e-4e52-ad8d-d44123fc5c63,a730d385-0f71-42a3-8b8c-b4195bfa8f1f,130582
78fd87d1-526d-4b18-8de8-c4c281977037,4b2c12b4-cdf9-4dc2-b23a-09610cc147eb,34617
22a5a25e-618e-456a-b80a-9cbef2c43460,28be9ff8-6e8b-486b-bf5d-0d5f62c0c810,31603
384df65c-8611-4041-99a2-9b5a19d87245,2130aa47-2aba-4a23-b3ca-a4360325ae32,208343
51d7b18f-7c8c-4230-a198-36ad0e73f79d,3fe4fa6b-719c-428e-ab19-ac1e5a83f0f1,459467
cf8d0727-06ae-41b7-a2bf-c14ea6affcfa,310f8c32-4e53-4985-bd1b-6da805a969db,102201
28be9ff8-6e8b-486b-bf5d-0d5f62c0c810,7d7c80c6-da3d-482a-87d2-4323b489f08b,459960
cce1aaa6-a333-477e-8c63-815bef486b25,cd0aac86-7ac4-4828-8feb-b4a36d4f517c,259101
7cc6cfa4-c1e9-494a-986b-bbf607bc5550,9eddc067-b8c5-418d-8707-e41b27dafb46,526293
d7ea63f6-7280-453f-83c2-3f8ddc60ef79,b54ac68a-3eca-435c-8902-200a1a1b09ff,259470
dbc42853-f1be-402c-845f-6452bea1fcf0,f52dd1ff-6bbf-4473-8f2f-718db4a10f87,560806
e413f084-e90e-424a-b205-f3dd75142edc,8a5a20aa-c7aa-4e06-b3af-7285634af283,14931
2daeec3a-f864-4eba-bdf5-03ccf9feb992,a730d385-0f71-42a3-8b8c-b4195bfa8f1f,112563
1cf3a191-a526-4d97-a3d3-434d14f60ce3,b5c5b6ab-0337-4187-afc3-a1ec6230064f,248102
7d7c80c6-da3d-482a-87d2-4323b489f08b,853a8faf-f277-4783-a080-1a32165bdc6e,36175
68dd02c1-3e68-4d4d-8773-fe9569808537,5d4da318-295f-43fd-b303-bbd5fc786145,233651
3fe4fa6b-719c-428e-ab19-ac1e5a83f0f1,5d4da318-295f-43fd-b303-bbd5fc786145,86855
65d47575-b37f-4501-841e-142b28a09398,9eddc067-b8c5-418d-8707-e41b27dafb46,60959
0532f619-2dfb-4ed2-8656-ce67a56128aa,98eab8e7-ae72-4457-9ea0-742b7ae8093d,176920
8a5a20aa-c7aa-4e06-b3af-7285634af283,4b2c12b4-cdf9-4dc2-b23a-09610cc147eb,2441
464300eb-3855-4132-b377-6fe93a794fee,4d871fb3-f0e1-4dc9-8415-2546e8723250,161315
27a6c30d-3dd4-430c-9b72-6a22b6bc28be,7d7c80c6-da3d-482a-87d2-4323b489f08b,481751
b54ac68a-3eca-435c-8902-200a1a1b09ff,b5dc2142-0bad-4987-be8e-d11f22d9ea51,68151
095d08c2-5199-4d31-a548-12b5955c61a1,384df65c-8611-4041-99a2-9b5a19d87245,119273
ea73977d-dcbd-4fd4-81c2-5ac84fa64cac,7d7d78f3-acce-4f6a-9cea-2a3afcde3e8f,143407
b54ac68a-3eca-435c-8902-200a1a1b09ff,b31626b2-19f3-473f-8056-240a12f26768,281704
095d08c2-5199-4d31-a548-12b5955c61a1,8a5a20aa-c7aa-4e06-b3af-7285634af283,192731
99d5f7aa-2bc3-4aab-be55-528b049579c6,7cc6cfa4-c1e9-494a-986b-bbf607bc5550,569154
ea73977d-dcbd-4fd4-81c2-5ac84fa64cac,83ca04ab-5096-4031-b64a-163ca57dfb1b,30348
22a5a25e-618e-456a-b80a-9cbef2c43460,15ba1443-4cf1-4367-93b6-60fbb95a5b5e,38694
27a6c30d-3dd4-430c-9b72-6a22b6bc28be,87fcf9bd-c496-499a-8ddd-b5f35af99931,482158
99d5f7aa-2bc3-4aab-be55-528b049579c6,a8a3a809-1348-41fe-b334-afa6e29e0493,369419
b5c5b6ab-0337-4187-afc3-a1ec6230064f,b154fd49-3672-4066-8fe1-a9993e912518,155091
db21b201-6b2e-4e52-ad8d-d44123fc5c63,18036c84-0da6-4c1e-9b11-126a55b485c7,78786
04d0fe46-e270-4bf0-b721-ee363d6a6e2f,cd0aac86-7ac4-4828-8feb-b4a36d4f517c,216755
08610465-eb20-4cef-a770-ee3cd8e75508,e731b69c-eeaf-4cae-8db6-e0cb7a703579,181263
f38f3d11-ca55-4e14-9b7a-3c41774011e1,47cd9c20-4d9e-4b8a-813b-7cf5ccc918cd,389065
119ea857-b60b-491c-8e01-ab437e50f26e,2c754a65-ff58-47e6-85c1-78eb1aca2225,255293
a8fe04d7-c6e9-4857-be39-37559d653f33,47cd9c20-4d9e-4b8a-813b-7cf5ccc918cd,153555
759c268e-84f7-4975-a0d9-19b2cd8f0dde,15ba1443-4cf1-4367-93b6-60fbb95a5b5e,112616
1db7abdf-2504-4e24-99b3-3dffe16ee8eb,558c8707-3d8a-4375-8e7e-998395fb46e5,481520
b5dc2142-0bad-4987-be8e-d11f22d9ea51,3628d3b6-b07f-41cd-8c09-8c99afa414ba,124969
dbc42853-f1be-402c-845f-6452bea1fcf0,b5dc2142-0bad-4987-be8e-d11f22d9ea51,374308
310f8c32-4e53-4985-bd1b-6da805a969db,65d47575-b37f-4501-841e-142b28a09398,64734
2daeec3a-f864-4eba-bdf5-03ccf9feb992,2c754a65-ff58-47e6-85c1-78eb1aca2225,79888
a43c454e-eaae-4ccf-ba48-24cf178c0031,3628d3b6-b07f-41cd-8c09-8c99afa414ba,3060
2c754a65-ff58-47e6-85c1-78eb1aca2225,78fd87d1-526d-4b18-8de8-c4c281977037,150803
b391f9a6-4399-4069-9150-100fa9423b03,310f8c32-4e53-4985-bd1b-6da805a969db,191178
2130aa47-2aba-4a23-b3ca-a4360325ae32,12ff259b-fcec-4111-8a3e-92f1b34ef005,365299
d1f46208-0958-4793-bf89-39afc8da5c85,180627e6-0c19-44ba-82b6-4ec97d3ad85d,91251
7fba12e8-f336-4a99-a479-dbcb1fc058b8,83ca04ab-5096-4031-b64a-163ca57dfb1b,207584
f5a4a30f-bf41-44c8-b3b3-283ffe260a60,d59927c9-8f84-405f-b928-2ec21f8c6eb1,415674
7d7c80c6-da3d-482a-87d2-4323b489f08b,e121b8a7-f238-42b9-8457-181650d599f1,11728
87d34d56-3bfc-4b8e-b3cf-5f8fc1df2732,07f047c6-eec0-4f71-98d8-0b06fac54ea9,258709
b35a5f3e-d9e7-47bf-a5f8-e8abdc9166c0,e7338740-b7ee-469c-9c74-bee7dd5f18d2,37110
87d34d56-3bfc-4b8e-b3cf-5f8fc1df2732,839cc007-0190-43a3-a229-b97fe0fdddd1,146648
853a8faf-f277-4783-a080-1a32165bdc6e,d59927c9-8f84-405f-b928-2ec21f8c6eb1,367561
5e62c6a4-2bb4-4e1c-8488-e10c7b1c3f63,095d08c2-5199-4d31-a548-12b5955c61a1,135550
b391f9a6-4399-4069-9150-100fa9423b03,384df65c-8611-4041-99a2-9b5a19d87245,340712
7cc6cfa4-c1e9-494a-986b-bbf607bc5550,28be9ff8-6e8b-486b-bf5d-0d5f62c0c810,319854
51d7b18f-7c8c-4230-a198-36ad0e73f79d,1277cc00-3031-42e9-bb55-37ca86bbfb7c,312172
245f557e-4c75-4015-b6b5-3a52111e716f,2daeec3a-f864-4eba-bdf5-03ccf9feb992,46561
ea73977d-dcbd-4fd4-81c2-5ac84fa64cac,5f9a0ffa-c748-4fbb-95a5-8eab94c05210,84065
8a5a20aa-c7aa-4e06-b3af-7285634af283,3b07c7ff-6fed-490a-a9e1-f5bafebc6f0b,8779
a90a0979-3d6a-4c77-b2ce-81ba1f5311a5,28be9ff8-6e8b-486b-bf5d-0d5f62c0c810,49718
4b3124e8-5fe8-4c26-8e72-8f6ba2766978,22a5a25e-618e-456a-b80a-9cbef2c43460,302511
27a6c30d-3dd4-430c-9b72-6a22b6bc28be,394c6a7f-f4e5-40b8-bf5b-a953d624f184,357566
b55783b5-489c-4878-a0aa-c81825d0ae80,dbc42853-f1be-402c-845f-6452bea1fcf0,24389
28be9ff8-6e8b-486b-bf5d-0d5f62c0c810,9eddc067-b8c5-418d-8707-e41b27dafb46,459295
0e73205f-4f6a-4208-ad93-9e5206df13c7,68dd02c1-3e68-4d4d-8773-fe9569808537,233310
29e9ab61-e061-4d94-8cd3-c99446d51c55,a730d385-0f71-42a3-8b8c-b4195bfa8f1f,271587
cd0aac86-7ac4-4828-8feb-b4a36d4f517c,87d34d56-3bfc-4b8e-b3cf-5f8fc1df2732,221277
3628d3b6-b07f-41cd-8c09-8c99afa414ba,4b2c12b4-cdf9-4dc2-b23a-09610cc147eb,521696
e3dc7114-400f-4423-b05f-d6c737c28279,14d26f53-dd5e-4cfa-aada-67c21bb5d939,215666
2c9eb637-701c-47c0-86f9-52df6517d923,b35a5f3e-d9e7-47bf-a5f8-e8abdc9166c0,128215
45e57df9-772b-40ca-aafc-898162c69844,4e6f9bb8-78a5-4e09-9673-cce1f5489a5b,187454
7d7d78f3-acce-4f6a-9cea-2a3afcde3e8f,f52dd1ff-6bbf-4473-8f2f-718db4a10f87,10638
78fd87d1-526d-4b18-8de8-c4c281977037,68dd02c1-3e68-4d4d-8773-fe9569808537,51643
e121b8a7-f238-42b9-8457-181650d599f1,db21b201-6b2e-4e52-ad8d-d44123fc5c63,18071
310f8c32-4e53-4985-bd1b-6da805a969db,7d7d78f3-acce-4f6a-9cea-2a3afcde3e8f,191088
cf8d0727-06ae-41b7-a2bf-c14ea6affcfa,d7ea63f6-7280-453f-83c2-3f8ddc60ef79,145722
b55783b5-489c-4878-a0aa-c81825d0ae80,99d5f7aa-2bc3-4aab-be55-528b049579c6,40802
08610465-eb20-4cef-a770-ee3cd8e75508,464300eb-3855-4132-b377-6fe93a794fee,113527
2c9eb637-701c-47c0-86f9-52df6517d923,e313b334-d8e0-4f9d-a841-02495ccfd0d4,45364
7d7c80c6-da3d-482a-87d2-4323b489f08b,58207bba-605a-4b23-98aa-9ac09a28437f,23177
558c8707-3d8a-4375-8e7e-998395fb46e5,e313b334-d8e0-4f9d-a841-02495ccfd0d4,67884
cb0c31f6-0fd6-46de-af02-5d25005aa5bb,0305e738-0366-4b59-9641-5036465d07cd,216896
4b3124e8-5fe8-4c26-8e72-8f6ba2766978,99d5f7aa-2bc3-4aab-be55-528b049579c6,128749
2c754a65-ff58-47e6-85c1-78eb1aca2225,22a5a25e-618e-456a-b80a-9cbef2c43460,180754
8c6f7203-3c40-4766-9212-79d89260e8e9,51d7b18f-7c8c-4230-a198-36ad0e73f79d,261829
4e6f9bb8-78a5-4e09-9673-cce1f5489a5b,b55783b5-489c-4878-a0aa-c81825d0ae80,136686
7d7d78f3-acce-4f6a-9cea-2a3afcde3e8f,b55783b5-489c-4878-a0aa-c81825d0ae80,3692
a730d385-0f71-42a3-8b8c-b4195bfa8f1f,e731b69c-eeaf-4cae-8db6-e0cb7a703579,394817
67a1a352-63c6-43f9-9d71-ce28a20ae21c,464300eb-3855-4132-b377-6fe93a794fee,33827
25b1246f-0e37-44e9-a053-8fa48c7f8e1e,5065fc4a-0d76-4ae7-84f0-b17d57bc7ce8,110364
b5c5b6ab-0337-4187-afc3-a1ec6230064f,b2063c94-d6ff-4b99-9b1a-191d9fc22602,138694
51d7b18f-7c8c-4230-a198-36ad0e73f79d,394c6a7f-f4e5-40b8-bf5b-a953d624f184,386873
b154fd49-3672-4066-8fe1-a9993e912518,d1f46208-0958-4793-bf89-39afc8da5c85,55823
9bb7ec36-dda1-4ff9-a738-6f7f2e9f7630,87fcf9bd-c496-499a-8ddd-b5f35af99931,164879
4d871fb3-f0e1-4dc9-8415-2546e8723250,25cf4233-39d3-47dc-bf10-51d2687e74de,155104
cb0c31f6-0fd6-46de-af02-5d25005aa5bb,b54ac68a-3eca-435c-8902-200a1a1b09ff,261295
f5a4a30f-bf41-44c8-b3b3-283ffe260a60,a44a2fb9-565b-468e-a23d-5956fdd2e744,376635
f38f3d11-ca55-4e14-9b7a-3c41774011e1,e413f084-e90e-424a-b205-f3dd75142edc,221995
9303996d-4078-4c79-80db-6a3eaa36104a,99d5f7aa-2bc3-4aab-be55-528b049579c6,542078
b5c5b6ab-0337-4187-afc3-a1ec6230064f,14d26f53-dd5e-4cfa-aada-67c21bb5d939,122954
e3dc7114-400f-4423-b05f-d6c737c28279,4d871fb3-f0e1-4dc9-8415-2546e8723250,138221
14d26f53-dd5e-4cfa-aada-67c21bb5d939,3628d3b6-b07f-41cd-8c09-8c99afa414ba,145093
e731b69c-eeaf-4cae-8db6-e0cb7a703579,21140c1d-976c-4879-8bdc-a2a06014a372,71549
d3f7b752-a107-4df3-9795-14db35826c73,04d0fe46-e270-4bf0-b721-ee363d6a6e2f,202936
78fd87d1-526d-4b18-8de8-c4c281977037,d3f7b752-a107-4df3-9795-14db35826c73,13138
7d7d78f3-acce-4f6a-9cea-2a3afcde3e8f,759c268e-84f7-4975-a0d9-19b2cd8f0dde,6838
2c754a65-ff58-47e6-85c1-78eb1aca2225,85b8f4a0-8132-49e1-8991-32d3b09d6b71,73924
245f557e-4c75-4015-b6b5-3a52111e716f,cd0aac86-7ac4-4828-8feb-b4a36d4f517c,111506
32fffa33-1cd7-46d6-8e2e-e98450886d01,0a48b595-c065-4fc3-81fc-25305be2e919,26583
67a1a352-63c6-43f9-9d71-ce28a20ae21c,b154fd49-3672-4066-8fe1-a9993e912518,50586
b2063c94-d6ff-4b99-9b1a-191d9fc22602,cf8d0727-06ae-41b7-a2bf-c14ea6affcfa,315626
07f047c6-eec0-4f71-98d8-0b06fac54ea9,8536988f-ed41-448c-97ce-9555c75abfaa,157103
cb0c31f6-0fd6-46de-af02-5d25005aa5bb,21140c1d-976c-4879-8bdc-a2a06014a372,184853
06e59082-1be0-4c86-87a5-ccf1f9fea164,b55783b5-489c-4878-a0aa-c81825d0ae80,263783
8c6f7203-3c40-4766-9212-79d89260e8e9,a730d385-0f71-42a3-8b8c-b4195bfa8f1f,391916
7fba12e8-f336-4a99-a479-dbcb1fc058b8,60daa3ab-6065-4f2b-830b-86b36bb4afe8,345011
9eddc067-b8c5-418d-8707-e41b27dafb46,5d4da318-295f-43fd-b303-bbd5fc786145,45343
fadaa8d2-d11e-48f4-b113-7ae97265e717,a90a0979-3d6a-4c77-b2ce-81ba1f5311a5,23656
cb0c31f6-0fd6-46de-af02-5d25005aa5bb,a8a3a809-1348-41fe-b334-afa6e29e0493,205060
1ab2769c-a290-4b2f-9e27-da26985f69d8,28be9ff8-6e8b-486b-bf5d-0d5f62c0c810,330711
d1f46208-0958-4793-bf89-39afc8da5c85,22a5a25e-618e-456a-b80a-9cbef2c43460,232775
853a8faf-f277-4783-a080-1a32165bdc6e,f5a4a30f-bf41-44c8-b3b3-283ffe260a60,190243
b391f9a6-4399-4069-9150-100fa9423b03,a90a0979-3d6a-4c77-b2ce-81ba1f5311a5,331961
dbc42853-f1be-402c-845f-6452bea1fcf0,a44a2fb9-565b-468e-a23d-5956fdd2e744,404215
d9dbc87f-1fec-4d78-bf2b-ec41887dfd44,7d7c80c6-da3d-482a-87d2-4323b489f08b,212817
d3f7b752-a107-4df3-9795-14db35826c73,b35a5f3e-d9e7-47bf-a5f8-e8abdc9166c0,253900
cf8d0727-06ae-41b7-a2bf-c14ea6affcfa,c9fc8fa1-ca0e-4b1e-904c-80e5d80b2e39,63383
853a8faf-f277-4783-a080-1a32165bdc6e,cd4373fe-0091-4421-898d-1322bb7921e8,396114
b391f9a6-4399-4069-9150-100fa9423b03,87fcf9bd-c496-499a-8ddd-b5f35af99931,276870
cd0aac86-7ac4-4828-8feb-b4a36d4f517c,e3dc7114-400f-4423-b05f-d6c737c28279,247468
32fffa33-1cd7-46d6-8e2e-e98450886d01,cd4373fe-0091-4421-898d-1322bb7921e8,32083
78560cc8-0cca-433a-8291-89c80601bf63,68dd02c1-3e68-4d4d-8773-fe9569808537,51186
10949264-8492-44d9-ba5c-65c4b7838df4,01961663-3143-4f5c-92e7-965eec12a0f9,97382
b31626b2-19f3-473f-8056-240a12f26768,f5a4a30f-bf41-44c8-b3b3-283ffe260a60,417969
5e62c6a4-2bb4-4e1c-8488-e10c7b1c3f63,7d7d78f3-acce-4f6a-9cea-2a3afcde3e8f,84383
48ad0f18-b76e-4483-9afc-cd7e59be5f3a,f38f3d11-ca55-4e14-9b7a-3c41774011e1,348653
14d26f53-dd5e-4cfa-aada-67c21bb5d939,1ab2769c-a290-4b2f-9e27-da26985f69d8,59376
18036c84-0da6-4c1e-9b11-126a55b485c7,1dc801b8-53d9-46a5-85fd-164140883dd0,95935
b35a5f3e-d9e7-47bf-a5f8-e8abdc9166c0,839cc007-0190-43a3-a229-b97fe0fdddd1,133361
b55783b5-489c-4878-a0aa-c81825d0ae80,f5a4a30f-bf41-44c8-b3b3-283ffe260a60,110789
4130354e-87e6-4255-9189-522263c3027f,d59927c9-8f84-405f-b928-2ec21f8c6eb1,324335
e731b69c-eeaf-4cae-8db6-e0cb7a703579,5065fc4a-0d76-4ae7-84f0-b17d57bc7ce8,14392
96e28973-b877-402f-b3ae-36ec55c8844e,b31626b2-19f3-473f-8056-240a12f26768,140717
a43c454e-eaae-4ccf-ba48-24cf178c0031,60daa3ab-6065-4f2b-830b-86b36bb4afe8,5326
b5c5b6ab-0337-4187-afc3-a1ec6230064f,cf8d0727-06ae-41b7-a2bf-c14ea6affcfa,207029
78699c1e-3234-4c39-a2d4-5e6e545dc68e,3628d3b6-b07f-41cd-8c09-8c99afa414ba,202719
6c6bed17-97db-4220-bcd7-9c74bb5c30a0,87fcf9bd-c496-499a-8ddd-b5f35af99931,111699
5e62c6a4-2bb4-4e1c-8488-e10c7b1c3f63,2c9eb637-701c-47c0-86f9-52df6517d923,80498
f5a4a30f-bf41-44c8-b3b3-283ffe260a60,67a1a352-63c6-43f9-9d71-ce28a20ae21c,456471
cd4373fe-0091-4421-898d-1322bb7921e8,5f9a0ffa-c748-4fbb-95a5-8eab94c05210,123685
87fcf9bd-c496-499a-8ddd-b5f35af99931,8a5a20aa-c7aa-4e06-b3af-7285634af283,105317
78fd87d1-526d-4b18-8de8-c4c281977037,a8fe04d7-c6e9-4857-be39-37559d653f33,15200
c63bfa5b-d5bb-461c-b9eb-e8744301a90e,21140c1d-976c-4879-8bdc-a2a06014a372,108852
28be9ff8-6e8b-486b-bf5d-0d5f62c0c810,54d734a2-73fa-4c9d-8cf3-7a39eaef3b2d,120019
095d08c2-5199-4d31-a548-12b5955c61a1,18036c84-0da6-4c1e-9b11-126a55b485c7,386062
180627e6-0c19-44ba-82b6-4ec97d3ad85d,245f557e-4c75-4015-b6b5-3a52111e716f,127214
65d47575-b37f-4501-841e-142b28a09398,310f8c32-4e53-4985-bd1b-6da805a969db,29313
e7338740-b7ee-469c-9c74-bee7dd5f18d2,29e9ab61-e061-4d94-8cd3-c99446d51c55,165432
65d47575-b37f-4501-841e-142b28a09398,1ab2769c-a290-4b2f-9e27-da26985f69d8,136545
11e6699e-09c0-4e83-aa27-821896ae0c18,2daeec3a-f864-4eba-bdf5-03ccf9feb992,38745
3535f85d-9583-4470-ac4c-9afdc1038270,a730d385-0f71-42a3-8b8c-b4195bfa8f1f,87223
e7338740-b7ee-469c-9c74-bee7dd5f18d2,a44a2fb9-565b-468e-a23d-5956fdd2e744,127580
78560cc8-0cca-433a-8291-89c80601bf63,0e73205f-4f6a-4208-ad93-9e5206df13c7,82608
385ddbb9-9e74-4532-b04a-de4e304cf8a7,60daa3ab-6065-4f2b-830b-86b36bb4afe8,72464
f52dd1ff-6bbf-4473-8f2f-718db4a10f87,32fffa33-1cd7-46d6-8e2e-e98450886d01,455042
c9fc8fa1-ca0e-4b1e-904c-80e5d80b2e39,d59927c9-8f84-405f-b928-2ec21f8c6eb1,249313
6c6bed17-97db-4220-bcd7-9c74bb5c30a0,e313b334-d8e0-4f9d-a841-02495ccfd0d4,142608
4e6f9bb8-78a5-4e09-9673-cce1f5489a5b,a43c454e-eaae-4ccf-ba48-24cf178c0031,135936
25b1246f-0e37-44e9-a053-8fa48c7f8e1e,48ad0f18-b76e-4483-9afc-cd7e59be5f3a,179971
558c8707-3d8a-4375-8e7e-998395fb46e5,db21b201-6b2e-4e52-ad8d-d44123fc5c63,106742
78699c1e-3234-4c39-a2d4-5e6e545dc68e,c63bfa5b-d5bb-461c-b9eb-e8744301a90e,197059
b31626b2-19f3-473f-8056-240a12f26768,9bb7ec36-dda1-4ff9-a738-6f7f2e9f7630,181294
a43c454e-eaae-4ccf-ba48-24cf178c0031,fadaa8d2-d11e-48f4-b113-7ae97265e717,1582
3b07c7ff-6fed-490a-a9e1-f5bafebc6f0b,385ddbb9-9e74-4532-b04a-de4e304cf8a7,447420
5d4da318-295f-43fd-b303-bbd5fc786145,e3dc7114-400f-4423-b05f-d6c737c28279,227972
b2063c94-d6ff-4b99-9b1a-191d9fc22602,b391f9a6-4399-4069-9150-100fa9423b03,369637
e731b69c-eeaf-4cae-8db6-e0cb7a703579,a90a0979-3d6a-4c77-b2ce-81ba1f5311a5,64051
7fba12e8-f336-4a99-a479-dbcb1fc058b8,c63bfa5b-d5bb-461c-b9eb-e8744301a90e,290399
32fffa33-1cd7-46d6-8e2e-e98450886d01,3b07c7ff-6fed-490a-a9e1-f5bafebc6f0b,53896
29e9ab61-e061-4d94-8cd3-c99446d51c55,d3f7b752-a107-4df3-9795-14db35826c73,106737
2daeec3a-f864-4eba-bdf5-03ccf9feb992,245f557e-4c75-4015-b6b5-3a52111e716f,268978
48ad0f18-b76e-4483-9afc-cd7e59be5f3a,85b8f4a0-8132-49e1-8991-32d3b09d6b71,343870
cd0aac86-7ac4-4828-8feb-b4a36d4f517c,6603d019-cf11-4464-af83-d73a6114d7d9,228060
21140c1d-976c-4879-8bdc-a2a06014a372,b55783b5-489c-4878-a0aa-c81825d0ae80,184070
28be9ff8-6e8b-486b-bf5d-0d5f62c0c810,7d7c80c6-da3d-482a-87d2-4323b489f08b,275492
9eddc067-b8c5-418d-8707-e41b27dafb46,78560cc8-0cca-433a-8291-89c80601bf63,17253
87fcf9bd-c496-499a-8ddd-b5f35af99931,4e6f9bb8-78a5-4e09-9673-cce1f5489a5b,113782
b5dc2142-0bad-4987-be8e-d11f22d9ea51,7e557ea8-c91d-46eb-8ca1-0358f43dcabe,381706
b5dc2142-0bad-4987-be8e-d11f22d9ea51,18036c84-0da6-4c1e-9b11-126a55b485c7,166705
8a1eb4a2-9b78-44bf-bb1e-2556e0dab34c,119ea857-b60b-491c-8e01-ab437e50f26e,337754
48ad0f18-b76e-4483-9afc-cd7e59be5f3a,11e6699e-09c0-4e83-aa27-821896ae0c18,396397
7e557ea8-c91d-46eb-8ca1-0358f43dcabe,e3dc7114-400f-4423-b05f-d6c737c28279,241057
3fe4fa6b-719c-428e-ab19-ac1e5a83f0f1,9eddc067-b8c5-418d-8707-e41b27dafb46,147651
2993ded9-071e-45bc-9b13-accdf5d3ebec,1dc801b8-53d9-46a5-85fd-164140883dd0,2302
29e9ab61-e061-4d94-8cd3-c99446d51c55,a44a2fb9-565b-468e-a23d-5956fdd2e744,339649
3535f85d-9583-4470-ac4c-9afdc1038270,b35a5f3e-d9e7-47bf-a5f8-e8abdc9166c0,51277
d1f46208-0958-4793-bf89-39afc8da5c85,25cf4233-39d3-47dc-bf10-51d2687e74de,160182
67a1a352-63c6-43f9-9d71-ce28a20ae21c,3628d3b6-b07f-41cd-8c09-8c99afa414ba,22979
394c6a7f-f4e5-40b8-bf5b-a953d624f184,47cd9c20-4d9e-4b8a-813b-7cf5ccc918cd,130252
b2063c94-d6ff-4b99-9b1a-191d9fc22602,b54ac68a-3eca-435c-8902-200a1a1b09ff,332629
095d08c2-5199-4d31-a548-12b5955c61a1,c855958a-64c0-4592-b32a-d7a4c8b2b733,322804
85b8f4a0-8132-49e1-8991-32d3b09d6b71,b31626b2-19f3-473f-8056-240a12f26768,220406
cd4373fe-0091-4421-898d-1322bb7921e8,6e279e72-004f-470e-8bb4-0999c3fc6164,218411
68dd02c1-3e68-4d4d-8773-fe9569808537,9bb7ec36-dda1-4ff9-a738-6f7f2e9f7630,336676
18036c84-0da6-4c1e-9b11-126a55b485c7,c855958a-64c0-4592-b32a-d7a4c8b2b733,399266
8a1eb4a2-9b78-44bf-bb1e-2556e0dab34c,96e28973-b877-402f-b3ae-36ec55c8844e,191734
a43c454e-eaae-4ccf-ba48-24cf178c0031,98eab8e7-ae72-4457-9ea0-742b7ae8093d,6445
6603d019-cf11-4464-af83-d73a6114d7d9,4b3124e8-5fe8-4c26-8e72-8f6ba2766978,13814
2c754a65-ff58-47e6-85c1-78eb1aca2225,25cf4233-39d3-47dc-bf10-51d2687e74de,228770
11e6699e-09c0-4e83-aa27-821896ae0c18,400beeb3-50ab-4b56-8775-3b2b07aedbc3,102395
a8a3a809-1348-41fe-b334-afa6e29e0493,e121b8a7-f238-42b9-8457-181650d599f1,139394
47cd9c20-4d9e-4b8a-813b-7cf5ccc918cd,5f9a0ffa-c748-4fbb-95a5-8eab94c05210,87575
65d47575-b37f-4501-841e-142b28a09398,07f047c6-eec0-4f71-98d8-0b06fac54ea9,95545
e413f084-e90e-424a-b205-f3dd75142edc,400beeb3-50ab-4b56-8775-3b2b07aedbc3,18310
3535f85d-9583-4470-ac4c-9afdc1038270,d7ea63f6-7280-453f-83c2-3f8ddc60ef79,185337
839cc007-0190-43a3-a229-b97fe0fdddd1,e413f084-e90e-424a-b205-f3dd75142edc,48767
8a1eb4a2-9b78-44bf-bb1e-2556e0dab34c,68dd02c1-3e68-4d4d-8773-fe9569808537,254756
0a48b595-c065-4fc3-81fc-25305be2e919,1cf3a191-a526-4d97-a3d3-434d14f60ce3,311272
0e73205f-4f6a-4208-ad93-9e5206df13c7,e7338740-b7ee-469c-9c74-bee7dd5f18d2,230900
18036c84-0da6-4c1e-9b11-126a55b485c7,87d34d56-3bfc-4b8e-b3cf-5f8fc1df2732,306859
d59927c9-8f84-405f-b928-2ec21f8c6eb1,07f047c6-eec0-4f71-98d8-0b06fac54ea9,52583
f52dd1ff-6bbf-4473-8f2f-718db4a10f87,b2063c94-d6ff-4b99-9b1a-191d9fc22602,231883
87fcf9bd-c496-499a-8ddd-b5f35af99931,d9dbc87f-1fec-4d78-bf2b-ec41887dfd44,59860
9303996d-4078-4c79-80db-6a3eaa36104a,b54ac68a-3eca-435c-8902-200a1a1b09ff,356052
0e73205f-4f6a-4208-ad93-9e5206df13c7,e7338740-b7ee-469c-9c74-bee7dd5f18d2,271362
385ddbb9-9e74-4532-b04a-de4e304cf8a7,78fd87d1-526d-4b18-8de8-c4c281977037,110704
e3dc7114-400f-4423-b05f-d6c737c28279,5f9a0ffa-c748-4fbb-95a5-8eab94c05210,301789
54d734a2-73fa-4c9d-8cf3-7a39eaef3b2d,f5a4a30f-bf41-44c8-b3b3-283ffe260a60,63969
58207bba-605a-4b23-98aa-9ac09a28437f,18036c84-0da6-4c1e-9b11-126a55b485c7,9499
07f047c6-eec0-4f71-98d8-0b06fac54ea9,8a5a20aa-c7aa-4e06-b3af-7285634af283,309685
b154fd49-3672-4066-8fe1-a9993e912518,8536988f-ed41-448c-97ce-9555c75abfaa,42675
9bb7ec36-dda1-4ff9-a738-6f7f2e9f7630,07f047c6-eec0-4f71-98d8-0b06fac54ea9,142111
9eddc067-b8c5-418d-8707-e41b27dafb46,d7ea63f6-7280-453f-83c2-3f8ddc60ef79,52031
394c6a7f-f4e5-40b8-bf5b-a953d624f184,06e59082-1be0-4c86-87a5-ccf1f9fea164,203056
4d871fb3-f0e1-4dc9-8415-2546e8723250,d7ea63f6-7280-453f-83c2-3f8ddc60ef79,301669
3b07c7ff-6fed-490a-a9e1-f5bafebc6f0b,4b3124e8-5fe8-4c26-8e72-8f6ba2766978,162479
b5c5b6ab-0337-4187-afc3-a1ec6230064f,3fe4fa6b-719c-428e-ab19-ac1e5a83f0f1,79853
dbc42853-f1be-402c-845f-6452bea1fcf0,0a672532-6002-4b7d-bee3-274a62a9fb5a,395011
ea73977d-dcbd-4fd4-81c2-5ac84fa64cac,3fe4fa6b-719c-428e-ab19-ac1e5a83f0f1,99531
1db7abdf-2504-4e24-99b3-3dffe16ee8eb,a43c454e-eaae-4ccf-ba48-24cf178c0031,386591
3535f85d-9583-4470-ac4c-9afdc1038270,400beeb3-50ab-4b56-8775-3b2b07aedbc3,78326
7cc6cfa4-c1e9-494a-986b-bbf607bc5550,7fba12e8-f336-4a99-a479-dbcb1fc058b8,111997
7d7c80c6-da3d-482a-87d2-4323b489f08b,7fba12e8-f336-4a99-a479-dbcb1fc058b8,37038
11e6699e-09c0-4e83-aa27-821896ae0c18,839cc007-0190-43a3-a229-b97fe0fdddd1,45474
9bb7ec36-dda1-4ff9-a738-6f7f2e9f7630,839cc007-0190-43a3-a229-b97fe0fdddd1,80190
1277cc00-3031-42e9-bb55-37ca86bbfb7c,47cd9c20-4d9e-4b8a-813b-7cf5ccc918cd,193155
e731b69c-eeaf-4cae-8db6-e0cb7a703579,b55783b5-489c-4878-a0aa-c81825d0ae80,38771
87fcf9bd-c496-499a-8ddd-b5f35af99931,06e59082-1be0-4c86-87a5-ccf1f9fea164,40839
a90a0979-3d6a-4c77-b2ce-81ba1f5311a5,fadaa8d2-d11e-48f4-b113-7ae97265e717,128978
9303996d-4078-4c79-80db-6a3eaa36104a,11e6699e-09c0-4e83-aa27-821896ae0c18,160534
095d08c2-5199-4d31-a548-12b5955c61a1,b55783b5-489c-4878-a0aa-c81825d0ae80,177131
68dd02c1-3e68-4d4d-8773-fe9569808537,6c6bed17-97db-4220-bcd7-9c74bb5c30a0,500233
06e59082-1be0-4c86-87a5-ccf1f9fea164,4b3124e8-5fe8-4c26-8e72-8f6ba2766978,125339
db21b201-6b2e-4e52-ad8d-d44123fc5c63,0532f619-2dfb-4ed2-8656-ce67a56128aa,96646
8a1eb4a2-9b78-44bf-bb1e-2556e0dab34c,65d47575-b37f-4501-841e-142b28a09398,313173
0532f619-2dfb-4ed2-8656-ce67a56128aa,cd0aac86-7ac4-4828-8feb-b4a36d4f517c,74946
25cf4233-39d3-47dc-bf10-51d2687e74de,7fba12e8-f336-4a99-a479-dbcb1fc058b8,35685
385ddbb9-9e74-4532-b04a-de4e304cf8a7,0e73205f-4f6a-4208-ad93-9e5206df13c7,24824
0e73205f-4f6a-4208-ad93-9e5206df13c7,78699c1e-3234-4c39-a2d4-5e6e545dc68e,92498
3628d3b6-b07f-41cd-8c09-8c99afa414ba,06e59082-1be0-4c86-87a5-ccf1f9fea164,499745
a43c454e-eaae-4ccf-ba48-24cf178c0031,8a5a20aa-c7aa-4e06-b3af-7285634af283,4059
78fd87d1-526d-4b18-8de8-c4c281977037,1ab2769c-a290-4b2f-9e27-da26985f69d8,11852
65d47575-b37f-4501-841e-142b28a09398,b31626b2-19f3-473f-8056-240a12f26768,46428
78fd87d1-526d-4b18-8de8-c4c281977037,7e557ea8-c91d-46eb-8ca1-0358f43dcabe,30954
245f557e-4c75-4015-b6b5-3a52111e716f,7fba12e8-f336-4a99-a479-dbcb1fc058b8,101387
e7338740-b7ee-469c-9c74-bee7dd5f18d2,8a1eb4a2-9b78-44bf-bb1e-2556e0dab34c,344640
e3dc7114-400f-4423-b05f-d6c737c28279,fadaa8d2-d11e-48f4-b113-7ae97265e717,386518
6603d019-cf11-4464-af83-d73a6114d7d9,f38f3d11-ca55-4e14-9b7a-3c41774011e1,21819
7e557ea8-c91d-46eb-8ca1-0358f43dcabe,b54ac68a-3eca-435c-8902-200a1a1b09ff,385432
14d26f53-dd5e-4cfa-aada-67c21bb5d939,98eab8e7-ae72-4457-9ea0-742b7ae8093d,186703
ea73977d-dcbd-4fd4-81c2-5ac84fa64cac,51d7b18f-7c8c-4230-a198-36ad0e73f79d,119186
f38f3d11-ca55-4e14-9b7a-3c41774011e1,853a8faf-f277-4783-a080-1a32165bdc6e,432678
ea73977d-dcbd-4fd4-81c2-5ac84fa64cac,83ca04ab-5096-4031-b64a-163ca57dfb1b,86495
a730d385-0f71-42a3-8b8c-b4195bfa8f1f,78fd87d1-526d-4b18-8de8-c4c281977037,433211
07f047c6-eec0-4f71-98d8-0b06fac54ea9,b391f9a6-4399-4069-9150-100fa9423b03,366514
dbc42853-f1be-402c-845f-6452bea1fcf0,9bb7ec36-dda1-4ff9-a738-6f7f2e9f7630,175507
25cf4233-39d3-47dc-bf10-51d2687e74de,07f047c6-eec0-4f71-98d8-0b06fac54ea9,18123
27a6c30d-3dd4-430c-9b72-6a22b6bc28be,c855958a-64c0-4592-b32a-d7a4c8b2b733,94605
06e59082-1be0-4c86-87a5-ccf1f9fea164,245f557e-4c75-4015-b6b5-3a52111e716f,227162
b35a5f3e-d9e7-47bf-a5f8-e8abdc9166c0,7d7c80c6-da3d-482a-87d2-4323b489f08b,87644
2daeec3a-f864-4eba-bdf5-03ccf9feb992,48ad0f18-b76e-4483-9afc-cd7e59be5f3a,214813
10949264-8492-44d9-ba5c-65c4b7838df4,22a5a25e-618e-456a-b80a-9cbef2c43460,227553
4b2c12b4-cdf9-4dc2-b23a-09610cc147eb,b55783b5-489c-4878-a0aa-c81825d0ae80,508533
a730d385-0f71-42a3-8b8c-b4195bfa8f1f,78fd87d1-526d-4b18-8de8-c4c281977037,268494
b54ac68a-3eca-435c-8902-200a1a1b09ff,65d47575-b37f-4501-841e-142b28a09398,67413
e731b69c-eeaf-4cae-8db6-e0cb7a703579,d3f7b752-a107-4df3-9795-14db35826c73,57435
cd0aac86-7ac4-4828-8feb-b4a36d4f517c,4e6f9bb8-78a5-4e09-9673-cce1f5489a5b,85085
1ab2769c-a290-4b2f-9e27-da26985f69d8,60daa3ab-6065-4f2b-830b-86b36bb4afe8,366493
a90a0979-3d6a-4c77-b2ce-81ba1f5311a5,5d4da318-295f-43fd-b303-bbd5fc786145,48165
d9dbc87f-1fec-4d78-bf2b-ec41887dfd44,5f9a0ffa-c748-4fbb-95a5-8eab94c05210,145489
a43c454e-eaae-4ccf-ba48-24cf178c0031,a8fe04d7-c6e9-4857-be39-37559d653f33,1388
27a6c30d-3dd4-430c-9b72-6a22b6bc28be,25cf4233-39d3-47dc-bf10-51d2687e74de,363611
853a8faf-f277-4783-a080-1a32165bdc6e,3b07c7ff-6fed-490a-a9e1-f5bafebc6f0b,331378
e7338740-b7ee-469c-9c74-bee7dd5f18d2,385ddbb9-9e74-4532-b04a-de4e304cf8a7,240466
f5a4a30f-bf41-44c8-b3b3-283ffe260a60,25cf4233-39d3-47dc-bf10-51d2687e74de,441319
54d734a2-73fa-4c9d-8cf3-7a39eaef3b2d,1ab2769c-a290-4b2f-9e27-da26985f69d8,62352
180627e6-0c19-44ba-82b6-4ec97d3ad85d,e7338740-b7ee-469c-9c74-bee7dd5f18d2,50629
cd4373fe-0091-4421-898d-1322bb7921e8,8a5a20aa-c7aa-4e06-b3af-7285634af283,473728
b54ac68a-3eca-435c-8902-200a1a1b09ff,3535f85d-9583-4470-ac4c-9afdc1038270,180678
2993ded9-071e-45bc-9b13-accdf5d3ebec,e121b8a7-f238-42b9-8457-181650d599f1,9247
e413f084-e90e-424a-b205-f3dd75142edc,d7ea63f6-7280-453f-83c2-3f8ddc60ef79,11342
87fcf9bd-c496-499a-8ddd-b5f35af99931,98eab8e7-ae72-4457-9ea0-742b7ae8093d,34780
e7338740-b7ee-469c-9c74-bee7dd5f18d2,04d0fe46-e270-4bf0-b721-ee363d6a6e2f,213802
119ea857-b60b-491c-8e01-ab437e50f26e,1ab2769c-a290-4b2f-9e27-da26985f69d8,323726
d9dbc87f-1fec-4d78-bf2b-ec41887dfd44,245f557e-4c75-4015-b6b5-3a52111e716f,342944
3b07c7ff-6fed-490a-a9e1-f5bafebc6f0b,e313b334-d8e0-4f9d-a841-02495ccfd0d4,370037
384df65c-8611-4041-99a2-9b5a19d87245,ea73977d-dcbd-4fd4-81c2-5ac84fa64cac,96944
65d47575-b37f-4501-841e-142b28a09398,a8a3a809-1348-41fe-b334-afa6e29e0493,134836
ea73977d-dcbd-4fd4-81c2-5ac84fa64cac,385ddbb9-9e74-4532-b04a-de4e304cf8a7,125248
58207bba-605a-4b23-98aa-9ac09a28437f,68dd02c1-3e68-4d4d-8773-fe9569808537,16016
0305e738-0366-4b59-9641-5036465d07cd,b55783b5-489c-4878-a0aa-c81825d0ae80,59610
15ba1443-4cf1-4367-93b6-60fbb95a5b5e,5065fc4a-0d76-4ae7-84f0-b17d57bc7ce8,143448
64afb508-3fdb-4f14-a721-040f46ad6d54,d1f46208-0958-4793-bf89-39afc8da5c85,337280
8536988f-ed41-448c-97ce-9555c75abfaa,f5a4a30f-bf41-44c8-b3b3-283ffe260a60,97092
8536988f-ed41-448c-97ce-9555c75abfaa,4d871fb3-f0e1-4dc9-8415-2546e8723250,141406
68dd02c1-3e68-4d4d-8773-fe9569808537,7cc6cfa4-c1e9-494a-986b-bbf607bc5550,149265
9bb7ec36-dda1-4ff9-a738-6f7f2e9f7630,b54ac68a-3eca-435c-8902-200a1a1b09ff,186653
f38f3d11-ca55-4e14-9b7a-3c41774011e1,6c6bed17-97db-4220-bcd7-9c74bb5c30a0,437883
04d0fe46-e270-4bf0-b721-ee363d6a6e2f,b154fd49-3672-4066-8fe1-a9993e912518,359296
464300eb-3855-4132-b377-6fe93a794fee,a44a2fb9-565b-468e-a23d-5956fdd2e744,107683
78fd87d1-526d-4b18-8de8-c4c281977037,d7ea63f6-7280-453f-83c2-3f8ddc60ef79,25019
839cc007-0190-43a3-a229-b97fe0fdddd1,e413f084-e90e-424a-b205-f3dd75142edc,42306
394c6a7f-f4e5-40b8-bf5b-a953d624f184,99d5f7aa-2bc3-4aab-be55-528b049579c6,127844
83ca04ab-5096-4031-b64a-163ca57dfb1b,28be9ff8-6e8b-486b-bf5d-0d5f62c0c810,169473
18036c84-0da6-4c1e-9b11-126a55b485c7,1ab2769c-a290-4b2f-9e27-da26985f69d8,155173
10949264-8492-44d9-ba5c-65c4b7838df4,464300eb-3855-4132-b377-6fe93a794fee,227655
98eab8e7-ae72-4457-9ea0-742b7ae8093d,2daeec3a-f864-4eba-bdf5-03ccf9feb992,18838
b35a5f3e-d9e7-47bf-a5f8-e8abdc9166c0,a8fe04d7-c6e9-4857-be39-37559d653f33,93055
8a5a20aa-c7aa-4e06-b3af-7285634af283,54d734a2-73fa-4c9d-8cf3-7a39eaef3b2d,4424
b5dc2142-0bad-4987-be8e-d11f22d9ea51,e731b69c-eeaf-4cae-8db6-e0cb7a703579,235732
12ff259b-fcec-4111-8a3e-92f1b34ef005,18036c84-0da6-4c1e-9b11-126a55b485c7,179930
839cc007-0190-43a3-a229-b97fe0fdddd1,98eab8e7-ae72-4457-9ea0-742b7ae8093d,47673
310f8c32-4e53-4985-bd1b-6da805a969db,48ad0f18-b76e-4483-9afc-cd7e59be5f3a,157360
2130aa47-2aba-4a23-b3ca-a4360325ae32,6c6bed17-97db-4220-bcd7-9c74bb5c30a0,351226
d7ea63f6-7280-453f-83c2-3f8ddc60ef79,7cc6cfa4-c1e9-494a-986b-bbf607bc5550,107745
68dd02c1-3e68-4d4d-8773-fe9569808537,394c6a7f-f4e5-40b8-bf5b-a953d624f184,355500
e731b69c-eeaf-4cae-8db6-e0cb7a703579,32fffa33-1cd7-46d6-8e2e-e98450886d01,62034
98eab8e7-ae72-4457-9ea0-742b7ae8093d,58207bba-605a-4b23-98aa-9ac09a28437f,74976
e7338740-b7ee-469c-9c74-bee7dd5f18d2,8536988f-ed41-448c-97ce-9555c75abfaa,73282
c63bfa5b-d5bb-461c-b9eb-e8744301a90e,384df65c-8611-4041-99a2-9b5a19d87245,54799
7fba12e8-f336-4a99-a479-dbcb1fc058b8,7d7c80c6-da3d-482a-87d2-4323b489f08b,199834
6c6bed17-97db-4220-bcd7-9c74bb5c30a0,78fd87d1-526d-4b18-8de8-c4c281977037,223138
32fffa33-1cd7-46d6-8e2e-e98450886d01,98eab8e7-ae72-4457-9ea0-742b7ae8093d,25480
cd0aac86-7ac4-4828-8feb-b4a36d4f517c,dbc42853-f1be-402c-845f-6452bea1fcf0,81682
48ad0f18-b76e-4483-9afc-cd7e59be5f3a,558c8707-3d8a-4375-8e7e-998395fb46e5,369286
3b07c7ff-6fed-490a-a9e1-f5bafebc6f0b,f52dd1ff-6bbf-4473-8f2f-718db4a10f87,393242
11e6699e-09c0-4e83-aa27-821896ae0c18,853a8faf-f277-4783-a080-1a32165bdc6e,50337
83ca04ab-5096-4031-b64a-163ca57dfb1b,cce1aaa6-a333-477e-8c63-815bef486b25,132271
d3f7b752-a107-4df3-9795-14db35826c73,400beeb3-50ab-4b56-8775-3b2b07aedbc3,289954
14d26f53-dd5e-4cfa-aada-67c21bb5d939,d3f7b752-a107-4df3-9795-14db35826c73,147219
87d34d56-3bfc-4b8e-b3cf-5f8fc1df2732,83ca04ab-5096-4031-b64a-163ca57dfb1b,264013
a730d385-0f71-42a3-8b8c-b4195bfa8f1f,7e557ea8-c91d-46eb-8ca1-0358f43dcabe,458368
db21b201-6b2e-4e52-ad8d-d44123fc5c63,2130aa47-2aba-4a23-b3ca-a4360325ae32,77261
b2063c94-d6ff-4b99-9b1a-191d9fc22602,cd4373fe-0091-4421-898d-1322bb7921e8,74143
b2063c94-d6ff-4b99-9b1a-191d9fc22602,a8a3a809-1348-41fe-b334-afa6e29e0493,346529
1a445f91-2ead-438a-9157-e2306187972a,f52dd1ff-6bbf-4473-8f2f-718db4a10f87,499373
78fd87d1-526d-4b18-8de8-c4c281977037,b54ac68a-3eca-435c-8902-200a1a1b09ff,28246
119ea857-b60b-491c-8e01-ab437e50f26e,1a445f91-2ead-438a-9157-e2306187972a,296832
0a672532-6002-4b7d-bee3-274a62a9fb5a,a730d385-0f71-42a3-8b8c-b4195bfa8f1f,244665
5f9a0ffa-c748-4fbb-95a5-8eab94c05210,08610465-eb20-4cef-a770-ee3cd8e75508,251185
310f8c32-4e53-4985-bd1b-6da805a969db,cf8d0727-06ae-41b7-a2bf-c14ea6affcfa,117329
384df65c-8611-4041-99a2-9b5a19d87245,cd0aac86-7ac4-4828-8feb-b4a36d4f517c,87515
15ba1443-4cf1-4367-93b6-60fbb95a5b5e,3fe4fa6b-719c-428e-ab19-ac1e5a83f0f1,322571
83ca04ab-5096-4031-b64a-163ca57dfb1b,a8a3a809-1348-41fe-b334-afa6e29e0493,445821
e731b69c-eeaf-4cae-8db6-e0cb7a703579,25cf4233-39d3-47dc-bf10-51d2687e74de,16491
cce1aaa6-a333-477e-8c63-815bef486b25,2130aa47-2aba-4a23-b3ca-a4360325ae32,266827
25b1246f-0e37-44e9-a053-8fa48c7f8e1e,8c6f7203-3c40-4766-9212-79d89260e8e9,88721
7fba12e8-f336-4a99-a479-dbcb1fc058b8,b391f9a6-4399-4069-9150-100fa9423b03,286266
d7ea63f6-7280-453f-83c2-3f8ddc60ef79,a9b5bf1c-cbe0-4d26-9be9-e219091870fb,108794
119ea857-b60b-491c-8e01-ab437e50f26e,c855958a-64c0-4592-b32a-d7a4c8b2b733,243714
0a48b595-c065-4fc3-81fc-25305be2e919,0305e738-0366-4b59-9641-5036465d07cd,218385
68dd02c1-3e68-4d4d-8773-fe9569808537,28be9ff8-6e8b-486b-bf5d-0d5f62c0c810,365422
1dc801b8-53d9-46a5-85fd-164140883dd0,7cc6cfa4-c1e9-494a-986b-bbf607bc5550,238886
a8a3a809-1348-41fe-b334-afa6e29e0493,4e6f9bb8-78a5-4e09-9673-cce1f5489a5b,106414
06e59082-1be0-4c86-87a5-ccf1f9fea164,400beeb3-50ab-4b56-8775-3b2b07aedbc3,368850
d9dbc87f-1fec-4d78-bf2b-ec41887dfd44,c855958a-64c0-4592-b32a-d7a4c8b2b733,109589
b54ac68a-3eca-435c-8902-200a1a1b09ff,b35a5f3e-d9e7-47bf-a5f8-e8abdc9166c0,198246
4b2c12b4-cdf9-4dc2-b23a-09610cc147eb,2c754a65-ff58-47e6-85c1-78eb1aca2225,117966
fadaa8d2-d11e-48f4-b113-7ae97265e717,1db7abdf-2504-4e24-99b3-3dffe16ee8eb,57632
58207bba-605a-4b23-98aa-9ac09a28437f,4130354e-87e6-4255-9189-522263c3027f,17316
2c754a65-ff58-47e6-85c1-78eb1aca2225,394c6a7f-f4e5-40b8-bf5b-a953d624f184,93118
29e9ab61-e061-4d94-8cd3-c99446d51c55,b54ac68a-3eca-435c-8902-200a1a1b09ff,408933
4b3124e8-5fe8-4c26-8e72-8f6ba2766978,759c268e-84f7-4975-a0d9-19b2cd8f0dde,570728
b5dc2142-0bad-4987-be8e-d11f22d9ea51,119ea857-b60b-491c-8e01-ab437e50f26e,188269
25b1246f-0e37-44e9-a053-8fa48c7f8e1e,06e59082-1be0-4c86-87a5-ccf1f9fea164,194735
78699c1e-3234-4c39-a2d4-5e6e545dc68e,07f047c6-eec0-4f71-98d8-0b06fac54ea9,348550
1db7abdf-2504-4e24-99b3-3dffe16ee8eb,21140c1d-976c-4879-8bdc-a2a06014a372,266074
d7ea63f6-7280-453f-83c2-3f8ddc60ef79,18036c84-0da6-4c1e-9b11-126a55b485c7,90483
d9dbc87f-1fec-4d78-bf2b-ec41887dfd44,d59927c9-8f84-405f-b928-2ec21f8c6eb1,352879
a90a0979-3d6a-4c77-b2ce-81ba1f5311a5,04d0fe46-e270-4bf0-b721-ee363d6a6e2f,110607
f5a4a30f-bf41-44c8-b3b3-283ffe260a60,6e279e72-004f-470e-8bb4-0999c3fc6164,429596
1277cc00-3031-42e9-bb55-37ca86bbfb7c,a90a0979-3d6a-4c77-b2ce-81ba1f5311a5,255384
8a5a20aa-c7aa-4e06-b3af-7285634af283,01961663-3143-4f5c-92e7-965eec12a0f9,8819
8536988f-ed41-448c-97ce-9555c75abfaa,e413f084-e90e-424a-b205-f3dd75142edc,208439
a44a2fb9-565b-468e-a23d-5956fdd2e744,839cc007-0190-43a3-a229-b97fe0fdddd1,60451
51d7b18f-7c8c-4230-a198-36ad0e73f79d,1a445f91-2ead-438a-9157-e2306187972a,431508
e121b8a7-f238-42b9-8457-181650d599f1,b5c5b6ab-0337-4187-afc3-a1ec6230064f,17625
e7338740-b7ee-469c-9c74-bee7dd5f18d2,18036c84-0da6-4c1e-9b11-126a55b485c7,120612
8a5a20aa-c7aa-4e06-b3af-7285634af283,385ddbb9-9e74-4532-b04a-de4e304cf8a7,2803
a8fe04d7-c6e9-4857-be39-37559d653f33,4d871fb3-f0e1-4dc9-8415-2546e8723250,44614
12ff259b-fcec-4111-8a3e-92f1b34ef005,0a672532-6002-4b7d-bee3-274a62a9fb5a,117916
28be9ff8-6e8b-486b-bf5d-0d5f62c0c810,06e59082-1be0-4c86-87a5-ccf1f9fea164,111697
e121b8a7-f238-42b9-8457-181650d599f1,db21b201-6b2e-4e52-ad8d-d44123fc5c63,18856
a44a2fb9-565b-468e-a23d-5956fdd2e744,06e59082-1be0-4c86-87a5-ccf1f9fea164,95023
f38f3d11-ca55-4e14-9b7a-3c41774011e1,12ff259b-fcec-4111-8a3e-92f1b34ef005,132111
7d7c80c6-da3d-482a-87d2-4323b489f08b,7e557ea8-c91d-46eb-8ca1-0358f43dcabe,12067
e731b69c-eeaf-4cae-8db6-e0cb7a703579,10949264-8492-44d9-ba5c-65c4b7838df4,72184
54d734a2-73fa-4c9d-8cf3-7a39eaef3b2d,384df65c-8611-4041-99a2-9b5a19d87245,27385
4d871fb3-f0e1-4dc9-8415-2546e8723250,385ddbb9-9e74-4532-b04a-de4e304cf8a7,99776
60daa3ab-6065-4f2b-830b-86b36bb4afe8,c63bfa5b-d5bb-461c-b9eb-e8744301a90e,340023
b54ac68a-3eca-435c-8902-200a1a1b09ff,2c9eb637-701c-47c0-86f9-52df6517d923,170981
3fe4fa6b-719c-428e-ab19-ac1e5a83f0f1,cf8d0727-06ae-41b7-a2bf-c14ea6affcfa,99181
b154fd49-3672-4066-8fe1-a9993e912518,2daeec3a-f864-4eba-bdf5-03ccf9feb992,15399
15ba1443-4cf1-4367-93b6-60fbb95a5b5e,8536988f-ed41-448c-97ce-9555c75abfaa,261787
7e557ea8-c91d-46eb-8ca1-0358f43dcabe,e3dc7114-400f-4423-b05f-d6c737c28279,217153
d1f46208-0958-4793-bf89-39afc8da5c85,0305e738-0366-4b59-9641-5036465d07cd,68245
1dc801b8-53d9-46a5-85fd-164140883dd0,180627e6-0c19-44ba-82b6-4ec97d3ad85d,216707
25cf4233-39d3-47dc-bf10-51d2687e74de,6e279e72-004f-470e-8bb4-0999c3fc6164,39638
dbc42853-f1be-402c-845f-6452bea1fcf0,0e73205f-4f6a-4208-ad93-9e5206df13c7,500558
96e28973-b877-402f-b3ae-36ec55c8844e,7cc6cfa4-c1e9-494a-986b-bbf607bc5550,217295
78560cc8-0cca-433a-8291-89c80601bf63,4b3124e8-5fe8-4c26-8e72-8f6ba2766978,67966
28be9ff8-6e8b-486b-bf5d-0d5f62c0c810,394c6a7f-f4e5-40b8-bf5b-a953d624f184,262915
3535f85d-9583-4470-ac4c-9afdc1038270,d3f7b752-a107-4df3-9795-14db35826c73,51204
b54ac68a-3eca-435c-8902-200a1a1b09ff,48ad0f18-b76e-4483-9afc-cd7e59be5f3a,347611
095d08c2-5199-4d31-a548-12b5955c61a1,87d34d56-3bfc-4b8e-b3cf-5f8fc1df2732,315008
b2063c94-d6ff-4b99-9b1a-191d9fc22602,6c6bed17-97db-4220-bcd7-9c74bb5c30a0,325707
0a672532-6002-4b7d-bee3-274a62a9fb5a,78699c1e-3234-4c39-a2d4-5e6e545dc68e,277850
11e6699e-09c0-4e83-aa27-821896ae0c18,310f8c32-4e53-4985-bd1b-6da805a969db,63935
4e6f9bb8-78a5-4e09-9673-cce1f5489a5b,dbc42853-f1be-402c-845f-6452bea1fcf0,52914
6c6bed17-97db-4220-bcd7-9c74bb5c30a0,3b07c7ff-6fed-490a-a9e1-f5bafebc6f0b,104700
d7ea63f6-7280-453f-83c2-3f8ddc60ef79,11e6699e-09c0-4e83-aa27-821896ae0c18,88591
cd4373fe-0091-4421-898d-1322bb7921e8,9bb7ec36-dda1-4ff9-a738-6f7f2e9f7630,484967
d3f7b752-a107-4df3-9795-14db35826c73,1a445f91-2ead-438a-9157-e2306187972a,281288
4b3124e8-5fe8-4c26-8e72-8f6ba2766978,b55783b5-489c-4878-a0aa-c81825d0ae80,535677
8a1eb4a2-9b78-44bf-bb1e-2556e0dab34c,c9fc8fa1-ca0e-4b1e-904c-80e5d80b2e39,65953
22a5a25e-618e-456a-b80a-9cbef2c43460,4b2c12b4-cdf9-4dc2-b23a-09610cc147eb,36289
28be9ff8-6e8b-486b-bf5d-0d5f62c0c810,51d7b18f-7c8c-4230-a198-36ad0e73f79d,452952
5e62c6a4-2bb4-4e1c-8488-e10c7b1c3f63,5f9a0ffa-c748-4fbb-95a5-8eab94c05210,214968
a43c454e-eaae-4ccf-ba48-24cf178c0031,2c9eb637-701c-47c0-86f9-52df6517d923,5381
7fba12e8-f336-4a99-a479-dbcb1fc058b8,180627e6-0c19-44ba-82b6-4ec97d3ad85d,79306
b154fd49-3672-4066-8fe1-a9993e912518,4e6f9bb8-78a5-4e09-9673-cce1f5489a5b,51661
c9fc8fa1-ca0e-4b1e-904c-80e5d80b2e39,3b07c7ff-6fed-490a-a9e1-f5bafebc6f0b,74721
a730d385-0f71-42a3-8b8c-b4195bfa8f1f,65d47575-b37f-4501-841e-142b28a09398,425147
28be9ff8-6e8b-486b-bf5d-0d5f62c0c810,759c268e-84f7-4975-a0d9-19b2cd8f0dde,228325
839cc007-0190-43a3-a229-b97fe0fdddd1,cb0c31f6-0fd6-46de-af02-5d25005aa5bb,22277
fadaa8d2-d11e-48f4-b113-7ae97265e717,cb0c31f6-0fd6-46de-af02-5d25005aa5bb,29041
3628d3b6-b07f-41cd-8c09-8c99afa414ba,119ea857-b60b-491c-8e01-ab437e50f26e,207592
0a672532-6002-4b7d-bee3-274a62a9fb5a,095d08c2-5199-4d31-a548-12b5955c61a1,232129
e313b334-d8e0-4f9d-a841-02495ccfd0d4,b5dc2142-0bad-4987-be8e-d11f22d9ea51,273582
2c9eb637-701c-47c0-86f9-52df6517d923,c63bfa5b-d5bb-461c-b9eb-e8744301a90e,150980
8a5a20aa-c7aa-4e06-b3af-7285634af283,78560cc8-0cca-433a-8291-89c80601bf63,7324
1cf3a191-a526-4d97-a3d3-434d14f60ce3,60daa3ab-6065-4f2b-830b-86b36bb4afe8,329356
a90a0979-3d6a-4c77-b2ce-81ba1f5311a5,4d871fb3-f0e1-4dc9-8415-2546e8723250,51655
2c9eb637-701c-47c0-86f9-52df6517d923,ea73977d-dcbd-4fd4-81c2-5ac84fa64cac,73611
f5a4a30f-bf41-44c8-b3b3-283ffe260a60,384df65c-8611-4041-99a2-9b5a19d87245,391021
5065fc4a-0d76-4ae7-84f0-b17d57bc7ce8,51d7b18f-7c8c-4230-a198-36ad0e73f79d,230880
095d08c2-5199-4d31-a548-12b5955c61a1,a8fe04d7-c6e9-4857-be39-37559d653f33,106158
4130354e-87e6-4255-9189-522263c3027f,0a48b595-c065-4fc3-81fc-25305be2e919,283110
60daa3ab-6065-4f2b-830b-86b36bb4afe8,6e279e72-004f-470e-8bb4-0999c3fc6164,87746
08610465-eb20-4cef-a770-ee3cd8e75508,558c8707-3d8a-4375-8e7e-998395fb46e5,159685
9bb7ec36-dda1-4ff9-a738-6f7f2e9f7630,08610465-eb20-4cef-a770-ee3cd8e75508,60116
9bb7ec36-dda1-4ff9-a738-6f7f2e9f7630,e731b69c-eeaf-4cae-8db6-e0cb7a703579,152939
65d47575-b37f-4501-841e-142b28a09398,8a5a20aa-c7aa-4e06-b3af-7285634af283,47295
5d4da318-295f-43fd-b303-bbd5fc786145,d9dbc87f-1fec-4d78-bf2b-ec41887dfd44,96039
a730d385-0f71-42a3-8b8c-b4195bfa8f1f,d7ea63f6-7280-453f-83c2-3f8ddc60ef79,274423
d1f46208-0958-4793-bf89-39afc8da5c85,96e28973-b877-402f-b3ae-36ec55c8844e,277464
6e279e72-004f-470e-8bb4-0999c3fc6164,54d734a2-73fa-4c9d-8cf3-7a39eaef3b2d,166282
9bb7ec36-dda1-4ff9-a738-6f7f2e9f7630,18036c84-0da6-4c1e-9b11-126a55b485c7,198117
b35a5f3e-d9e7-47bf-a5f8-e8abdc9166c0,ea73977d-dcbd-4fd4-81c2-5ac84fa64cac,114029
cd0aac86-7ac4-4828-8feb-b4a36d4f517c,3b07c7ff-6fed-490a-a9e1-f5bafebc6f0b,345529
29e9ab61-e061-4d94-8cd3-c99446d51c55,83ca04ab-5096-4031-b64a-163ca57dfb1b,198758
464300eb-3855-4132-b377-6fe93a794fee,4b3124e8-5fe8-4c26-8e72-8f6ba2766978,213310
9eddc067-b8c5-418d-8707-e41b27dafb46,85b8f4a0-8132-49e1-8991-32d3b09d6b71,19260
5065fc4a-0d76-4ae7-84f0-b17d57bc7ce8,7fba12e8-f336-4a99-a479-dbcb1fc058b8,128938
cd4373fe-0091-4421-898d-1322bb7921e8,3b07c7ff-6fed-490a-a9e1-f5bafebc6f0b,107820
db21b201-6b2e-4e52-ad8d-d44123fc5c63,48ad0f18-b76e-4483-9afc-cd7e59be5f3a,40986
6603d019-cf11-4464-af83-d73a6114d7d9,c63bfa5b-d5bb-461c-b9eb-e8744301a90e,17290
e121b8a7-f238-42b9-8457-181650d599f1,4b3124e8-5fe8-4c26-8e72-8f6ba2766978,9425
b5dc2142-0bad-4987-be8e-d11f22d9ea51,1db7abdf-2504-4e24-99b3-3dffe16ee8eb,160916
07f047c6-eec0-4f71-98d8-0b06fac54ea9,54835b8a-a27f-4145-a0f6-df40badc1d0e,375400
119ea857-b60b-491c-8e01-ab437e50f26e,06e59082-1be0-4c86-87a5-ccf1f9fea164,125406
3535f85d-9583-4470-ac4c-9afdc1038270,1db7abdf-2504-4e24-99b3-3dffe16ee8eb,208924
8c6f7203-3c40-4766-9212-79d89260e8e9,a8a3a809-1348-41fe-b334-afa6e29e0493,128207
b2063c94-d6ff-4b99-9b1a-191d9fc22602,d1f46208-0958-4793-bf89-39afc8da5c85,344017
a8a3a809-1348-41fe-b334-afa6e29e0493,5f9a0ffa-c748-4fbb-95a5-8eab94c05210,289112
11e6699e-09c0-4e83-aa27-821896ae0c18,5065fc4a-0d76-4ae7-84f0-b17d57bc7ce8,78794
28be9ff8-6e8b-486b-bf5d-0d5f62c0c810,fadaa8d2-d11e-48f4-b113-7ae97265e717,318684
68dd02c1-3e68-4d4d-8773-fe9569808537,f52dd1ff-6bbf-4473-8f2f-718db4a10f87,232039
d3f7b752-a107-4df3-9795-14db35826c73,9eddc067-b8c5-418d-8707-e41b27dafb46,331215
6c6bed17-97db-4220-bcd7-9c74bb5c30a0,04d0fe46-e270-4bf0-b721-ee363d6a6e2f,81991
cf8d0727-06ae-41b7-a2bf-c14ea6affcfa,04d0fe46-e270-4bf0-b721-ee363d6a6e2f,146027
7cc6cfa4-c1e9-494a-986b-bbf607bc5550,464300eb-3855-4132-b377-6fe93a794fee,113243
14d26f53-dd5e-4cfa-aada-67c21bb5d939,4130354e-87e6-4255-9189-522263c3027f,42977
db21b201-6b2e-4e52-ad8d-d44123fc5c63,095d08c2-5199-4d31-a548-12b5955c61a1,71071
8c6f7203-3c40-4766-9212-79d89260e8e9,d7ea63f6-7280-453f-83c2-3f8ddc60ef79,136542
6e279e72-004f-470e-8bb4-0999c3fc6164,b154fd49-3672-4066-8fe1-a9993e912518,84041
310f8c32-4e53-4985-bd1b-6da805a969db,8c6f7203-3c40-4766-9212-79d89260e8e9,65341
cf8d0727-06ae-41b7-a2bf-c14ea6affcfa,a44a2fb9-565b-468e-a23d-5956fdd2e744,64366
5f9a0ffa-c748-4fbb-95a5-8eab94c05210,9bb7ec36-dda1-4ff9-a738-6f7f2e9f7630,238650
3b07c7ff-6fed-490a-a9e1-f5bafebc6f0b,e731b69c-eeaf-4cae-8db6-e0cb7a703579,366474
c9fc8fa1-ca0e-4b1e-904c-80e5d80b2e39,b5dc2142-0bad-4987-be8e-d11f22d9ea51,257363
245f557e-4c75-4015-b6b5-3a52111e716f,dbc42853-f1be-402c-845f-6452bea1fcf0,204527
a90a0979-3d6a-4c77-b2ce-81ba1f5311a5,4130354e-87e6-4255-9189-522263c3027f,84432
b31626b2-19f3-473f-8056-240a12f26768,8c6f7203-3c40-4766-9212-79d89260e8e9,345545
e413f084-e90e-424a-b205-f3dd75142edc,384df65c-8611-4041-99a2-9b5a19d87245,20083
25b1246f-0e37-44e9-a053-8fa48c7f8e1e,1a445f91-2ead-438a-9157-e2306187972a,46761
b54ac68a-3eca-435c-8902-200a1a1b09ff,e313b334-d8e0-4f9d-a841-02495ccfd0d4,242743
119ea857-b60b-491c-8e01-ab437e50f26e,464300eb-3855-4132-b377-6fe93a794fee,290238
2130aa47-2aba-4a23-b3ca-a4360325ae32,a43c454e-eaae-4ccf-ba48-24cf178c0031,285516
45e57df9-772b-40ca-aafc-898162c69844,400beeb3-50ab-4b56-8775-3b2b07aedbc3,301676
1277cc00-3031-42e9-bb55-37ca86bbfb7c,3628d3b6-b07f-41cd-8c09-8c99afa414ba,311535
cce1aaa6-a333-477e-8c63-815bef486b25,2993ded9-071e-45bc-9b13-accdf5d3ebec,224199
58207bba-605a-4b23-98aa-9ac09a28437f,0305e738-0366-4b59-9641-5036465d07cd,14645
558c8707-3d8a-4375-8e7e-998395fb46e5,095d08c2-5199-4d31-a548-12b5955c61a1,71098
e413f084-e90e-424a-b205-f3dd75142edc,b2063c94-d6ff-4b99-9b1a-191d9fc22602,14492
04d0fe46-e270-4bf0-b721-ee363d6a6e2f,b31626b2-19f3-473f-8056-240a12f26768,279677
d3f7b752-a107-4df3-9795-14db35826c73,07f047c6-eec0-4f71-98d8-0b06fac54ea9,324428
96e28973-b877-402f-b3ae-36ec55c8844e,1a445f91-2ead-438a-9157-e2306187972a,156819
58207bba-605a-4b23-98aa-9ac09a28437f,c63bfa5b-d5bb-461c-b9eb-e8744301a90e,4681
ea73977d-dcbd-4fd4-81c2-5ac84fa64cac,14d26f53-dd5e-4cfa-aada-67c21bb5d939,74934
0e73205f-4f6a-4208-ad93-9e5206df13c7,fadaa8d2-d11e-48f4-b113-7ae97265e717,447833
78699c1e-3234-4c39-a2d4-5e6e545dc68e,0532f619-2dfb-4ed2-8656-ce67a56128aa,332617
180627e6-0c19-44ba-82b6-4ec97d3ad85d,b2063c94-d6ff-4b99-9b1a-191d9fc22602,82441
6c6bed17-97db-4220-bcd7-9c74bb5c30a0,384df65c-8611-4041-99a2-9b5a19d87245,79668
4b2c12b4-cdf9-4dc2-b23a-09610cc147eb,54835b8a-a27f-4145-a0f6-df40badc1d0e,242656
06e59082-1be0-4c86-87a5-ccf1f9fea164,29e9ab61-e061-4d94-8cd3-c99446d51c55,155084
e3dc7114-400f-4423-b05f-d6c737c28279,0a48b595-c065-4fc3-81fc-25305be2e919,265502
cf8d0727-06ae-41b7-a2bf-c14ea6affcfa,65d47575-b37f-4501-841e-142b28a09398,129522
d1f46208-0958-4793-bf89-39afc8da5c85,a8a3a809-1348-41fe-b334-afa6e29e0493,48290
a730d385-0f71-42a3-8b8c-b4195bfa8f1f,15ba1443-4cf1-4367-93b6-60fbb95a5b5e,244673
5d4da318-295f-43fd-b303-bbd5fc786145,65d47575-b37f-4501-841e-142b28a09398,47088
58207bba-605a-4b23-98aa-9ac09a28437f,3535f85d-9583-4470-ac4c-9afdc1038270,7091
1277cc00-3031-42e9-bb55-37ca86bbfb7c,a730d385-0f71-42a3-8b8c-b4195bfa8f1f,196119
e121b8a7-f238-42b9-8457-181650d599f1,180627e6-0c19-44ba-82b6-4ec97d3ad85d,21756
5065fc4a-0d76-4ae7-84f0-b17d57bc7ce8,07f047c6-eec0-4f71-98d8-0b06fac54ea9,158008
384df65c-8611-4041-99a2-9b5a19d87245,3628d3b6-b07f-41cd-8c09-8c99afa414ba,103338
68dd02c1-3e68-4d4d-8773-fe9569808537,2130aa47-2aba-4a23-b3ca-a4360325ae32,287472
ea73977d-dcbd-4fd4-81c2-5ac84fa64cac,25cf4233-39d3-47dc-bf10-51d2687e74de,106662
4d871fb3-f0e1-4dc9-8415-2546e8723250,5065fc4a-0d76-4ae7-84f0-b17d57bc7ce8,168114
b5c5b6ab-0337-4187-afc3-a1ec6230064f,67a1a352-63c6-43f9-9d71-ce28a20ae21c,136794
06e59082-1be0-4c86-87a5-ccf1f9fea164,d3f7b752-a107-4df3-9795-14db35826c73,75197
27a6c30d-3dd4-430c-9b72-6a22b6bc28be,99d5f7aa-2bc3-4aab-be55-528b049579c6,264963
853a8faf-f277-4783-a080-1a32165bdc6e,10949264-8492-44d9-ba5c-65c4b7838df4,474300
8a1eb4a2-9b78-44bf-bb1e-2556e0dab34c,3628d3b6-b07f-41cd-8c09-8c99afa414ba,225524
2993ded9-071e-45bc-9b13-accdf5d3ebec,9bb7ec36-dda1-4ff9-a738-6f7f2e9f7630,2869
b35a5f3e-d9e7-47bf-a5f8-e8abdc9166c0,3535f85d-9583-4470-ac4c-9afdc1038270,113081
0305e738-0366-4b59-9641-5036465d07cd,8a1eb4a2-9b78-44bf-bb1e-2556e0dab34c,146882
1dc801b8-53d9-46a5-85fd-164140883dd0,a8a3a809-1348-41fe-b334-afa6e29e0493,176455
5065fc4a-0d76-4ae7-84f0-b17d57bc7ce8,cd0aac86-7ac4-4828-8feb-b4a36d4f517c,237899
b2063c94-d6ff-4b99-9b1a-191d9fc22602,0a48b595-c065-4fc3-81fc-25305be2e919,327719
e121b8a7-f238-42b9-8457-181650d599f1,a44a2fb9-565b-468e-a23d-5956fdd2e744,21920
87fcf9bd-c496-499a-8ddd-b5f35af99931,98eab8e7-ae72-4457-9ea0-742b7ae8093d,125247
7fba12e8-f336-4a99-a479-dbcb1fc058b8,b154fd49-3672-4066-8fe1-a9993e912518,288315
15ba1443-4cf1-4367-93b6-60fbb95a5b5e,119ea857-b60b-491c-8e01-ab437e50f26e,296799
2c754a65-ff58-47e6-85c1-78eb1aca2225,5e62c6a4-2bb4-4e1c-8488-e10c7b1c3f63,290370
e7338740-b7ee-469c-9c74-bee7dd5f18d2,b31626b2-19f3-473f-8056-240a12f26768,238924
d59927c9-8f84-405f-b928-2ec21f8c6eb1,245f557e-4c75-4015-b6b5-3a52111e716f,125943
a43c454e-eaae-4ccf-ba48-24cf178c0031,83ca04ab-5096-4031-b64a-163ca57dfb1b,2060
0532f619-2dfb-4ed2-8656-ce67a56128aa,3b07c7ff-6fed-490a-a9e1-f5bafebc6f0b,51728
6603d019-cf11-4464-af83-d73a6114d7d9,2130aa47-2aba-4a23-b3ca-a4360325ae32,6200
68dd02c1-3e68-4d4d-8773-fe9569808537,b5dc2142-0bad-4987-be8e-d11f22d9ea51,475030
98eab8e7-ae72-4457-9ea0-742b7ae8093d,245f557e-4c75-4015-b6b5-3a52111e716f,84655
06e59082-1be0-4c86-87a5-ccf1f9fea164,2993ded9-071e-45bc-9b13-accdf5d3ebec,366589
2c754a65-ff58-47e6-85c1-78eb1aca2225,839cc007-0190-43a3-a229-b97fe0fdddd1,162027
cb0c31f6-0fd6-46de-af02-5d25005aa5bb,3535f85d-9583-4470-ac4c-9afdc1038270,103960
8536988f-ed41-448c-97ce-9555c75abfaa,2993ded9-071e-45bc-9b13-accdf5d3ebec,233730
9303996d-4078-4c79-80db-6a3eaa36104a,98eab8e7-ae72-4457-9ea0-742b7ae8093d,424528
0e73205f-4f6a-4208-ad93-9e5206df13c7,4b2c12b4-cdf9-4dc2-b23a-09610cc147eb,204494
25cf4233-39d3-47dc-bf10-51d2687e74de,04d0fe46-e270-4bf0-b721-ee363d6a6e2f,17681
d9dbc87f-1fec-4d78-bf2b-ec41887dfd44,b5dc2142-0bad-4987-be8e-d11f22d9ea51,257347
9bb7ec36-dda1-4ff9-a738-6f7f2e9f7630,8c6f7203-3c40-4766-9212-79d89260e8e9,130964
1cf3a191-a526-4d97-a3d3-434d14f60ce3,e731b69c-eeaf-4cae-8db6-e0cb7a703579,223181
a90a0979-3d6a-4c77-b2ce-81ba1f5311a5,fadaa8d2-d11e-48f4-b113-7ae97265e717,121236
cb0c31f6-0fd6-46de-af02-5d25005aa5bb,0305e738-0366-4b59-9641-5036465d07cd,102943
8a5a20aa-c7aa-4e06-b3af-7285634af283,5f9a0ffa-c748-4fbb-95a5-8eab94c05210,9185
853a8faf-f277-4783-a080-1a32165bdc6e,a730d385-0f71-42a3-8b8c-b4195bfa8f1f,217873
1277cc00-3031-42e9-bb55-37ca86bbfb7c,78699c1e-3234-4c39-a2d4-5e6e545dc68e,251537
08610465-eb20-4cef-a770-ee3cd8e75508,25b1246f-0e37-44e9-a053-8fa48c7f8e1e,201772
11e6699e-09c0-4e83-aa27-821896ae0c18,45e57df9-772b-40ca-aafc-898162c69844,41783
7fba12e8-f336-4a99-a479-dbcb1fc058b8,0532f619-2dfb-4ed2-8656-ce67a56128aa,204018
1db7abdf-2504-4e24-99b3-3dffe16ee8eb,51d7b18f-7c8c-4230-a198-36ad0e73f79d,408877
0a672532-6002-4b7d-bee3-274a62a9fb5a,67a1a352-63c6-43f9-9d71-ce28a20ae21c,98802
1cf3a191-a526-4d97-a3d3-434d14f60ce3,310f8c32-4e53-4985-bd1b-6da805a969db,302902
a8a3a809-1348-41fe-b334-afa6e29e0493,7d7c80c6-da3d-482a-87d2-4323b489f08b,160121
0a672532-6002-4b7d-bee3-274a62a9fb5a,1dc801b8-53d9-46a5-85fd-164140883dd0,165227
1277cc00-3031-42e9-bb55-37ca86bbfb7c,01961663-3143-4f5c-92e7-965eec12a0f9,67060
a730d385-0f71-42a3-8b8c-b4195bfa8f1f,d3f7b752-a107-4df3-9795-14db35826c73,412201
2130aa47-2aba-4a23-b3ca-a4360325ae32,a8a3a809-1348-41fe-b334-afa6e29e0493,383383
4130354e-87e6-4255-9189-522263c3027f,385ddbb9-9e74-4532-b04a-de4e304cf8a7,263507
119ea857-b60b-491c-8e01-ab437e50f26e,2993ded9-071e-45bc-9b13-accdf5d3ebec,147440
06e59082-1be0-4c86-87a5-ccf1f9fea164,5d4da318-295f-43fd-b303-bbd5fc786145,329719
e3dc7114-400f-4423-b05f-d6c737c28279,3fe4fa6b-719c-428e-ab19-ac1e5a83f0f1,218986
60daa3ab-6065-4f2b-830b-86b36bb4afe8,853a8faf-f277-4783-a080-1a32165bdc6e,397290
9303996d-4078-4c79-80db-6a3eaa36104a,b5c5b6ab-0337-4187-afc3-a1ec6230064f,115146
e313b334-d8e0-4f9d-a841-02495ccfd0d4,2130aa47-2aba-4a23-b3ca-a4360325ae32,383368
65d47575-b37f-4501-841e-142b28a09398,5065fc4a-0d76-4ae7-84f0-b17d57bc7ce8,110895
a8fe04d7-c6e9-4857-be39-37559d653f33,47cd9c20-4d9e-4b8a-813b-7cf5ccc918cd,161480
7e557ea8-c91d-46eb-8ca1-0358f43dcabe,e121b8a7-f238-42b9-8457-181650d599f1,95351
12ff259b-fcec-4111-8a3e-92f1b34ef005,25b1246f-0e37-44e9-a053-8fa48c7f8e1e,237780
01961663-3143-4f5c-92e7-965eec12a0f9,4e6f9bb8-78a5-4e09-9673-cce1f5489a5b,120099
2c754a65-ff58-47e6-85c1-78eb1aca2225,87fcf9bd-c496-499a-8ddd-b5f35af99931,200417
10949264-8492-44d9-ba5c-65c4b7838df4,4130354e-87e6-4255-9189-522263c3027f,233639
a9b5bf1c-cbe0-4d26-9be9-e219091870fb,12ff259b-fcec-4111-8a3e-92f1b34ef005,184901
180627e6-0c19-44ba-82b6-4ec97d3ad85d,a9b5bf1c-cbe0-4d26-9be9-e219091870fb,167153
06e59082-1be0-4c86-87a5-ccf1f9fea164,1dc801b8-53d9-46a5-85fd-164140883dd0,336110
119ea857-b60b-491c-8e01-ab437e50f26e,b5dc2142-0bad-4987-be8e-d11f22d9ea51,193214
0a48b595-c065-4fc3-81fc-25305be2e919,f52dd1ff-6bbf-4473-8f2f-718db4a10f87,386358
c63bfa5b-d5bb-461c-b9eb-e8744301a90e,08610465-eb20-4cef-a770-ee3cd8e75508,41145
29e9ab61-e061-4d94-8cd3-c99446d51c55,51d7b18f-7c8c-4230-a198-36ad0e73f79d,160533
54d734a2-73fa-4c9d-8cf3-7a39eaef3b2d,4130354e-87e6-4255-9189-522263c3027f,21032
fadaa8d2-d11e-48f4-b113-7ae97265e717,b2063c94-d6ff-4b99-9b1a-191d9fc22602,64786
1cf3a191-a526-4d97-a3d3-434d14f60ce3,cce1aaa6-a333-477e-8c63-815bef486b25,171775
4b3124e8-5fe8-4c26-8e72-8f6ba2766978,1cf3a191-a526-4d97-a3d3-434d14f60ce3,408728
99d5f7aa-2bc3-4aab-be55-528b049579c6,65d47575-b37f-4501-841e-142b28a09398,206436
99d5f7aa-2bc3-4aab-be55-528b049579c6,8a5a20aa-c7aa-4e06-b3af-7285634af283,134081
1cf3a191-a526-4d97-a3d3-434d14f60ce3,400beeb3-50ab-4b56-8775-3b2b07aedbc3,417655
400beeb3-50ab-4b56-8775-3b2b07aedbc3,85b8f4a0-8132-49e1-8991-32d3b09d6b71,178492
b2063c94-d6ff-4b99-9b1a-191d9fc22602,3b07c7ff-6fed-490a-a9e1-f5bafebc6f0b,196440
558c8707-3d8a-4375-8e7e-998395fb46e5,b54ac68a-3eca-435c-8902-200a1a1b09ff,65980
6e279e72-004f-470e-8bb4-0999c3fc6164,3fe4fa6b-719c-428e-ab19-ac1e5a83f0f1,153219
e313b334-d8e0-4f9d-a841-02495ccfd0d4,9eddc067-b8c5-418d-8707-e41b27dafb46,313233
1db7abdf-2504-4e24-99b3-3dffe16ee8eb,e731b69c-eeaf-4cae-8db6-e0cb7a703579,367114
839cc007-0190-43a3-a229-b97fe0fdddd1,b2063c94-d6ff-4b99-9b1a-191d9fc22602,29802
14d26f53-dd5e-4cfa-aada-67c21bb5d939,d59927c9-8f84-405f-b928-2ec21f8c6eb1,147873
7d7d78f3-acce-4f6a-9cea-2a3afcde3e8f,85b8f4a0-8132-49e1-8991-32d3b09d6b71,5114
27a6c30d-3dd4-430c-9b72-6a22b6bc28be,6603d019-cf11-4464-af83-d73a6114d7d9,468679
b55783b5-489c-4878-a0aa-c81825d0ae80,22a5a25e-618e-456a-b80a-9cbef2c43460,78183
839cc007-0190-43a3-a229-b97fe0fdddd1,0a48b595-c065-4fc3-81fc-25305be2e919,26693
b35a5f3e-d9e7-47bf-a5f8-e8abdc9166c0,a43c454e-eaae-4ccf-ba48-24cf178c0031,82610
83ca04ab-5096-4031-b64a-163ca57dfb1b,759c268e-84f7-4975-a0d9-19b2cd8f0dde,333977
558c8707-3d8a-4375-8e7e-998395fb46e5,1dc801b8-53d9-46a5-85fd-164140883dd0,47570
384df65c-8611-4041-99a2-9b5a19d87245,1a445f91-2ead-438a-9157-e2306187972a,45798
11e6699e-09c0-4e83-aa27-821896ae0c18,400beeb3-50ab-4b56-8775-3b2b07aedbc3,48569
83ca04ab-5096-4031-b64a-163ca57dfb1b,25b1246f-0e37-44e9-a053-8fa48c7f8e1e,300276
7e557ea8-c91d-46eb-8ca1-0358f43dcabe,e731b69c-eeaf-4cae-8db6-e0cb7a703579,275918
7e557ea8-c91d-46eb-8ca1-0358f43dcabe,28be9ff8-6e8b-486b-bf5d-0d5f62c0c810,246716
c9fc8fa1-ca0e-4b1e-904c-80e5d80b2e39,b31626b2-19f3-473f-8056-240a12f26768,110801
558c8707-3d8a-4375-8e7e-998395fb46e5,6603d019-cf11-4464-af83-d73a6114d7d9,125050
32fffa33-1cd7-46d6-8e2e-e98450886d01,68dd02c1-3e68-4d4d-8773-fe9569808537,51017
c855958a-64c0-4592-b32a-d7a4c8b2b733,60daa3ab-6065-4f2b-830b-86b36bb4afe8,139309
e313b334-d8e0-4f9d-a841-02495ccfd0d4,180627e6-0c19-44ba-82b6-4ec97d3ad85d,391146
07f047c6-eec0-4f71-98d8-0b06fac54ea9,51d7b18f-7c8c-4230-a198-36ad0e73f79d,412631
21140c1d-976c-4879-8bdc-a2a06014a372,01961663-3143-4f5c-92e7-965eec12a0f9,119025
54d734a2-73fa-4c9d-8cf3-7a39eaef3b2d,83ca04ab-5096-4031-b64a-163ca57dfb1b,12439
245f557e-4c75-4015-b6b5-3a52111e716f,a44a2fb9-565b-468e-a23d-5956fdd2e744,149895
54d734a2-73fa-4c9d-8cf3-7a39eaef3b2d,f52dd1ff-6bbf-4473-8f2f-718db4a10f87,33607
27a6c30d-3dd4-430c-9b72-6a22b6bc28be,f52dd1ff-6bbf-4473-8f2f-718db4a10f87,431922
3535f85d-9583-4470-ac4c-9afdc1038270,68dd02c1-3e68-4d4d-8773-fe9569808537,184722
0a672532-6002-4b7d-bee3-274a62a9fb5a,7fba12e8-f336-4a99-a479-dbcb1fc058b8,184116
b391f9a6-4399-4069-9150-100fa9423b03,ea73977d-dcbd-4fd4-81c2-5ac84fa64cac,225262
6c6bed17-97db-4220-bcd7-9c74bb5c30a0,68dd02c1-3e68-4d4d-8773-fe9569808537,83566
f52dd1ff-6bbf-4473-8f2f-718db4a10f87,ea73977d-dcbd-4fd4-81c2-5ac84fa64cac,385413
58207bba-605a-4b23-98aa-9ac09a28437f,28be9ff8-6e8b-486b-bf5d-0d5f62c0c810,15720
51d7b18f-7c8c-4230-a198-36ad0e73f79d,58207bba-605a-4b23-98aa-9ac09a28437f,283383
cd4373fe-0091-4421-898d-1322bb7921e8,85b8f4a0-8132-49e1-8991-32d3b09d6b71,229432
08610465-eb20-4cef-a770-ee3cd8e75508,9303996d-4078-4c79-80db-6a3eaa36104a,111407
1277cc00-3031-42e9-bb55-37ca86bbfb7c,1dc801b8-53d9-46a5-85fd-164140883dd0,284097
fadaa8d2-d11e-48f4-b113-7ae97265e717,51d7b18f-7c8c-4230-a198-36ad0e73f79d,26480
d3f7b752-a107-4df3-9795-14db35826c73,78fd87d1-526d-4b18-8de8-c4c281977037,540987
b54ac68a-3eca-435c-8902-200a1a1b09ff,8536988f-ed41-448c-97ce-9555c75abfaa,305681
b31626b2-19f3-473f-8056-240a12f26768,18036c84-0da6-4c1e-9b11-126a55b485c7,495168
1db7abdf-2504-4e24-99b3-3dffe16ee8eb,cce1aaa6-a333-477e-8c63-815bef486b25,144821
8a1eb4a2-9b78-44bf-bb1e-2556e0dab34c,78560cc8-0cca-433a-8291-89c80601bf63,242118
119ea857-b60b-491c-8e01-ab437e50f26e,85b8f4a0-8132-49e1-8991-32d3b09d6b71,323833
5f9a0ffa-c748-4fbb-95a5-8eab94c05210,65d47575-b37f-4501-841e-142b28a09398,81671
6603d019-cf11-4464-af83-d73a6114d7d9,2993ded9-071e-45bc-9b13-accdf5d3ebec,14942
4d871fb3-f0e1-4dc9-8415-2546e8723250,32fffa33-1cd7-46d6-8e2e-e98450886d01,226228
c63bfa5b-d5bb-461c-b9eb-e8744301a90e,32fffa33-1cd7-46d6-8e2e-e98450886d01,126763
78560cc8-0cca-433a-8291-89c80601bf63,6e279e72-004f-470e-8bb4-0999c3fc6164,50993
e413f084-e90e-424a-b205-f3dd75142edc,f52dd1ff-6bbf-4473-8f2f-718db4a10f87,21035
67a1a352-63c6-43f9-9d71-ce28a20ae21c,384df65c-8611-4041-99a2-9b5a19d87245,37873
3628d3b6-b07f-41cd-8c09-8c99afa414ba,45e57df9-772b-40ca-aafc-898162c69844,320850
15ba1443-4cf1-4367-93b6-60fbb95a5b5e,3628d3b6-b07f-41cd-8c09-8c99afa414ba,119274
21140c1d-976c-4879-8bdc-a2a06014a372,e731b69c-eeaf-4cae-8db6-e0cb7a703579,202747
7d7d78f3-acce-4f6a-9cea-2a3afcde3e8f,0532f619-2dfb-4ed2-8656-ce67a56128aa,9100
384df65c-8611-4041-99a2-9b5a19d87245,e313b334-d8e0-4f9d-a841-02495ccfd0d4,123407
e3dc7114-400f-4423-b05f-d6c737c28279,b2063c94-d6ff-4b99-9b1a-191d9fc22602,331275
51d7b18f-7c8c-4230-a198-36ad0e73f79d,ea73977d-dcbd-4fd4-81c2-5ac84fa64cac,257210
12ff259b-fcec-4111-8a3e-92f1b34ef005,a90a0979-3d6a-4c77-b2ce-81ba1f5311a5,115612
06e59082-1be0-4c86-87a5-ccf1f9fea164,a730d385-0f71-42a3-8b8c-b4195bfa8f1f,318325
87d34d56-3bfc-4b8e-b3cf-5f8fc1df2732,f52dd1ff-6bbf-4473-8f2f-718db4a10f87,83016
28be9ff8-6e8b-486b-bf5d-0d5f62c0c810,78699c1e-3234-4c39-a2d4-5e6e545dc68e,393185
a44a2fb9-565b-468e-a23d-5956fdd2e744,1a445f91-2ead-438a-9157-e2306187972a,52321
04d0fe46-e270-4bf0-b721-ee363d6a6e2f,11e6699e-09c0-4e83-aa27-821896ae0c18,267783
07f047c6-eec0-4f71-98d8-0b06fac54ea9,22a5a25e-618e-456a-b80a-9cbef2c43460,153259
1db7abdf-2504-4e24-99b3-3dffe16ee8eb,78699c1e-3234-4c39-a2d4-5e6e545dc68e,462147
2993ded9-071e-45bc-9b13-accdf5d3ebec,a9b5bf1c-cbe0-4d26-9be9-e219091870fb,7890
b154fd49-3672-4066-8fe1-a9993e912518,18036c84-0da6-4c1e-9b11-126a55b485c7,33380
87fcf9bd-c496-499a-8ddd-b5f35af99931,7fba12e8-f336-4a99-a479-dbcb1fc058b8,120986
f38f3d11-ca55-4e14-9b7a-3c41774011e1,a90a0979-3d6a-4c77-b2ce-81ba1f5311a5,107647
1cf3a191-a526-4d97-a3d3-434d14f60ce3,64afb508-3fdb-4f14-a721-040f46ad6d54,130026
6c6bed17-97db-4220-bcd7-9c74bb5c30a0,32fffa33-1cd7-46d6-8e2e-e98450886d01,202039
8536988f-ed41-448c-97ce-9555c75abfaa,e413f084-e90e-424a-b205-f3dd75142edc,133306
a9b5bf1c-cbe0-4d26-9be9-e219091870fb,3b07c7ff-6fed-490a-a9e1-f5bafebc6f0b,223273
fadaa8d2-d11e-48f4-b113-7ae97265e717,384df65c-8611-4041-99a2-9b5a19d87245,59998
99d5f7aa-2bc3-4aab-be55-528b049579c6,394c6a7f-f4e5-40b8-bf5b-a953d624f184,477196
095d08c2-5199-4d31-a548-12b5955c61a1,5065fc4a-0d76-4ae7-84f0-b17d57bc7ce8,374687
db21b201-6b2e-4e52-ad8d-d44123fc5c63,4e6f9bb8-78a5-4e09-9673-cce1f5489a5b,116454
c855958a-64c0-4592-b32a-d7a4c8b2b733,a43c454e-eaae-4ccf-ba48-24cf178c0031,226721
b31626b2-19f3-473f-8056-240a12f26768,9303996d-4078-4c79-80db-6a3eaa36104a,450790
f38f3d11-ca55-4e14-9b7a-3c41774011e1,45e57df9-772b-40ca-aafc-898162c69844,368917
c9fc8fa1-ca0e-4b1e-904c-80e5d80b2e39,47cd9c20-4d9e-4b8a-813b-7cf5ccc918cd,89462
87fcf9bd-c496-499a-8ddd-b5f35af99931,a8fe04d7-c6e9-4857-be39-37559d653f33,75198
8c6f7203-3c40-4766-9212-79d89260e8e9,6c6bed17-97db-4220-bcd7-9c74bb5c30a0,162137
4b2c12b4-cdf9-4dc2-b23a-09610cc147eb,64afb508-3fdb-4f14-a721-040f46ad6d54,450856
87fcf9bd-c496-499a-8ddd-b5f35af99931,85b8f4a0-8132-49e1-8991-32d3b09d6b71,57869
65d47575-b37f-4501-841e-142b28a09398,3b07c7ff-6fed-490a-a9e1-f5bafebc6f0b,145998
464300eb-3855-4132-b377-6fe93a794fee,1a445f91-2ead-438a-9157-e2306187972a,160243
a90a0979-3d6a-4c77-b2ce-81ba1f5311a5,cf8d0727-06ae-41b7-a2bf-c14ea6affcfa,84663
98eab8e7-ae72-4457-9ea0-742b7ae8093d,1cf3a191-a526-4d97-a3d3-434d14f60ce3,44860
e3dc7114-400f-4423-b05f-d6c737c28279,1db7abdf-2504-4e24-99b3-3dffe16ee8eb,334480
b2063c94-d6ff-4b99-9b1a-191d9fc22602,08610465-eb20-4cef-a770-ee3cd8e75508,214196
180627e6-0c19-44ba-82b6-4ec97d3ad85d,3628d3b6-b07f-41cd-8c09-8c99afa414ba,77163
7d7d78f3-acce-4f6a-9cea-2a3afcde3e8f,a8a3a809-1348-41fe-b334-afa6e29e0493,8879
a9b5bf1c-cbe0-4d26-9be9-e219091870fb,51d7b18f-7c8c-4230-a198-36ad0e73f79d,371364
28be9ff8-6e8b-486b-bf5d-0d5f62c0c810,3b07c7ff-6fed-490a-a9e1-f5bafebc6f0b,117083
a44a2fb9-565b-468e-a23d-5956fdd2e744,ea73977d-dcbd-4fd4-81c2-5ac84fa64cac,97289
12ff259b-fcec-4111-8a3e-92f1b34ef005,8536988f-ed41-448c-97ce-9555c75abfaa,310554
5f9a0ffa-c748-4fbb-95a5-8eab94c05210,8a5a20aa-c7aa-4e06-b3af-7285634af283,226923
08610465-eb20-4cef-a770-ee3cd8e75508,1cf3a191-a526-4d97-a3d3-434d14f60ce3,199275
4130354e-87e6-4255-9189-522263c3027f,b31626b2-19f3-473f-8056-240a12f26768,192597
b31626b2-19f3-473f-8056-240a12f26768,6603d019-cf11-4464-af83-d73a6114d7d9,421861
11e6699e-09c0-4e83-aa27-821896ae0c18,5f9a0ffa-c748-4fbb-95a5-8eab94c05210,61774
2daeec3a-f864-4eba-bdf5-03ccf9feb992,2c9eb637-701c-47c0-86f9-52df6517d923,207047
d1f46208-0958-4793-bf89-39afc8da5c85,cf8d0727-06ae-41b7-a2bf-c14ea6affcfa,273188
06e59082-1be0-4c86-87a5-ccf1f9fea164,385ddbb9-9e74-4532-b04a-de4e304cf8a7,393174
095d08c2-5199-4d31-a548-12b5955c61a1,c63bfa5b-d5bb-461c-b9eb-e8744301a90e,251885
67a1a352-63c6-43f9-9d71-ce28a20ae21c,9eddc067-b8c5-418d-8707-e41b27dafb46,25044
83ca04ab-5096-4031-b64a-163ca57dfb1b,7d7d78f3-acce-4f6a-9cea-2a3afcde3e8f,225769
28be9ff8-6e8b-486b-bf5d-0d5f62c0c810,9eddc067-b8c5-418d-8707-e41b27dafb46,221958
cb0c31f6-0fd6-46de-af02-5d25005aa5bb,4e6f9bb8-78a5-4e09-9673-cce1f5489a5b,84967
21140c1d-976c-4879-8bdc-a2a06014a372,dbc42853-f1be-402c-845f-6452bea1fcf0,149922
c9fc8fa1-ca0e-4b1e-904c-80e5d80b2e39,c855958a-64c0-4592-b32a-d7a4c8b2b733,104056
8a5a20aa-c7aa-4e06-b3af-7285634af283,14d26f53-dd5e-4cfa-aada-67c21bb5d939,6373
32fffa33-1cd7-46d6-8e2e-e98450886d01,28be9ff8-6e8b-486b-bf5d-0d5f62c0c810,21003
78560cc8-0cca-433a-8291-89c80601bf63,06e59082-1be0-4c86-87a5-ccf1f9fea164,17976
3628d3b6-b07f-41cd-8c09-8c99afa414ba,2c9eb637-701c-47c0-86f9-52df6517d923,483213
12ff259b-fcec-4111-8a3e-92f1b34ef005,e413f084-e90e-424a-b205-f3dd75142edc,62971
b154fd49-3672-4066-8fe1-a9993e912518,08610465-eb20-4cef-a770-ee3cd8e75508,27514
1ab2769c-a290-4b2f-9e27-da26985f69d8,68dd02c1-3e68-4d4d-8773-fe9569808537,206159
68dd02c1-3e68-4d4d-8773-fe9569808537,1277cc00-3031-42e9-bb55-37ca86bbfb7c,288387
b2063c94-d6ff-4b99-9b1a-191d9fc22602,68dd02c1-3e68-4d4d-8773-fe9569808537,334914
87fcf9bd-c496-499a-8ddd-b5f35af99931,22a5a25e-618e-456a-b80a-9cbef2c43460,38716
d1f46208-0958-4793-bf89-39afc8da5c85,5f9a0ffa-c748-4fbb-95a5-8eab94c05210,258658
310f8c32-4e53-4985-bd1b-6da805a969db,9bb7ec36-dda1-4ff9-a738-6f7f2e9f7630,120951
6c6bed17-97db-4220-bcd7-9c74bb5c30a0,2993ded9-071e-45bc-9b13-accdf5d3ebec,141507
7e557ea8-c91d-46eb-8ca1-0358f43dcabe,1ab2769c-a290-4b2f-9e27-da26985f69d8,255022
1a445f91-2ead-438a-9157-e2306187972a,4d871fb3-f0e1-4dc9-8415-2546e8723250,265009
85b8f4a0-8132-49e1-8991-32d3b09d6b71,21140c1d-976c-4879-8bdc-a2a06014a372,264864
180627e6-0c19-44ba-82b6-4ec97d3ad85d,54835b8a-a27f-4145-a0f6-df40badc1d0e,147066
d7ea63f6-7280-453f-83c2-3f8ddc60ef79,853a8faf-f277-4783-a080-1a32165bdc6e,285541
4b3124e8-5fe8-4c26-8e72-8f6ba2766978,0a672532-6002-4b7d-bee3-274a62a9fb5a,475946
60daa3ab-6065-4f2b-830b-86b36bb4afe8,a8fe04d7-c6e9-4857-be39-37559d653f33,157248
385ddbb9-9e74-4532-b04a-de4e304cf8a7,78fd87d1-526d-4b18-8de8-c4c281977037,131274
7cc6cfa4-c1e9-494a-986b-bbf607bc5550,8a5a20aa-c7aa-4e06-b3af-7285634af283,372461
27a6c30d-3dd4-430c-9b72-6a22b6bc28be,e313b334-d8e0-4f9d-a841-02495ccfd0d4,499027
a44a2fb9-565b-468e-a23d-5956fdd2e744,d3f7b752-a107-4df3-9795-14db35826c73,56794
78560cc8-0cca-433a-8291-89c80601bf63,6c6bed17-97db-4220-bcd7-9c74bb5c30a0,21521
e3dc7114-400f-4423-b05f-d6c737c28279,2daeec3a-f864-4eba-bdf5-03ccf9feb992,111218
68dd02c1-3e68-4d4d-8773-fe9569808537,f38f3d11-ca55-4e14-9b7a-3c41774011e1,428723
c855958a-64c0-4592-b32a-d7a4c8b2b733,7cc6cfa4-c1e9-494a-986b-bbf607bc5550,166153
cd0aac86-7ac4-4828-8feb-b4a36d4f517c,85b8f4a0-8132-49e1-8991-32d3b09d6b71,197541
5065fc4a-0d76-4ae7-84f0-b17d57bc7ce8,a43c454e-eaae-4ccf-ba48-24cf178c0031,265971
1cf3a191-a526-4d97-a3d3-434d14f60ce3,b35a5f3e-d9e7-47bf-a5f8-e8abdc9166c0,328912
095d08c2-5199-4d31-a548-12b5955c61a1,9eddc067-b8c5-418d-8707-e41b27dafb46,88660
b54ac68a-3eca-435c-8902-200a1a1b09ff,4d871fb3-f0e1-4dc9-8415-2546e8723250,355426
7e557ea8-c91d-46eb-8ca1-0358f43dcabe,65d47575-b37f-4501-841e-142b28a09398,368652
01961663-3143-4f5c-92e7-965eec12a0f9,48ad0f18-b76e-4483-9afc-cd7e59be5f3a,70251
8a1eb4a2-9b78-44bf-bb1e-2556e0dab34c,cb0c31f6-0fd6-46de-af02-5d25005aa5bb,103366
4b3124e8-5fe8-4c26-8e72-8f6ba2766978,6e279e72-004f-470e-8bb4-0999c3fc6164,486242
67a1a352-63c6-43f9-9d71-ce28a20ae21c,dbc42853-f1be-402c-845f-6452bea1fcf0,58482
e7338740-b7ee-469c-9c74-bee7dd5f18d2,85b8f4a0-8132-49e1-8991-32d3b09d6b71,337839
cd0aac86-7ac4-4828-8feb-b4a36d4f517c,7d7d78f3-acce-4f6a-9cea-2a3afcde3e8f,251370
384df65c-8611-4041-99a2-9b5a19d87245,1277cc00-3031-42e9-bb55-37ca86bbfb7c,175906
b31626b2-19f3-473f-8056-240a12f26768,cce1aaa6-a333-477e-8c63-815bef486b25,434138
dbc42853-f1be-402c-845f-6452bea1fcf0,d7ea63f6-7280-453f-83c2-3f8ddc60ef79,435603
c855958a-64c0-4592-b32a-d7a4c8b2b733,51d7b18f-7c8c-4230-a198-36ad0e73f79d,200238
d1f46208-0958-4793-bf89-39afc8da5c85,2130aa47-2aba-4a23-b3ca-a4360325ae32,178134
b35a5f3e-d9e7-47bf-a5f8-e8abdc9166c0,3535f85d-9583-4470-ac4c-9afdc1038270,113683
e7338740-b7ee-469c-9c74-bee7dd5f18d2,e313b334-d8e0-4f9d-a841-02495ccfd0d4,90990
01961663-3143-4f5c-92e7-965eec12a0f9,54d734a2-73fa-4c9d-8cf3-7a39eaef3b2d,64496
06e59082-1be0-4c86-87a5-ccf1f9fea164,7cc6cfa4-c1e9-494a-986b-bbf607bc5550,139404
15ba1443-4cf1-4367-93b6-60fbb95a5b5e,3fe4fa6b-719c-428e-ab19-ac1e5a83f0f1,251887
10949264-8492-44d9-ba5c-65c4b7838df4,0a48b595-c065-4fc3-81fc-25305be2e919,66652
07f047c6-eec0-4f71-98d8-0b06fac54ea9,87fcf9bd-c496-499a-8ddd-b5f35af99931,318953
10949264-8492-44d9-ba5c-65c4b7838df4,245f557e-4c75-4015-b6b5-3a52111e716f,132365
8a1eb4a2-9b78-44bf-bb1e-2556e0dab34c,e313b334-d8e0-4f9d-a841-02495ccfd0d4,241893
d9dbc87f-1fec-4d78-bf2b-ec41887dfd44,9303996d-4078-4c79-80db-6a3eaa36104a,195733
8a5a20aa-c7aa-4e06-b3af-7285634af283,29e9ab61-e061-4d94-8cd3-c99446d51c55,6060
d3f7b752-a107-4df3-9795-14db35826c73,29e9ab61-e061-4d94-8cd3-c99446d51c55,114709
d3f7b752-a107-4df3-9795-14db35826c73,a8fe04d7-c6e9-4857-be39-37559d653f33,508028
e121b8a7-f238-42b9-8457-181650d599f1,54d734a2-73fa-4c9d-8cf3-7a39eaef3b2d,12989
1ab2769c-a290-4b2f-9e27-da26985f69d8,15ba1443-4cf1-4367-93b6-60fbb95a5b5e,271925
310f8c32-4e53-4985-bd1b-6da805a969db,8a1eb4a2-9b78-44bf-bb1e-2556e0dab34c,100966
759c268e-84f7-4975-a0d9-19b2cd8f0dde,b35a5f3e-d9e7-47bf-a5f8-e8abdc9166c0,350657
28be9ff8-6e8b-486b-bf5d-0d5f62c0c810,2130aa47-2aba-4a23-b3ca-a4360325ae32,219276
a730d385-0f71-42a3-8b8c-b4195bfa8f1f,28be9ff8-6e8b-486b-bf5d-0d5f62c0c810,287578
dbc42853-f1be-402c-845f-6452bea1fcf0,2993ded9-071e-45bc-9b13-accdf5d3ebec,270667
2c754a65-ff58-47e6-85c1-78eb1aca2225,3fe4fa6b-719c-428e-ab19-ac1e5a83f0f1,98428
b2063c94-d6ff-4b99-9b1a-191d9fc22602,7fba12e8-f336-4a99-a479-dbcb1fc058b8,290486
0305e738-0366-4b59-9641-5036465d07cd,b391f9a6-4399-4069-9150-100fa9423b03,142830
4e6f9bb8-78a5-4e09-9673-cce1f5489a5b,7e557ea8-c91d-46eb-8ca1-0358f43dcabe,168403
7cc6cfa4-c1e9-494a-986b-bbf607bc5550,3b07c7ff-6fed-490a-a9e1-f5bafebc6f0b,484731
a8fe04d7-c6e9-4857-be39-37559d653f33,64afb508-3fdb-4f14-a721-040f46ad6d54,84596
2130aa47-2aba-4a23-b3ca-a4360325ae32,78fd87d1-526d-4b18-8de8-c4c281977037,229120
e121b8a7-f238-42b9-8457-181650d599f1,c9fc8fa1-ca0e-4b1e-904c-80e5d80b2e39,5695
9bb7ec36-dda1-4ff9-a738-6f7f2e9f7630,3b07c7ff-6fed-490a-a9e1-f5bafebc6f0b,257911
db21b201-6b2e-4e52-ad8d-d44123fc5c63,7d7c80c6-da3d-482a-87d2-4323b489f08b,38817
e7338740-b7ee-469c-9c74-bee7dd5f18d2,b154fd49-3672-4066-8fe1-a9993e912518,102476
3fe4fa6b-719c-428e-ab19-ac1e5a83f0f1,0e73205f-4f6a-4208-ad93-9e5206df13c7,96044
3fe4fa6b-719c-428e-ab19-ac1e5a83f0f1,853a8faf-f277-4783-a080-1a32165bdc6e,91974
fadaa8d2-d11e-48f4-b113-7ae97265e717,1db7abdf-2504-4e24-99b3-3dffe16ee8eb,45312
b5c5b6ab-0337-4187-afc3-a1ec6230064f,400beeb3-50ab-4b56-8775-3b2b07aedbc3,79489
1cf3a191-a526-4d97-a3d3-434d14f60ce3,7e557ea8-c91d-46eb-8ca1-0358f43dcabe,107679
01961663-3143-4f5c-92e7-965eec12a0f9,e121b8a7-f238-42b9-8457-181650d599f1,109790
095d08c2-5199-4d31-a548-12b5955c61a1,60daa3ab-6065-4f2b-830b-86b36bb4afe8,281437
28be9ff8-6e8b-486b-bf5d-0d5f62c0c810,464300eb-3855-4132-b377-6fe93a794fee,316759
6e279e72-004f-470e-8bb4-0999c3fc6164,dbc42853-f1be-402c-845f-6452bea1fcf0,233477
54835b8a-a27f-4145-a0f6-df40badc1d0e,839cc007-0190-43a3-a229-b97fe0fdddd1,111445
853a8faf-f277-4783-a080-1a32165bdc6e,64afb508-3fdb-4f14-a721-040f46ad6d54,274268
54d734a2-73fa-4c9d-8cf3-7a39eaef3b2d,78699c1e-3234-4c39-a2d4-5e6e545dc68e,59455
310f8c32-4e53-4985-bd1b-6da805a969db,6c6bed17-97db-4220-bcd7-9c74bb5c30a0,138919
2993ded9-071e-45bc-9b13-accdf5d3ebec,8536988f-ed41-448c-97ce-9555c75abfaa,4737
3628d3b6-b07f-41cd-8c09-8c99afa414ba,c9fc8fa1-ca0e-4b1e-904c-80e5d80b2e39,463809
2c9eb637-701c-47c0-86f9-52df6517d923,12ff259b-fcec-4111-8a3e-92f1b34ef005,159261
64afb508-3fdb-4f14-a721-040f46ad6d54,5065fc4a-0d76-4ae7-84f0-b17d57bc7ce8,328083
b391f9a6-4399-4069-9150-100fa9423b03,96e28973-b877-402f-b3ae-36ec55c8844e,466329
a9b5bf1c-cbe0-4d26-9be9-e219091870fb,fadaa8d2-d11e-48f4-b113-7ae97265e717,396953
4130354e-87e6-4255-9189-522263c3027f,cb0c31f6-0fd6-46de-af02-5d25005aa5bb,282362
51d7b18f-7c8c-4230-a198-36ad0e73f79d,28be9ff8-6e8b-486b-bf5d-0d5f62c0c810,215944
32fffa33-1cd7-46d6-8e2e-e98450886d01,b2063c94-d6ff-4b99-9b1a-191d9fc22602,26706
01961663-3143-4f5c-92e7-965eec12a0f9,5065fc4a-0d76-4ae7-84f0-b17d57bc7ce8,92347
a44a2fb9-565b-468e-a23d-5956fdd2e744,3628d3b6-b07f-41cd-8c09-8c99afa414ba,46225
b391f9a6-4399-4069-9150-100fa9423b03,06e59082-1be0-4c86-87a5-ccf1f9fea164,244309
7fba12e8-f336-4a99-a479-dbcb1fc058b8,7d7d78f3-acce-4f6a-9cea-2a3afcde3e8f,407394
b35a5f3e-d9e7-47bf-a5f8-e8abdc9166c0,8c6f7203-3c40-4766-9212-79d89260e8e9,56947
15ba1443-4cf1-4367-93b6-60fbb95a5b5e,b391f9a6-4399-4069-9150-100fa9423b03,233728
c63bfa5b-d5bb-461c-b9eb-e8744301a90e,d7ea63f6-7280-453f-83c2-3f8ddc60ef79,129349
2c9eb637-701c-47c0-86f9-52df6517d923,65d47575-b37f-4501-841e-142b28a09398,187579
04d0fe46-e270-4bf0-b721-ee363d6a6e2f,78fd87d1-526d-4b18-8de8-c4c281977037,250481
06e59082-1be0-4c86-87a5-ccf1f9fea164,b2063c94-d6ff-4b99-9b1a-191d9fc22602,309454
394c6a7f-f4e5-40b8-bf5b-a953d624f184,7d7c80c6-da3d-482a-87d2-4323b489f08b,155885
d7ea63f6-7280-453f-83c2-3f8ddc60ef79,99d5f7aa-2bc3-4aab-be55-528b049579c6,237589
65d47575-b37f-4501-841e-142b28a09398,3fe4fa6b-719c-428e-ab19-ac1e5a83f0f1,117399
c855958a-64c0-4592-b32a-d7a4c8b2b733,385ddbb9-9e74-4532-b04a-de4e304cf8a7,235105
245f557e-4c75-4015-b6b5-3a52111e716f,fadaa8d2-d11e-48f4-b113-7ae97265e717,131404
6603d019-cf11-4464-af83-d73a6114d7d9,2c754a65-ff58-47e6-85c1-78eb1aca2225,6205
a8a3a809-1348-41fe-b334-afa6e29e0493,45e57df9-772b-40ca-aafc-898162c69844,455938
9303996d-4078-4c79-80db-6a3eaa36104a,48ad0f18-b76e-4483-9afc-cd7e59be5f3a,351952
a44a2fb9-565b-468e-a23d-5956fdd2e744,78699c1e-3234-4c39-a2d4-5e6e545dc68e,56302
87fcf9bd-c496-499a-8ddd-b5f35af99931,384df65c-8611-4041-99a2-9b5a19d87245,54093
10949264-8492-44d9-ba5c-65c4b7838df4,0e73205f-4f6a-4208-ad93-9e5206df13c7,305174
5e62c6a4-2bb4-4e1c-8488-e10c7b1c3f63,7d7c80c6-da3d-482a-87d2-4323b489f08b,101266
a9b5bf1c-cbe0-4d26-9be9-e219091870fb,98eab8e7-ae72-4457-9ea0-742b7ae8093d,113322
12ff259b-fcec-4111-8a3e-92f1b34ef005,f5a4a30f-bf41-44c8-b3b3-283ffe260a60,315746
e413f084-e90e-424a-b205-f3dd75142edc,78fd87d1-526d-4b18-8de8-c4c281977037,28832
5d4da318-295f-43fd-b303-bbd5fc786145,64afb508-3fdb-4f14-a721-040f46ad6d54,92996
310f8c32-4e53-4985-bd1b-6da805a969db,7cc6cfa4-c1e9-494a-986b-bbf607bc5550,115327
7e557ea8-c91d-46eb-8ca1-0358f43dcabe,e121b8a7-f238-42b9-8457-181650d599f1,76057
78699c1e-3234-4c39-a2d4-5e6e545dc68e,2daeec3a-f864-4eba-bdf5-03ccf9feb992,353211
14d26f53-dd5e-4cfa-aada-67c21bb5d939,d3f7b752-a107-4df3-9795-14db35826c73,67243
4e6f9bb8-78a5-4e09-9673-cce1f5489a5b,180627e6-0c19-44ba-82b6-4ec97d3ad85d,52356
e3dc7114-400f-4423-b05f-d6c737c28279,0532f619-2dfb-4ed2-8656-ce67a56128aa,195671
ea73977d-dcbd-4fd4-81c2-5ac84fa64cac,6603d019-cf11-4464-af83-d73a6114d7d9,122138
b35a5f3e-d9e7-47bf-a5f8-e8abdc9166c0,7d7d78f3-acce-4f6a-9cea-2a3afcde3e8f,94461
0532f619-2dfb-4ed2-8656-ce67a56128aa,4130354e-87e6-4255-9189-522263c3027f,145219
29e9ab61-e061-4d94-8cd3-c99446d51c55,10949264-8492-44d9-ba5c-65c4b7838df4,347028
384df65c-8611-4041-99a2-9b5a19d87245,6c6bed17-97db-4220-bcd7-9c74bb5c30a0,106621
8a5a20aa-c7aa-4e06-b3af-7285634af283,8a1eb4a2-9b78-44bf-bb1e-2556e0dab34c,9063
85b8f4a0-8132-49e1-8991-32d3b09d6b71,6e279e72-004f-470e-8bb4-0999c3fc6164,322485
3fe4fa6b-719c-428e-ab19-ac1e5a83f0f1,4b2c12b4-cdf9-4dc2-b23a-09610cc147eb,85907
5f9a0ffa-c748-4fbb-95a5-8eab94c05210,8536988f-ed41-448c-97ce-9555c75abfaa,68967
464300eb-3855-4132-b377-6fe93a794fee,8a1eb4a2-9b78-44bf-bb1e-2556e0dab34c,114658
7d7d78f3-acce-4f6a-9cea-2a3afcde3e8f,0532f619-2dfb-4ed2-8656-ce67a56128aa,3871
5f9a0ffa-c748-4fbb-95a5-8eab94c05210,095d08c2-5199-4d31-a548-12b5955c61a1,65817
99d5f7aa-2bc3-4aab-be55-528b049579c6,ea73977d-dcbd-4fd4-81c2-5ac84fa64cac,376288
4d871fb3-f0e1-4dc9-8415-2546e8723250,5f9a0ffa-c748-4fbb-95a5-8eab94c05210,67928
0305e738-0366-4b59-9641-5036465d07cd,5e62c6a4-2bb4-4e1c-8488-e10c7b1c3f63,130213
21140c1d-976c-4879-8bdc-a2a06014a372,b391f9a6-4399-4069-9150-100fa9423b03,218738
98eab8e7-ae72-4457-9ea0-742b7ae8093d,4e6f9bb8-78a5-4e09-9673-cce1f5489a5b,35246
22a5a25e-618e-456a-b80a-9cbef2c43460,d59927c9-8f84-405f-b928-2ec21f8c6eb1,43346
25cf4233-39d3-47dc-bf10-51d2687e74de,4130354e-87e6-4255-9189-522263c3027f,42007
01961663-3143-4f5c-92e7-965eec12a0f9,06e59082-1be0-4c86-87a5-ccf1f9fea164,247630
1a445f91-2ead-438a-9157-e2306187972a,c63bfa5b-d5bb-461c-b9eb-e8744301a90e,141379
cd4373fe-0091-4421-898d-1322bb7921e8,839cc007-0190-43a3-a229-b97fe0fdddd1,424595
7d7c80c6-da3d-482a-87d2-4323b489f08b,60daa3ab-6065-4f2b-830b-86b36bb4afe8,8189
e7338740-b7ee-469c-9c74-bee7dd5f18d2,25b1246f-0e37-44e9-a053-8fa48c7f8e1e,186198
b5c5b6ab-0337-4187-afc3-a1ec6230064f,07f047c6-eec0-4f71-98d8-0b06fac54ea9,54502
2993ded9-071e-45bc-9b13-accdf5d3ebec,4130354e-87e6-4255-9189-522263c3027f,3736
5d4da318-295f-43fd-b303-bbd5fc786145,e413f084-e90e-424a-b205-f3dd75142edc,247013
3fe4fa6b-719c-428e-ab19-ac1e5a83f0f1,6e279e72-004f-470e-8bb4-0999c3fc6164,87613
18036c84-0da6-4c1e-9b11-126a55b485c7,4d871fb3-f0e1-4dc9-8415-2546e8723250,183257
e121b8a7-f238-42b9-8457-181650d599f1,3535f85d-9583-4470-ac4c-9afdc1038270,3990
27a6c30d-3dd4-430c-9b72-6a22b6bc28be,64afb508-3fdb-4f14-a721-040f46ad6d54,261861
54d734a2-73fa-4c9d-8cf3-7a39eaef3b2d,a44a2fb9-565b-468e-a23d-5956fdd2e744,32901
5f9a0ffa-c748-4fbb-95a5-8eab94c05210,3535f85d-9583-4470-ac4c-9afdc1038270,142432
54835b8a-a27f-4145-a0f6-df40badc1d0e,68dd02c1-3e68-4d4d-8773-fe9569808537,126989
11e6699e-09c0-4e83-aa27-821896ae0c18,f52dd1ff-6bbf-4473-8f2f-718db4a10f87,40035
4b2c12b4-cdf9-4dc2-b23a-09610cc147eb,60daa3ab-6065-4f2b-830b-86b36bb4afe8,517832
5065fc4a-0d76-4ae7-84f0-b17d57bc7ce8,7cc6cfa4-c1e9-494a-986b-bbf607bc5550,105492
e313b334-d8e0-4f9d-a841-02495ccfd0d4,83ca04ab-5096-4031-b64a-163ca57dfb1b,87157
7e557ea8-c91d-46eb-8ca1-0358f43dcabe,db21b201-6b2e-4e52-ad8d-d44123fc5c63,104294
28be9ff8-6e8b-486b-bf5d-0d5f62c0c810,cd4373fe-0091-4421-898d-1322bb7921e8,299986
48ad0f18-b76e-4483-9afc-cd7e59be5f3a,f52dd1ff-6bbf-4473-8f2f-718db4a10f87,217178
a9b5bf1c-cbe0-4d26-9be9-e219091870fb,9303996d-4078-4c79-80db-6a3eaa36104a,132654
08610465-eb20-4cef-a770-ee3cd8e75508,0e73205f-4f6a-4208-ad93-9e5206df13c7,99139
9eddc067-b8c5-418d-8707-e41b27dafb46,a9b5bf1c-cbe0-4d26-9be9-e219091870fb,26850
3535f85d-9583-4470-ac4c-9afdc1038270,7d7c80c6-da3d-482a-87d2-4323b489f08b,99784
01961663-3143-4f5c-92e7-965eec12a0f9,cb0c31f6-0fd6-46de-af02-5d25005aa5bb,249647
b154fd49-3672-4066-8fe1-a9993e912518,51d7b18f-7c8c-4230-a198-36ad0e73f79d,53404
db21b201-6b2e-4e52-ad8d-d44123fc5c63,9bb7ec36-dda1-4ff9-a738-6f7f2e9f7630,144831
b5c5b6ab-0337-4187-afc3-a1ec6230064f,095d08c2-5199-4d31-a548-12b5955c61a1,228347
32fffa33-1cd7-46d6-8e2e-e98450886d01,e7338740-b7ee-469c-9c74-bee7dd5f18d2,55132
32fffa33-1cd7-46d6-8e2e-e98450886d01,a44a2fb9-565b-468e-a23d-5956fdd2e744,40235
394c6a7f-f4e5-40b8-bf5b-a953d624f184,87d34d56-3bfc-4b8e-b3cf-5f8fc1df2732,200829
7e557ea8-c91d-46eb-8ca1-0358f43dcabe,08610465-eb20-4cef-a770-ee3cd8e75508,355928
25b1246f-0e37-44e9-a053-8fa48c7f8e1e,cd0aac86-7ac4-4828-8feb-b4a36d4f517c,134065
b2063c94-d6ff-4b99-9b1a-191d9fc22602,180627e6-0c19-44ba-82b6-4ec97d3ad85d,103794
4d871fb3-f0e1-4dc9-8415-2546e8723250,01961663-3143-4f5c-92e7-965eec12a0f9,304697
18036c84-0da6-4c1e-9b11-126a55b485c7,10949264-8492-44d9-ba5c-65c4b7838df4,96259
b31626b2-19f3-473f-8056-240a12f26768,22a5a25e-618e-456a-b80a-9cbef2c43460,525469
cd4373fe-0091-4421-898d-1322bb7921e8,4e6f9bb8-78a5-4e09-9673-cce1f5489a5b,366793
25b1246f-0e37-44e9-a053-8fa48c7f8e1e,d3f7b752-a107-4df3-9795-14db35826c73,46996
01961663-3143-4f5c-92e7-965eec12a0f9,51d7b18f-7c8c-4230-a198-36ad0e73f79d,52987
7fba12e8-f336-4a99-a479-dbcb1fc058b8,c63bfa5b-d5bb-461c-b9eb-e8744301a90e,402056
b35a5f3e-d9e7-47bf-a5f8-e8abdc9166c0,48ad0f18-b76e-4483-9afc-cd7e59be5f3a,50926
b35a5f3e-d9e7-47bf-a5f8-e8abdc9166c0,a8a3a809-1348-41fe-b334-afa6e29e0493,120747
7cc6cfa4-c1e9-494a-986b-bbf607bc5550,c855958a-64c0-4592-b32a-d7a4c8b2b733,396934
e121b8a7-f238-42b9-8457-181650d599f1,9303996d-4078-4c79-80db-6a3eaa36104a,21020
b391f9a6-4399-4069-9150-100fa9423b03,1cf3a191-a526-4d97-a3d3-434d14f60ce3,217263
119ea857-b60b-491c-8e01-ab437e50f26e,b5dc2142-0bad-4987-be8e-d11f22d9ea51,117245
4d871fb3-f0e1-4dc9-8415-2546e8723250,d9dbc87f-1fec-4d78-bf2b-ec41887dfd44,205223
28be9ff8-6e8b-486b-bf5d-0d5f62c0c810,5f9a0ffa-c748-4fbb-95a5-8eab94c05210,310538
a730d385-0f71-42a3-8b8c-b4195bfa8f1f,a8fe04d7-c6e9-4857-be39-37559d653f33,235795
04d0fe46-e270-4bf0-b721-ee363d6a6e2f,e413f084-e90e-424a-b205-f3dd75142edc,347781
b5c5b6ab-0337-4187-afc3-a1ec6230064f,1db7abdf-2504-4e24-99b3-3dffe16ee8eb,131843
4b3124e8-5fe8-4c26-8e72-8f6ba2766978,28be9ff8-6e8b-486b-bf5d-0d5f62c0c810,112132
0e73205f-4f6a-4208-ad93-9e5206df13c7,d1f46208-0958-4793-bf89-39afc8da5c85,165453
1ab2769c-a290-4b2f-9e27-da26985f69d8,87fcf9bd-c496-499a-8ddd-b5f35af99931,505515
853a8faf-f277-4783-a080-1a32165bdc6e,2c754a65-ff58-47e6-85c1-78eb1aca2225,156772
e413f084-e90e-424a-b205-f3dd75142edc,48ad0f18-b76e-4483-9afc-cd7e59be5f3a,21470
e7338740-b7ee-469c-9c74-bee7dd5f18d2,b391f9a6-4399-4069-9150-100fa9423b03,291643
fadaa8d2-d11e-48f4-b113-7ae97265e717,db21b201-6b2e-4e52-ad8d-d44123fc5c63,14098
b2063c94-d6ff-4b99-9b1a-191d9fc22602,78fd87d1-526d-4b18-8de8-c4c281977037,239541
64afb508-3fdb-4f14-a721-040f46ad6d54,e7338740-b7ee-469c-9c74-bee7dd5f18d2,401470
5e62c6a4-2bb4-4e1c-8488-e10c7b1c3f63,119ea857-b60b-491c-8e01-ab437e50f26e,203195
11e6699e-09c0-4e83-aa27-821896ae0c18,1ab2769c-a290-4b2f-9e27-da26985f69d8,73369
5065fc4a-0d76-4ae7-84f0-b17d57bc7ce8,78fd87d1-526d-4b18-8de8-c4c281977037,271671
a730d385-0f71-42a3-8b8c-b4195bfa8f1f,11e6699e-09c0-4e83-aa27-821896ae0c18,365326
f52dd1ff-6bbf-4473-8f2f-718db4a10f87,384df65c-8611-4041-99a2-9b5a19d87245,271831
58207bba-605a-4b23-98aa-9ac09a28437f,06e59082-1be0-4c86-87a5-ccf1f9fea164,10927
cf8d0727-06ae-41b7-a2bf-c14ea6affcfa,51d7b18f-7c8c-4230-a198-36ad0e73f79d,75814
cce1aaa6-a333-477e-8c63-815bef486b25,3628d3b6-b07f-41cd-8c09-8c99afa414ba,230393
8c6f7203-3c40-4766-9212-79d89260e8e9,15ba1443-4cf1-4367-93b6-60fbb95a5b5e,301812
fadaa8d2-d11e-48f4-b113-7ae97265e717,d3f7b752-a107-4df3-9795-14db35826c73,15131
b154fd49-3672-4066-8fe1-a9993e912518,83ca04ab-5096-4031-b64a-163ca57dfb1b,64008
68dd02c1-3e68-4d4d-8773-fe9569808537,1a445f91-2ead-438a-9157-e2306187972a,409295
9303996d-4078-4c79-80db-6a3eaa36104a,54d734a2-73fa-4c9d-8cf3-7a39eaef3b2d,521841
51d7b18f-7c8c-4230-a198-36ad0e73f79d,839cc007-0190-43a3-a229-b97fe0fdddd1,199997
08610465-eb20-4cef-a770-ee3cd8e75508,a730d385-0f71-42a3-8b8c-b4195bfa8f1f,52110
310f8c32-4e53-4985-bd1b-6da805a969db,7d7d78f3-acce-4f6a-9cea-2a3afcde3e8f,167904
245f557e-4c75-4015-b6b5-3a52111e716f,18036c84-0da6-4c1e-9b11-126a55b485c7,186287
a8fe04d7-c6e9-4857-be39-37559d653f33,1a445f91-2ead-438a-9157-e2306187972a,115051
12ff259b-fcec-4111-8a3e-92f1b34ef005,a8fe04d7-c6e9-4857-be39-37559d653f33,237506
01961663-3143-4f5c-92e7-965eec12a0f9,8a5a20aa-c7aa-4e06-b3af-7285634af283,161414
310f8c32-4e53-4985-bd1b-6da805a969db,78fd87d1-526d-4b18-8de8-c4c281977037,142875
7e557ea8-c91d-46eb-8ca1-0358f43dcabe,0e73205f-4f6a-4208-ad93-9e5206df13c7,217839
48ad0f18-b76e-4483-9afc-cd7e59be5f3a,4b3124e8-5fe8-4c26-8e72-8f6ba2766978,215120
e7338740-b7ee-469c-9c74-bee7dd5f18d2,27a6c30d-3dd4-430c-9b72-6a22b6bc28be,230006
394c6a7f-f4e5-40b8-bf5b-a953d624f184,8a5a20aa-c7aa-4e06-b3af-7285634af283,107510
48ad0f18-b76e-4483-9afc-cd7e59be5f3a,3628d3b6-b07f-41cd-8c09-8c99afa414ba,160789
11e6699e-09c0-4e83-aa27-821896ae0c18,4d871fb3-f0e1-4dc9-8415-2546e8723250,90038
464300eb-3855-4132-b377-6fe93a794fee,11e6699e-09c0-4e83-aa27-821896ae0c18,193404
7d7d78f3-acce-4f6a-9cea-2a3afcde3e8f,54835b8a-a27f-4145-a0f6-df40badc1d0e,6293
f38f3d11-ca55-4e14-9b7a-3c41774011e1,b55783b5-489c-4878-a0aa-c81825d0ae80,139270
4d871fb3-f0e1-4dc9-8415-2546e8723250,78699c1e-3234-4c39-a2d4-5e6e545dc68e,63460
4b3124e8-5fe8-4c26-8e72-8f6ba2766978,51d7b18f-7c8c-4230-a198-36ad0e73f79d,249552
1ab2769c-a290-4b2f-9e27-da26985f69d8,08610465-eb20-4cef-a770-ee3cd8e75508,293328
310f8c32-4e53-4985-bd1b-6da805a969db,dbc42853-f1be-402c-845f-6452bea1fcf0,116861
e313b334-d8e0-4f9d-a841-02495ccfd0d4,119ea857-b60b-491c-8e01-ab437e50f26e,107560
14d26f53-dd5e-4cfa-aada-67c21bb5d939,87fcf9bd-c496-499a-8ddd-b5f35af99931,177368
d7ea63f6-7280-453f-83c2-3f8ddc60ef79,18036c84-0da6-4c1e-9b11-126a55b485c7,128082
14d26f53-dd5e-4cfa-aada-67c21bb5d939,095d08c2-5199-4d31-a548-12b5955c61a1,141106
29e9ab61-e061-4d94-8cd3-c99446d51c55,a730d385-0f71-42a3-8b8c-b4195bfa8f1f,133186
5d4da318-295f-43fd-b303-bbd5fc786145,b5c5b6ab-0337-4187-afc3-a1ec6230064f,183539
a44a2fb9-565b-468e-a23d-5956fdd2e744,310f8c32-4e53-4985-bd1b-6da805a969db,76183
58207bba-605a-4b23-98aa-9ac09a28437f,fadaa8d2-d11e-48f4-b113-7ae97265e717,4661
464300eb-3855-4132-b377-6fe93a794fee,87d34d56-3bfc-4b8e-b3cf-5f8fc1df2732,146378
310f8c32-4e53-4985-bd1b-6da805a969db,9303996d-4078-4c79-80db-6a3eaa36104a,161243
08610465-eb20-4cef-a770-ee3cd8e75508,7e557ea8-c91d-46eb-8ca1-0358f43dcabe,185486
ea73977d-dcbd-4fd4-81c2-5ac84fa64cac,2993ded9-071e-45bc-9b13-accdf5d3ebec,91753
394c6a7f-f4e5-40b8-bf5b-a953d624f184,3b07c7ff-6fed-490a-a9e1-f5bafebc6f0b,122274
0a672532-6002-4b7d-bee3-274a62a9fb5a,6603d019-cf11-4464-af83-d73a6114d7d9,207698
06e59082-1be0-4c86-87a5-ccf1f9fea164,99d5f7aa-2bc3-4aab-be55-528b049579c6,431977
839cc007-0190-43a3-a229-b97fe0fdddd1,3b07c7ff-6fed-490a-a9e1-f5bafebc6f0b,17508
2daeec3a-f864-4eba-bdf5-03ccf9feb992,3535f85d-9583-4470-ac4c-9afdc1038270,61802
29e9ab61-e061-4d94-8cd3-c99446d51c55,54d734a2-73fa-4c9d-8cf3-7a39eaef3b2d,378541
5065fc4a-0d76-4ae7-84f0-b17d57bc7ce8,e121b8a7-f238-42b9-8457-181650d599f1,214145
14d26f53-dd5e-4cfa-aada-67c21bb5d939,cd0aac86-7ac4-4828-8feb-b4a36d4f517c,52248
c9fc8fa1-ca0e-4b1e-904c-80e5d80b2e39,28be9ff8-6e8b-486b-bf5d-0d5f62c0c810,147401
68dd02c1-3e68-4d4d-8773-fe9569808537,853a8faf-f277-4783-a080-1a32165bdc6e,306365
3b07c7ff-6fed-490a-a9e1-f5bafebc6f0b,d9dbc87f-1fec-4d78-bf2b-ec41887dfd44,112210
6e279e72-004f-470e-8bb4-0999c3fc6164,4130354e-87e6-4255-9189-522263c3027f,190155
9303996d-4078-4c79-80db-6a3eaa36104a,0532f619-2dfb-4ed2-8656-ce67a56128aa,377120
3fe4fa6b-719c-428e-ab19-ac1e5a83f0f1,1277cc00-3031-42e9-bb55-37ca86bbfb7c,117694
1cf3a191-a526-4d97-a3d3-434d14f60ce3,28be9ff8-6e8b-486b-bf5d-0d5f62c0c810,346574
32fffa33-1cd7-46d6-8e2e-e98450886d01,759c268e-84f7-4975-a0d9-19b2cd8f0dde,43152
f52dd1ff-6bbf-4473-8f2f-718db4a10f87,7e557ea8-c91d-46eb-8ca1-0358f43dcabe,519072
04d0fe46-e270-4bf0-b721-ee363d6a6e2f,3fe4fa6b-719c-428e-ab19-ac1e5a83f0f1,108044
d3f7b752-a107-4df3-9795-14db35826c73,0a672532-6002-4b7d-bee3-274a62a9fb5a,197262
3b07c7ff-6fed-490a-a9e1-f5bafebc6f0b,15ba1443-4cf1-4367-93b6-60fbb95a5b5e,469178
cd0aac86-7ac4-4828-8feb-b4a36d4f517c,db21b201-6b2e-4e52-ad8d-d44123fc5c63,214213
fadaa8d2-d11e-48f4-b113-7ae97265e717,25b1246f-0e37-44e9-a053-8fa48c7f8e1e,63217
245f557e-4c75-4015-b6b5-3a52111e716f,98eab8e7-ae72-4457-9ea0-742b7ae8093d,82417
65d47575-b37f-4501-841e-142b28a09398,e121b8a7-f238-42b9-8457-181650d599f1,135434
400beeb3-50ab-4b56-8775-3b2b07aedbc3,e7338740-b7ee-469c-9c74-bee7dd5f18d2,109186
5e62c6a4-2bb4-4e1c-8488-e10c7b1c3f63,3628d3b6-b07f-41cd-8c09-8c99afa414ba,115026
9303996d-4078-4c79-80db-6a3eaa36104a,f38f3d11-ca55-4e14-9b7a-3c41774011e1,318320
6603d019-cf11-4464-af83-d73a6114d7d9,45e57df9-772b-40ca-aafc-898162c69844,11635
7d7d78f3-acce-4f6a-9cea-2a3afcde3e8f,a8fe04d7-c6e9-4857-be39-37559d653f33,5164
7d7d78f3-acce-4f6a-9cea-2a3afcde3e8f,6603d019-cf11-4464-af83-d73a6114d7d9,7993
a43c454e-eaae-4ccf-ba48-24cf178c0031,4b2c12b4-cdf9-4dc2-b23a-09610cc147eb,3872
64afb508-3fdb-4f14-a721-040f46ad6d54,fadaa8d2-d11e-48f4-b113-7ae97265e717,259807
9bb7ec36-dda1-4ff9-a738-6f7f2e9f7630,10949264-8492-44d9-ba5c-65c4b7838df4,140652
839cc007-0190-43a3-a229-b97fe0fdddd1,64afb508-3fdb-4f14-a721-040f46ad6d54,33230
47cd9c20-4d9e-4b8a-813b-7cf5ccc918cd,2993ded9-071e-45bc-9b13-accdf5d3ebec,36326
d59927c9-8f84-405f-b928-2ec21f8c6eb1,7d7d78f3-acce-4f6a-9cea-2a3afcde3e8f,44677
01961663-3143-4f5c-92e7-965eec12a0f9,385ddbb9-9e74-4532-b04a-de4e304cf8a7,146021
87fcf9bd-c496-499a-8ddd-b5f35af99931,384df65c-8611-4041-99a2-9b5a19d87245,117669
2c9eb637-701c-47c0-86f9-52df6517d923,fadaa8d2-d11e-48f4-b113-7ae97265e717,155800
558c8707-3d8a-4375-8e7e-998395fb46e5,d3f7b752-a107-4df3-9795-14db35826c73,69143
6c6bed17-97db-4220-bcd7-9c74bb5c30a0,400beeb3-50ab-4b56-8775-3b2b07aedbc3,119506
394c6a7f-f4e5-40b8-bf5b-a953d624f184,32fffa33-1cd7-46d6-8e2e-e98450886d01,68168
0532f619-2dfb-4ed2-8656-ce67a56128aa,99d5f7aa-2bc3-4aab-be55-528b049579c6,57950
54835b8a-a27f-4145-a0f6-df40badc1d0e,7e557ea8-c91d-46eb-8ca1-0358f43dcabe,138066
10949264-8492-44d9-ba5c-65c4b7838df4,e413f084-e90e-424a-b205-f3dd75142edc,133946
2c9eb637-701c-47c0-86f9-52df6517d923,a90a0979-3d6a-4c77-b2ce-81ba1f5311a5,152098
1dc801b8-53d9-46a5-85fd-164140883dd0,245f557e-4c75-4015-b6b5-3a52111e716f,460756
b54ac68a-3eca-435c-8902-200a1a1b09ff,cb0c31f6-0fd6-46de-af02-5d25005aa5bb,88108
8a1eb4a2-9b78-44bf-bb1e-2556e0dab34c,08610465-eb20-4cef-a770-ee3cd8e75508,186665
87fcf9bd-c496-499a-8ddd-b5f35af99931,6c6bed17-97db-4220-bcd7-9c74bb5c30a0,135942
e121b8a7-f238-42b9-8457-181650d599f1,0a672532-6002-4b7d-bee3-274a62a9fb5a,6010
68dd02c1-3e68-4d4d-8773-fe9569808537,12ff259b-fcec-4111-8a3e-92f1b34ef005,233699
10949264-8492-44d9-ba5c-65c4b7838df4,e7338740-b7ee-469c-9c74-bee7dd5f18d2,187686
58207bba-605a-4b23-98aa-9ac09a28437f,10949264-8492-44d9-ba5c-65c4b7838df4,11330
b391f9a6-4399-4069-9150-100fa9423b03,6e279e72-004f-470e-8bb4-0999c3fc6164,391818
4e6f9bb8-78a5-4e09-9673-cce1f5489a5b,6e279e72-004f-470e-8bb4-0999c3fc6164,146495
db21b201-6b2e-4e52-ad8d-d44123fc5c63,cce1aaa6-a333-477e-8c63-815bef486b25,81034
394c6a7f-f4e5-40b8-bf5b-a953d624f184,8c6f7203-3c40-4766-9212-79d89260e8e9,201671
54835b8a-a27f-4145-a0f6-df40badc1d0e,15ba1443-4cf1-4367-93b6-60fbb95a5b5e,62002
385ddbb9-9e74-4532-b04a-de4e304cf8a7,b5dc2142-0bad-4987-be8e-d11f22d9ea51,23877
85b8f4a0-8132-49e1-8991-32d3b09d6b71,87d34d56-3bfc-4b8e-b3cf-5f8fc1df2732,131165
394c6a7f-f4e5-40b8-bf5b-a953d624f184,e3dc7114-400f-4423-b05f-d6c737c28279,70727
e121b8a7-f238-42b9-8457-181650d599f1,2c9eb637-701c-47c0-86f9-52df6517d923,16629
dbc42853-f1be-402c-845f-6452bea1fcf0,f38f3d11-ca55-4e14-9b7a-3c41774011e1,354391
464300eb-3855-4132-b377-6fe93a794fee,a90a0979-3d6a-4c77-b2ce-81ba1f5311a5,50892
d9dbc87f-1fec-4d78-bf2b-ec41887dfd44,385ddbb9-9e74-4532-b04a-de4e304cf8a7,74437
a9b5bf1c-cbe0-4d26-9be9-e219091870fb,5f9a0ffa-c748-4fbb-95a5-8eab94c05210,202694
b55783b5-489c-4878-a0aa-c81825d0ae80,2993ded9-071e-45bc-9b13-accdf5d3ebec,35582
e7338740-b7ee-469c-9c74-bee7dd5f18d2,a43c454e-eaae-4ccf-ba48-24cf178c0031,373811
a730d385-0f71-42a3-8b8c-b4195bfa8f1f,67a1a352-63c6-43f9-9d71-ce28a20ae21c,396227
fadaa8d2-d11e-48f4-b113-7ae97265e717,21140c1d-976c-4879-8bdc-a2a06014a372,56622
1277cc00-3031-42e9-bb55-37ca86bbfb7c,9eddc067-b8c5-418d-8707-e41b27dafb46,200075
7cc6cfa4-c1e9-494a-986b-bbf607bc5550,a90a0979-3d6a-4c77-b2ce-81ba1f5311a5,449364
67a1a352-63c6-43f9-9d71-ce28a20ae21c,cd0aac86-7ac4-4828-8feb-b4a36d4f517c,36092
48ad0f18-b76e-4483-9afc-cd7e59be5f3a,29e9ab61-e061-4d94-8cd3-c99446d51c55,253774
a8fe04d7-c6e9-4857-be39-37559d653f33,54d734a2-73fa-4c9d-8cf3-7a39eaef3b2d,73534
7cc6cfa4-c1e9-494a-986b-bbf607bc5550,e121b8a7-f238-42b9-8457-181650d599f1,307270
14d26f53-dd5e-4cfa-aada-67c21bb5d939,04d0fe46-e270-4bf0-b721-ee363d6a6e2f,38721
9bb7ec36-dda1-4ff9-a738-6f7f2e9f7630,c9fc8fa1-ca0e-4b1e-904c-80e5d80b2e39,63222
119ea857-b60b-491c-8e01-ab437e50f26e,3b07c7ff-6fed-490a-a9e1-f5bafebc6f0b,121083
7d7d78f3-acce-4f6a-9cea-2a3afcde3e8f,4b3124e8-5fe8-4c26-8e72-8f6ba2766978,2109
3fe4fa6b-719c-428e-ab19-ac1e5a83f0f1,2993ded9-071e-45bc-9b13-accdf5d3ebec,137969
2daeec3a-f864-4eba-bdf5-03ccf9feb992,98eab8e7-ae72-4457-9ea0-742b7ae8093d,144192
cce1aaa6-a333-477e-8c63-815bef486b25,0a672532-6002-4b7d-bee3-274a62a9fb5a,242469
65d47575-b37f-4501-841e-142b28a09398,9bb7ec36-dda1-4ff9-a738-6f7f2e9f7630,119609
9bb7ec36-dda1-4ff9-a738-6f7f2e9f7630,4130354e-87e6-4255-9189-522263c3027f,168014
d3f7b752-a107-4df3-9795-14db35826c73,e7338740-b7ee-469c-9c74-bee7dd5f18d2,121488
1cf3a191-a526-4d97-a3d3-434d14f60ce3,78fd87d1-526d-4b18-8de8-c4c281977037,328276
4d871fb3-f0e1-4dc9-8415-2546e8723250,839cc007-0190-43a3-a229-b97fe0fdddd1,253565
7fba12e8-f336-4a99-a479-dbcb1fc058b8,a9b5bf1c-cbe0-4d26-9be9-e219091870fb,243918
0532f619-2dfb-4ed2-8656-ce67a56128aa,18036c84-0da6-4c1e-9b11-126a55b485c7,82238
c855958a-64c0-4592-b32a-d7a4c8b2b733,2993ded9-071e-45bc-9b13-accdf5d3ebec,280477
9eddc067-b8c5-418d-8707-e41b27dafb46,3628d3b6-b07f-41cd-8c09-8c99afa414ba,33898
1db7abdf-2504-4e24-99b3-3dffe16ee8eb,87fcf9bd-c496-499a-8ddd-b5f35af99931,523389
a8fe04d7-c6e9-4857-be39-37559d653f33,245f557e-4c75-4015-b6b5-3a52111e716f,79573
6603d019-cf11-4464-af83-d73a6114d7d9,78699c1e-3234-4c39-a2d4-5e6e545dc68e,21634
10949264-8492-44d9-ba5c-65c4b7838df4,15ba1443-4cf1-4367-93b6-60fbb95a5b5e,210747
5e62c6a4-2bb4-4e1c-8488-e10c7b1c3f63,385ddbb9-9e74-4532-b04a-de4e304cf8a7,137388
b54ac68a-3eca-435c-8902-200a1a1b09ff,78fd87d1-526d-4b18-8de8-c4c281977037,100166
28be9ff8-6e8b-486b-bf5d-0d5f62c0c810,29e9ab61-e061-4d94-8cd3-c99446d51c55,328107
e313b334-d8e0-4f9d-a841-02495ccfd0d4,394c6a7f-f4e5-40b8-bf5b-a953d624f184,327875
78fd87d1-526d-4b18-8de8-c4c281977037,3fe4fa6b-719c-428e-ab19-ac1e5a83f0f1,9127
a90a0979-3d6a-4c77-b2ce-81ba1f5311a5,a730d385-0f71-42a3-8b8c-b4195bfa8f1f,111369
1a445f91-2ead-438a-9157-e2306187972a,47cd9c20-4d9e-4b8a-813b-7cf5ccc918cd,295139
2daeec3a-f864-4eba-bdf5-03ccf9feb992,f38f3d11-ca55-4e14-9b7a-3c41774011e1,216851
fadaa8d2-d11e-48f4-b113-7ae97265e717,2c754a65-ff58-47e6-85c1-78eb1aca2225,71583
04d0fe46-e270-4bf0-b721-ee363d6a6e2f,394c6a7f-f4e5-40b8-bf5b-a953d624f184,205600
d7ea63f6-7280-453f-83c2-3f8ddc60ef79,12ff259b-fcec-4111-8a3e-92f1b34ef005,142269
2993ded9-071e-45bc-9b13-accdf5d3ebec,7cc6cfa4-c1e9-494a-986b-bbf607bc5550,5909
e121b8a7-f238-42b9-8457-181650d599f1,83ca04ab-5096-4031-b64a-163ca57dfb1b,12973
9eddc067-b8c5-418d-8707-e41b27dafb46,54d734a2-73fa-4c9d-8cf3-7a39eaef3b2d,53815
3535f85d-9583-4470-ac4c-9afdc1038270,d3f7b752-a107-4df3-9795-14db35826c73,36979
1a445f91-2ead-438a-9157-e2306187972a,b54ac68a-3eca-435c-8902-200a1a1b09ff,261639
78560cc8-0cca-433a-8291-89c80601bf63,8536988f-ed41-448c-97ce-9555c75abfaa,49383
b5dc2142-0bad-4987-be8e-d11f22d9ea51,e7338740-b7ee-469c-9c74-bee7dd5f18d2,448325
7d7c80c6-da3d-482a-87d2-4323b489f08b,8a5a20aa-c7aa-4e06-b3af-7285634af283,11507
1db7abdf-2504-4e24-99b3-3dffe16ee8eb,e413f084-e90e-424a-b205-f3dd75142edc,214295
87fcf9bd-c496-499a-8ddd-b5f35af99931,22a5a25e-618e-456a-b80a-9cbef2c43460,135084
29e9ab61-e061-4d94-8cd3-c99446d51c55,839cc007-0190-43a3-a229-b97fe0fdddd1,205476
853a8faf-f277-4783-a080-1a32165bdc6e,394c6a7f-f4e5-40b8-bf5b-a953d624f184,128152
b2063c94-d6ff-4b99-9b1a-191d9fc22602,e121b8a7-f238-42b9-8457-181650d599f1,196205
7d7c80c6-da3d-482a-87d2-4323b489f08b,384df65c-8611-4041-99a2-9b5a19d87245,7250
4130354e-87e6-4255-9189-522263c3027f,21140c1d-976c-4879-8bdc-a2a06014a372,140499
3535f85d-9583-4470-ac4c-9afdc1038270,a730d385-0f71-42a3-8b8c-b4195bfa8f1f,118617
08610465-eb20-4cef-a770-ee3cd8e75508,a44a2fb9-565b-468e-a23d-5956fdd2e744,56433
60daa3ab-6065-4f2b-830b-86b36bb4afe8,e121b8a7-f238-42b9-8457-181650d599f1,370700
400beeb3-50ab-4b56-8775-3b2b07aedbc3,fadaa8d2-d11e-48f4-b113-7ae97265e717,60694
12ff259b-fcec-4111-8a3e-92f1b34ef005,51d7b18f-7c8c-4230-a198-36ad0e73f79d,241004
06e59082-1be0-4c86-87a5-ccf1f9fea164,b55783b5-489c-4878-a0aa-c81825d0ae80,236484
2c754a65-ff58-47e6-85c1-78eb1aca2225,245f557e-4c75-4015-b6b5-3a52111e716f,148475
25b1246f-0e37-44e9-a053-8fa48c7f8e1e,f38f3d11-ca55-4e14-9b7a-3c41774011e1,252113
07f047c6-eec0-4f71-98d8-0b06fac54ea9,8c6f7203-3c40-4766-9212-79d89260e8e9,76742
07f047c6-eec0-4f71-98d8-0b06fac54ea9,759c268e-84f7-4975-a0d9-19b2cd8f0dde,249508
18036c84-0da6-4c1e-9b11-126a55b485c7,b154fd49-3672-4066-8fe1-a9993e912518,94465
1cf3a191-a526-4d97-a3d3-434d14f60ce3,b5c5b6ab-0337-4187-afc3-a1ec6230064f,94398
a9b5bf1c-cbe0-4d26-9be9-e219091870fb,2993ded9-071e-45bc-9b13-accdf5d3ebec,357759
b154fd49-3672-4066-8fe1-a9993e912518,310f8c32-4e53-4985-bd1b-6da805a969db,41290
07f047c6-eec0-4f71-98d8-0b06fac54ea9,8a5a20aa-c7aa-4e06-b3af-7285634af283,198445
394c6a7f-f4e5-40b8-bf5b-a953d624f184,b154fd49-3672-4066-8fe1-a9993e912518,88465
2c754a65-ff58-47e6-85c1-78eb1aca2225,b31626b2-19f3-473f-8056-240a12f26768,71662
095d08c2-5199-4d31-a548-12b5955c61a1,8a5a20aa-c7aa-4e06-b3af-7285634af283,368591
15ba1443-4cf1-4367-93b6-60fbb95a5b5e,67a1a352-63c6-43f9-9d71-ce28a20ae21c,323172
a43c454e-eaae-4ccf-ba48-24cf178c0031,a730d385-0f71-42a3-8b8c-b4195bfa8f1f,5308
b5c5b6ab-0337-4187-afc3-a1ec6230064f,78560cc8-0cca-433a-8291-89c80601bf63,155473
fadaa8d2-d11e-48f4-b113-7ae97265e717,58207bba-605a-4b23-98aa-9ac09a28437f,41281
32fffa33-1cd7-46d6-8e2e-e98450886d01,310f8c32-4e53-4985-bd1b-6da805a969db,39056
01961663-3143-4f5c-92e7-965eec12a0f9,04d0fe46-e270-4bf0-b721-ee363d6a6e2f,228563
558c8707-3d8a-4375-8e7e-998395fb46e5,c63bfa5b-d5bb-461c-b9eb-e8744301a90e,127809
f5a4a30f-bf41-44c8-b3b3-283ffe260a60,54d734a2-73fa-4c9d-8cf3-7a39eaef3b2d,105596
6c6bed17-97db-4220-bcd7-9c74bb5c30a0,3535f85d-9583-4470-ac4c-9afdc1038270,244307
78560cc8-0cca-433a-8291-89c80601bf63,5d4da318-295f-43fd-b303-bbd5fc786145,69069
07f047c6-eec0-4f71-98d8-0b06fac54ea9,c63bfa5b-d5bb-461c-b9eb-e8744301a90e,177313
78fd87d1-526d-4b18-8de8-c4c281977037,58207bba-605a-4b23-98aa-9ac09a28437f,51363
2130aa47-2aba-4a23-b3ca-a4360325ae32,e413f084-e90e-424a-b205-f3dd75142edc,365795
07f047c6-eec0-4f71-98d8-0b06fac54ea9,12ff259b-fcec-4111-8a3e-92f1b34ef005,335988
cd4373fe-0091-4421-898d-1322bb7921e8,96e28973-b877-402f-b3ae-36ec55c8844e,153006
47cd9c20-4d9e-4b8a-813b-7cf5ccc918cd,99d5f7aa-2bc3-4aab-be55-528b049579c6,26207
87d34d56-3bfc-4b8e-b3cf-5f8fc1df2732,a43c454e-eaae-4ccf-ba48-24cf178c0031,219073
cf8d0727-06ae-41b7-a2bf-c14ea6affcfa,394c6a7f-f4e5-40b8-bf5b-a953d624f184,58432
96e28973-b877-402f-b3ae-36ec55c8844e,759c268e-84f7-4975-a0d9-19b2cd8f0dde,460784
f38f3d11-ca55-4e14-9b7a-3c41774011e1,400beeb3-50ab-4b56-8775-3b2b07aedbc3,127458
4b2c12b4-cdf9-4dc2-b23a-09610cc147eb,d9dbc87f-1fec-4d78-bf2b-ec41887dfd44,362189
0a672532-6002-4b7d-bee3-274a62a9fb5a,48ad0f18-b76e-4483-9afc-cd7e59be5f3a,232705
2993ded9-071e-45bc-9b13-accdf5d3ebec,5f9a0ffa-c748-4fbb-95a5-8eab94c05210,8934
07f047c6-eec0-4f71-98d8-0b06fac54ea9,99d5f7aa-2bc3-4aab-be55-528b049579c6,99673
99d5f7aa-2bc3-4aab-be55-528b049579c6,27a6c30d-3dd4-430c-9b72-6a22b6bc28be,397286
4b2c12b4-cdf9-4dc2-b23a-09610cc147eb,15ba1443-4cf1-4367-93b6-60fbb95a5b5e,293810
83ca04ab-5096-4031-b64a-163ca57dfb1b,464300eb-3855-4132-b377-6fe93a794fee,237034
04d0fe46-e270-4bf0-b721-ee363d6a6e2f,3535f85d-9583-4470-ac4c-9afdc1038270,388794
8a1eb4a2-9b78-44bf-bb1e-2556e0dab34c,853a8faf-f277-4783-a080-1a32165bdc6e,271352
7fba12e8-f336-4a99-a479-dbcb1fc058b8,78699c1e-3234-4c39-a2d4-5e6e545dc68e,275494
d1f46208-0958-4793-bf89-39afc8da5c85,5065fc4a-0d76-4ae7-84f0-b17d57bc7ce8,279154
8c6f7203-3c40-4766-9212-79d89260e8e9,68dd02c1-3e68-4d4d-8773-fe9569808537,336366
04d0fe46-e270-4bf0-b721-ee363d6a6e2f,f38f3d11-ca55-4e14-9b7a-3c41774011e1,169273
9303996d-4078-4c79-80db-6a3eaa36104a,10949264-8492-44d9-ba5c-65c4b7838df4,380695
54835b8a-a27f-4145-a0f6-df40badc1d0e,7d7c80c6-da3d-482a-87d2-4323b489f08b,60228
b35a5f3e-d9e7-47bf-a5f8-e8abdc9166c0,c855958a-64c0-4592-b32a-d7a4c8b2b733,134816
10949264-8492-44d9-ba5c-65c4b7838df4,65d47575-b37f-4501-841e-142b28a09398,270208
1277cc00-3031-42e9-bb55-37ca86bbfb7c,c9fc8fa1-ca0e-4b1e-904c-80e5d80b2e39,314685
b5dc2142-0bad-4987-be8e-d11f22d9ea51,b31626b2-19f3-473f-8056-240a12f26768,267262
384df65c-8611-4041-99a2-9b5a19d87245,a43c454e-eaae-4ccf-ba48-24cf178c0031,202223
14d26f53-dd5e-4cfa-aada-67c21bb5d939,5065fc4a-0d76-4ae7-84f0-b17d57bc7ce8,75694
98eab8e7-ae72-4457-9ea0-742b7ae8093d,f52dd1ff-6bbf-4473-8f2f-718db4a10f87,28185
e731b69c-eeaf-4cae-8db6-e0cb7a703579,10949264-8492-44d9-ba5c-65c4b7838df4,48511
0a672532-6002-4b7d-bee3-274a62a9fb5a,4d871fb3-f0e1-4dc9-8415-2546e8723250,137673
3535f85d-9583-4470-ac4c-9afdc1038270,4e6f9bb8-78a5-4e09-9673-cce1f5489a5b,75204
cb0c31f6-0fd6-46de-af02-5d25005aa5bb,04d0fe46-e270-4bf0-b721-ee363d6a6e2f,189749
45e57df9-772b-40ca-aafc-898162c69844,29e9ab61-e061-4d94-8cd3-c99446d51c55,321564
60daa3ab-6065-4f2b-830b-86b36bb4afe8,cb0c31f6-0fd6-46de-af02-5d25005aa5bb,166267
e7338740-b7ee-469c-9c74-bee7dd5f18d2,c855958a-64c0-4592-b32a-d7a4c8b2b733,242681
4e6f9bb8-78a5-4e09-9673-cce1f5489a5b,98eab8e7-ae72-4457-9ea0-742b7ae8093d,49844
d1f46208-0958-4793-bf89-39afc8da5c85,3535f85d-9583-4470-ac4c-9afdc1038270,94727
83ca04ab-5096-4031-b64a-163ca57dfb1b,095d08c2-5199-4d31-a548-12b5955c61a1,179852
cd4373fe-0091-4421-898d-1322bb7921e8,5e62c6a4-2bb4-4e1c-8488-e10c7b1c3f63,571144
a8fe04d7-c6e9-4857-be39-37559d653f33,01961663-3143-4f5c-92e7-965eec12a0f9,33520
2993ded9-071e-45bc-9b13-accdf5d3ebec,2130aa47-2aba-4a23-b3ca-a4360325ae32,5915
25cf4233-39d3-47dc-bf10-51d2687e74de,cf8d0727-06ae-41b7-a2bf-c14ea6affcfa,35455
b5c5b6ab-0337-4187-afc3-a1ec6230064f,01961663-3143-4f5c-92e7-965eec12a0f9,89545
5065fc4a-0d76-4ae7-84f0-b17d57bc7ce8,5e62c6a4-2bb4-4e1c-8488-e10c7b1c3f63,69010
8a1eb4a2-9b78-44bf-bb1e-2556e0dab34c,1db7abdf-2504-4e24-99b3-3dffe16ee8eb,100001
b154fd49-3672-4066-8fe1-a9993e912518,6603d019-cf11-4464-af83-d73a6114d7d9,60000
4e6f9bb8-78a5-4e09-9673-cce1f5489a5b,cf8d0727-06ae-41b7-a2bf-c14ea6affcfa,185427
12ff259b-fcec-4111-8a3e-92f1b34ef005,b31626b2-19f3-473f-8056-240a12f26768,198783
e731b69c-eeaf-4cae-8db6-e0cb7a703579,6e279e72-004f-470e-8bb4-0999c3fc6164,65876
b2063c94-d6ff-4b99-9b1a-191d9fc22602,e121b8a7-f238-42b9-8457-181650d599f1,95951
29e9ab61-e061-4d94-8cd3-c99446d51c55,e121b8a7-f238-42b9-8457-181650d599f1,408760
180627e6-0c19-44ba-82b6-4ec97d3ad85d,cd4373fe-0091-4421-898d-1322bb7921e8,170343
85b8f4a0-8132-49e1-8991-32d3b09d6b71,a730d385-0f71-42a3-8b8c-b4195bfa8f1f,166023
28be9ff8-6e8b-486b-bf5d-0d5f62c0c810,d9dbc87f-1fec-4d78-bf2b-ec41887dfd44,418303
d1f46208-0958-4793-bf89-39afc8da5c85,25cf4233-39d3-47dc-bf10-51d2687e74de,135258
464300eb-3855-4132-b377-6fe93a794fee,68dd02c1-3e68-4d4d-8773-fe9569808537,123583
48ad0f18-b76e-4483-9afc-cd7e59be5f3a,a730d385-0f71-42a3-8b8c-b4195bfa8f1f,154316
04d0fe46-e270-4bf0-b721-ee363d6a6e2f,6e279e72-004f-470e-8bb4-0999c3fc6164,381750
e413f084-e90e-424a-b205-f3dd75142edc,c63bfa5b-d5bb-461c-b9eb-e8744301a90e,33514
06e59082-1be0-4c86-87a5-ccf1f9fea164,853a8faf-f277-4783-a080-1a32165bdc6e,310305
7d7d78f3-acce-4f6a-9cea-2a3afcde3e8f,a8fe04d7-c6e9-4857-be39-37559d653f33,7622
e7338740-b7ee-469c-9c74-bee7dd5f18d2,d1f46208-0958-4793-bf89-39afc8da5c85,313966
51d7b18f-7c8c-4230-a198-36ad0e73f79d,12ff259b-fcec-4111-8a3e-92f1b34ef005,317165
14d26f53-dd5e-4cfa-aada-67c21bb5d939,21140c1d-976c-4879-8bdc-a2a06014a372,130535
98eab8e7-ae72-4457-9ea0-742b7ae8093d,32fffa33-1cd7-46d6-8e2e-e98450886d01,25864
a43c454e-eaae-4ccf-ba48-24cf178c0031,f38f3d11-ca55-4e14-9b7a-3c41774011e1,3310
e313b334-d8e0-4f9d-a841-02495ccfd0d4,5f9a0ffa-c748-4fbb-95a5-8eab94c05210,115477
1a445f91-2ead-438a-9157-e2306187972a,3535f85d-9583-4470-ac4c-9afdc1038270,517796
99d5f7aa-2bc3-4aab-be55-528b049579c6,b5dc2142-0bad-4987-be8e-d11f22d9ea51,186612
3fe4fa6b-719c-428e-ab19-ac1e5a83f0f1,0a48b595-c065-4fc3-81fc-25305be2e919,147391
180627e6-0c19-44ba-82b6-4ec97d3ad85d,7fba12e8-f336-4a99-a479-dbcb1fc058b8,147343
2993ded9-071e-45bc-9b13-accdf5d3ebec,d7ea63f6-7280-453f-83c2-3f8ddc60ef79,9372
4130354e-87e6-4255-9189-522263c3027f,64afb508-3fdb-4f14-a721-040f46ad6d54,457536
095d08c2-5199-4d31-a548-12b5955c61a1,a9b5bf1c-cbe0-4d26-9be9-e219091870fb,387689
0e73205f-4f6a-4208-ad93-9e5206df13c7,e121b8a7-f238-42b9-8457-181650d599f1,202109
b5dc2142-0bad-4987-be8e-d11f22d9ea51,04d0fe46-e270-4bf0-b721-ee363d6a6e2f,369614
d9dbc87f-1fec-4d78-bf2b-ec41887dfd44,54835b8a-a27f-4145-a0f6-df40badc1d0e,236009
07f047c6-eec0-4f71-98d8-0b06fac54ea9,f5a4a30f-bf41-44c8-b3b3-283ffe260a60,311310
4d871fb3-f0e1-4dc9-8415-2546e8723250,14d26f53-dd5e-4cfa-aada-67c21bb5d939,262099
d7ea63f6-7280-453f-83c2-3f8ddc60ef79,96e28973-b877-402f-b3ae-36ec55c8844e,297896
54d734a2-73fa-4c9d-8cf3-7a39eaef3b2d,310f8c32-4e53-4985-bd1b-6da805a969db,24051
a8a3a809-1348-41fe-b334-afa6e29e0493,0a672532-6002-4b7d-bee3-274a62a9fb5a,258584
095d08c2-5199-4d31-a548-12b5955c61a1,cce1aaa6-a333-477e-8c63-815bef486b25,235155
e313b334-d8e0-4f9d-a841-02495ccfd0d4,3b07c7ff-6fed-490a-a9e1-f5bafebc6f0b,487353
1cf3a191-a526-4d97-a3d3-434d14f60ce3,a8fe04d7-c6e9-4857-be39-37559d653f33,87846
29e9ab61-e061-4d94-8cd3-c99446d51c55,d9dbc87f-1fec-4d78-bf2b-ec41887dfd44,293250
8536988f-ed41-448c-97ce-9555c75abfaa,87fcf9bd-c496-499a-8ddd-b5f35af99931,108191
a730d385-0f71-42a3-8b8c-b4195bfa8f1f,4b2c12b4-cdf9-4dc2-b23a-09610cc147eb,214786
3fe4fa6b-719c-428e-ab19-ac1e5a83f0f1,25b1246f-0e37-44e9-a053-8fa48c7f8e1e,133833
f38f3d11-ca55-4e14-9b7a-3c41774011e1,e313b334-d8e0-4f9d-a841-02495ccfd0d4,211768
14d26f53-dd5e-4cfa-aada-67c21bb5d939,dbc42853-f1be-402c-845f-6452bea1fcf0,141621
32fffa33-1cd7-46d6-8e2e-e98450886d01,9bb7ec36-dda1-4ff9-a738-6f7f2e9f7630,47389
15ba1443-4cf1-4367-93b6-60fbb95a5b5e,78699c1e-3234-4c39-a2d4-5e6e545dc68e,377939
01961663-3143-4f5c-92e7-965eec12a0f9,2c9eb637-701c-47c0-86f9-52df6517d923,61373
83ca04ab-5096-4031-b64a-163ca57dfb1b,4b3124e8-5fe8-4c26-8e72-8f6ba2766978,346647
21140c1d-976c-4879-8bdc-a2a06014a372,27a6c30d-3dd4-430c-9b72-6a22b6bc28be,148388
1cf3a191-a526-4d97-a3d3-434d14f60ce3,4b3124e8-5fe8-4c26-8e72-8f6ba2766978,313868
4130354e-87e6-4255-9189-522263c3027f,87fcf9bd-c496-499a-8ddd-b5f35af99931,96603
14d26f53-dd5e-4cfa-aada-67c21bb5d939,04d0fe46-e270-4bf0-b721-ee363d6a6e2f,68140
83ca04ab-5096-4031-b64a-163ca57dfb1b,11e6699e-09c0-4e83-aa27-821896ae0c18,314940
f5a4a30f-bf41-44c8-b3b3-283ffe260a60,384df65c-8611-4041-99a2-9b5a19d87245,311619
7fba12e8-f336-4a99-a479-dbcb1fc058b8,68dd02c1-3e68-4d4d-8773-fe9569808537,116902
0e73205f-4f6a-4208-ad93-9e5206df13c7,25cf4233-39d3-47dc-bf10-51d2687e74de,250539
d59927c9-8f84-405f-b928-2ec21f8c6eb1,b35a5f3e-d9e7-47bf-a5f8-e8abdc9166c0,72114
51d7b18f-7c8c-4230-a198-36ad0e73f79d,60daa3ab-6065-4f2b-830b-86b36bb4afe8,473111
2c9eb637-701c-47c0-86f9-52df6517d923,45e57df9-772b-40ca-aafc-898162c69844,76689
180627e6-0c19-44ba-82b6-4ec97d3ad85d,5f9a0ffa-c748-4fbb-95a5-8eab94c05210,141701
db21b201-6b2e-4e52-ad8d-d44123fc5c63,85b8f4a0-8132-49e1-8991-32d3b09d6b71,131974
a8a3a809-1348-41fe-b334-afa6e29e0493,384df65c-8611-4041-99a2-9b5a19d87245,530057
5d4da318-295f-43fd-b303-bbd5fc786145,78fd87d1-526d-4b18-8de8-c4c281977037,46825
32fffa33-1cd7-46d6-8e2e-e98450886d01,a8a3a809-1348-41fe-b334-afa6e29e0493,46197
7cc6cfa4-c1e9-494a-986b-bbf607bc5550,85b8f4a0-8132-49e1-8991-32d3b09d6b71,296485
68dd02c1-3e68-4d4d-8773-fe9569808537,0a48b595-c065-4fc3-81fc-25305be2e919,521965
51d7b18f-7c8c-4230-a198-36ad0e73f79d,e7338740-b7ee-469c-9c74-bee7dd5f18d2,521691
e413f084-e90e-424a-b205-f3dd75142edc,2c754a65-ff58-47e6-85c1-78eb1aca2225,8891
b5dc2142-0bad-4987-be8e-d11f22d9ea51,7e557ea8-c91d-46eb-8ca1-0358f43dcabe,310701
1db7abdf-2504-4e24-99b3-3dffe16ee8eb,839cc007-0190-43a3-a229-b97fe0fdddd1,344495
11e6699e-09c0-4e83-aa27-821896ae0c18,b55783b5-489c-4878-a0aa-c81825d0ae80,105785
5d4da318-295f-43fd-b303-bbd5fc786145,04d0fe46-e270-4bf0-b721-ee363d6a6e2f,199960
b5dc2142-0bad-4987-be8e-d11f22d9ea51,18036c84-0da6-4c1e-9b11-126a55b485c7,377043
08610465-eb20-4cef-a770-ee3cd8e75508,b391f9a6-4399-4069-9150-100fa9423b03,71536
b54ac68a-3eca-435c-8902-200a1a1b09ff,d9dbc87f-1fec-4d78-bf2b-ec41887dfd44,281171
b31626b2-19f3-473f-8056-240a12f26768,8536988f-ed41-448c-97ce-9555c75abfaa,405187
d59927c9-8f84-405f-b928-2ec21f8c6eb1,60daa3ab-6065-4f2b-830b-86b36bb4afe8,59547
8a1eb4a2-9b78-44bf-bb1e-2556e0dab34c,2993ded9-071e-45bc-9b13-accdf5d3ebec,94687
7d7d78f3-acce-4f6a-9cea-2a3afcde3e8f,4d871fb3-f0e1-4dc9-8415-2546e8723250,5680
5e62c6a4-2bb4-4e1c-8488-e10c7b1c3f63,558c8707-3d8a-4375-8e7e-998395fb46e5,56064
51d7b18f-7c8c-4230-a198-36ad0e73f79d,08610465-eb20-4cef-a770-ee3cd8e75508,418458
f52dd1ff-6bbf-4473-8f2f-718db4a10f87,1dc801b8-53d9-46a5-85fd-164140883dd0,268773
2c754a65-ff58-47e6-85c1-78eb1aca2225,119ea857-b60b-491c-8e01-ab437e50f26e,264105
db21b201-6b2e-4e52-ad8d-d44123fc5c63,58207bba-605a-4b23-98aa-9ac09a28437f,134857
87fcf9bd-c496-499a-8ddd-b5f35af99931,ea73977d-dcbd-4fd4-81c2-5ac84fa64cac,60009
2130aa47-2aba-4a23-b3ca-a4360325ae32,32fffa33-1cd7-46d6-8e2e-e98450886d01,122239
cb0c31f6-0fd6-46de-af02-5d25005aa5bb,32fffa33-1cd7-46d6-8e2e-e98450886d01,177493
8a1eb4a2-9b78-44bf-bb1e-2556e0dab34c,7cc6cfa4-c1e9-494a-986b-bbf607bc5550,210340
8c6f7203-3c40-4766-9212-79d89260e8e9,5d4da318-295f-43fd-b303-bbd5fc786145,79982
384df65c-8611-4041-99a2-9b5a19d87245,99d5f7aa-2bc3-4aab-be55-528b049579c6,102418
b5c5b6ab-0337-4187-afc3-a1ec6230064f,384df65c-8611-4041-99a2-9b5a19d87245,103255
18036c84-0da6-4c1e-9b11-126a55b485c7,cf8d0727-06ae-41b7-a2bf-c14ea6affcfa,360094
83ca04ab-5096-4031-b64a-163ca57dfb1b,7d7d78f3-acce-4f6a-9cea-2a3afcde3e8f,369944
d7ea63f6-7280-453f-83c2-3f8ddc60ef79,c855958a-64c0-4592-b32a-d7a4c8b2b733,220004
25cf4233-39d3-47dc-bf10-51d2687e74de,119ea857-b60b-491c-8e01-ab437e50f26e,31968
3fe4fa6b-719c-428e-ab19-ac1e5a83f0f1,cb0c31f6-0fd6-46de-af02-5d25005aa5bb,128114
67a1a352-63c6-43f9-9d71-ce28a20ae21c,7fba12e8-f336-4a99-a479-dbcb1fc058b8,37968
27a6c30d-3dd4-430c-9b72-6a22b6bc28be,29e9ab61-e061-4d94-8cd3-c99446d51c55,317238
96e28973-b877-402f-b3ae-36ec55c8844e,384df65c-8611-4041-99a2-9b5a19d87245,120824
b2063c94-d6ff-4b99-9b1a-191d9fc22602,7cc6cfa4-c1e9-494a-986b-bbf607bc5550,204915
e3dc7114-400f-4423-b05f-d6c737c28279,1db7abdf-2504-4e24-99b3-3dffe16ee8eb,102958
78560cc8-0cca-433a-8291-89c80601bf63,1a445f91-2ead-438a-9157-e2306187972a,54933
4b3124e8-5fe8-4c26-8e72-8f6ba2766978,c855958a-64c0-4592-b32a-d7a4c8b2b733,484242
e3dc7114-400f-4423-b05f-d6c737c28279,47cd9c20-4d9e-4b8a-813b-7cf5ccc918cd,308813
0305e738-0366-4b59-9641-5036465d07cd,e3dc7114-400f-4423-b05f-d6c737c28279,198929
a44a2fb9-565b-468e-a23d-5956fdd2e744,c63bfa5b-d5bb-461c-b9eb-e8744301a90e,62743
22a5a25e-618e-456a-b80a-9cbef2c43460,a9b5bf1c-cbe0-4d26-9be9-e219091870fb,18281
4e6f9bb8-78a5-4e09-9673-cce1f5489a5b,cd0aac86-7ac4-4828-8feb-b4a36d4f517c,111714
65d47575-b37f-4501-841e-142b28a09398,394c6a7f-f4e5-40b8-bf5b-a953d624f184,132617
1277cc00-3031-42e9-bb55-37ca86bbfb7c,0a672532-6002-4b7d-bee3-274a62a9fb5a,225986
e3dc7114-400f-4423-b05f-d6c737c28279,54835b8a-a27f-4145-a0f6-df40badc1d0e,281345
b5c5b6ab-0337-4187-afc3-a1ec6230064f,cce1aaa6-a333-477e-8c63-815bef486b25,42697
18036c84-0da6-4c1e-9b11-126a55b485c7,db21b201-6b2e-4e52-ad8d-d44123fc5c63,155811
78699c1e-3234-4c39-a2d4-5e6e545dc68e,45e57df9-772b-40ca-aafc-898162c69844,286553
07f047c6-eec0-4f71-98d8-0b06fac54ea9,a730d385-0f71-42a3-8b8c-b4195bfa8f1f,106208
21140c1d-976c-4879-8bdc-a2a06014a372,8a5a20aa-c7aa-4e06-b3af-7285634af283,113929
6c6bed17-97db-4220-bcd7-9c74bb5c30a0,e7338740-b7ee-469c-9c74-bee7dd5f18d2,186093
fadaa8d2-d11e-48f4-b113-7ae97265e717,7e557ea8-c91d-46eb-8ca1-0358f43dcabe,56264
96e28973-b877-402f-b3ae-36ec55c8844e,98eab8e7-ae72-4457-9ea0-742b7ae8093d,486728
08610465-eb20-4cef-a770-ee3cd8e75508,a8a3a809-1348-41fe-b334-afa6e29e0493,193393
6c6bed17-97db-4220-bcd7-9c74bb5c30a0,e3dc7114-400f-4423-b05f-d6c737c28279,172420
5e62c6a4-2bb4-4e1c-8488-e10c7b1c3f63,1277cc00-3031-42e9-bb55-37ca86bbfb7c,192765
65d47575-b37f-4501-841e-142b28a09398,7cc6cfa4-c1e9-494a-986b-bbf607bc5550,153712
15ba1443-4cf1-4367-93b6-60fbb95a5b5e,853a8faf-f277-4783-a080-1a32165bdc6e,430987
180627e6-0c19-44ba-82b6-4ec97d3ad85d,25b1246f-0e37-44e9-a053-8fa48c7f8e1e,37747
b5c5b6ab-0337-4187-afc3-a1ec6230064f,d3f7b752-a107-4df3-9795-14db35826c73,194317
87fcf9bd-c496-499a-8ddd-b5f35af99931,22a5a25e-618e-456a-b80a-9cbef2c43460,110272
6c6bed17-97db-4220-bcd7-9c74bb5c30a0,7d7d78f3-acce-4f6a-9cea-2a3afcde3e8f,214254
9eddc067-b8c5-418d-8707-e41b27dafb46,b2063c94-d6ff-4b99-9b1a-191d9fc22602,30954
cb0c31f6-0fd6-46de-af02-5d25005aa5bb,b154fd49-3672-4066-8fe1-a9993e912518,163151
0a672532-6002-4b7d-bee3-274a62a9fb5a,5e62c6a4-2bb4-4e1c-8488-e10c7b1c3f63,195414
54835b8a-a27f-4145-a0f6-df40badc1d0e,b154fd49-3672-4066-8fe1-a9993e912518,62554
e121b8a7-f238-42b9-8457-181650d599f1,c855958a-64c0-4592-b32a-d7a4c8b2b733,7135
e121b8a7-f238-42b9-8457-181650d599f1,2130aa47-2aba-4a23-b3ca-a4360325ae32,9611
4d871fb3-f0e1-4dc9-8415-2546e8723250,0305e738-0366-4b59-9641-5036465d07cd,148576
3535f85d-9583-4470-ac4c-9afdc1038270,e413f084-e90e-424a-b205-f3dd75142edc,173079
58207bba-605a-4b23-98aa-9ac09a28437f,9303996d-4078-4c79-80db-6a3eaa36104a,16169
f5a4a30f-bf41-44c8-b3b3-283ffe260a60,45e57df9-772b-40ca-aafc-898162c69844,209614
c9fc8fa1-ca0e-4b1e-904c-80e5d80b2e39,9303996d-4078-4c79-80db-6a3eaa36104a,281944
b31626b2-19f3-473f-8056-240a12f26768,99d5f7aa-2bc3-4aab-be55-528b049579c6,249300
5065fc4a-0d76-4ae7-84f0-b17d57bc7ce8,e7338740-b7ee-469c-9c74-bee7dd5f18d2,277944
32fffa33-1cd7-46d6-8e2e-e98450886d01,78fd87d1-526d-4b18-8de8-c4c281977037,46324
c9fc8fa1-ca0e-4b1e-904c-80e5d80b2e39,14d26f53-dd5e-4cfa-aada-67c21bb5d939,160892
4b2c12b4-cdf9-4dc2-b23a-09610cc147eb,3535f85d-9583-4470-ac4c-9afdc1038270,586162
7fba12e8-f336-4a99-a479-dbcb1fc058b8,45e57df9-772b-40ca-aafc-898162c69844,390867
1a445f91-2ead-438a-9157-e2306187972a,6603d019-cf11-4464-af83-d73a6114d7d9,230397
853a8faf-f277-4783-a080-1a32165bdc6e,0532f619-2dfb-4ed2-8656-ce67a56128aa,297564
7d7d78f3-acce-4f6a-9cea-2a3afcde3e8f,18036c84-0da6-4c1e-9b11-126a55b485c7,6382
1dc801b8-53d9-46a5-85fd-164140883dd0,2993ded9-071e-45bc-9b13-accdf5d3ebec,161241
c9fc8fa1-ca0e-4b1e-904c-80e5d80b2e39,b55783b5-489c-4878-a0aa-c81825d0ae80,110406
54835b8a-a27f-4145-a0f6-df40badc1d0e,3b07c7ff-6fed-490a-a9e1-f5bafebc6f0b,108548
d9dbc87f-1fec-4d78-bf2b-ec41887dfd44,1db7abdf-2504-4e24-99b3-3dffe16ee8eb,114432
a9b5bf1c-cbe0-4d26-9be9-e219091870fb,5f9a0ffa-c748-4fbb-95a5-8eab94c05210,285289
27a6c30d-3dd4-430c-9b72-6a22b6bc28be,8a1eb4a2-9b78-44bf-bb1e-2556e0dab34c,278404
5065fc4a-0d76-4ae7-84f0-b17d57bc7ce8,4e6f9bb8-78a5-4e09-9673-cce1f5489a5b,285174
b2063c94-d6ff-4b99-9b1a-191d9fc22602,7d7d78f3-acce-4f6a-9cea-2a3afcde3e8f,326993
a8fe04d7-c6e9-4857-be39-37559d653f33,4d871fb3-f0e1-4dc9-8415-2546e8723250,82580
3535f85d-9583-4470-ac4c-9afdc1038270,a730d385-0f71-42a3-8b8c-b4195bfa8f1f,138704
1cf3a191-a526-4d97-a3d3-434d14f60ce3,64afb508-3fdb-4f14-a721-040f46ad6d54,118805
6e279e72-004f-470e-8bb4-0999c3fc6164,1ab2769c-a290-4b2f-9e27-da26985f69d8,283427
a90a0979-3d6a-4c77-b2ce-81ba1f5311a5,180627e6-0c19-44ba-82b6-4ec97d3ad85d,147859
07f047c6-eec0-4f71-98d8-0b06fac54ea9,e7338740-b7ee-469c-9c74-bee7dd5f18d2,143415
b154fd49-3672-4066-8fe1-a9993e912518,78699c1e-3234-4c39-a2d4-5e6e545dc68e,71337
b35a5f3e-d9e7-47bf-a5f8-e8abdc9166c0,1dc801b8-53d9-46a5-85fd-164140883dd0,28501
3fe4fa6b-719c-428e-ab19-ac1e5a83f0f1,0a672532-6002-4b7d-bee3-274a62a9fb5a,133275
78560cc8-0cca-433a-8291-89c80601bf63,25b1246f-0e37-44e9-a053-8fa48c7f8e1e,53176
0532f619-2dfb-4ed2-8656-ce67a56128aa,b5c5b6ab-0337-4187-afc3-a1ec6230064f,97420
7cc6cfa4-c1e9-494a-986b-bbf607bc5550,f38f3d11-ca55-4e14-9b7a-3c41774011e1,240480
7fba12e8-f336-4a99-a479-dbcb1fc058b8,4e6f9bb8-78a5-4e09-9673-cce1f5489a5b,97310
27a6c30d-3dd4-430c-9b72-6a22b6bc28be,5e62c6a4-2bb4-4e1c-8488-e10c7b1c3f63,390881
310f8c32-4e53-4985-bd1b-6da805a969db,2c754a65-ff58-47e6-85c1-78eb1aca2225,183735
b5dc2142-0bad-4987-be8e-d11f22d9ea51,0532f619-2dfb-4ed2-8656-ce67a56128aa,575078
9303996d-4078-4c79-80db-6a3eaa36104a,d1f46208-0958-4793-bf89-39afc8da5c85,361928
1ab2769c-a290-4b2f-9e27-da26985f69d8,2c9eb637-701c-47c0-86f9-52df6517d923,277504
b154fd49-3672-4066-8fe1-a9993e912518,b31626b2-19f3-473f-8056-240a12f26768,43123
a44a2fb9-565b-468e-a23d-5956fdd2e744,b5dc2142-0bad-4987-be8e-d11f22d9ea51,22025
dbc42853-f1be-402c-845f-6452bea1fcf0,b55783b5-489c-4878-a0aa-c81825d0ae80,217745
400beeb3-50ab-4b56-8775-3b2b07aedbc3,2130aa47-2aba-4a23-b3ca-a4360325ae32,140530
8536988f-ed41-448c-97ce-9555c75abfaa,04d0fe46-e270-4bf0-b721-ee363d6a6e2f,258777
b5c5b6ab-0337-4187-afc3-a1ec6230064f,3628d3b6-b07f-41cd-8c09-8c99afa414ba,132092
a8a3a809-1348-41fe-b334-afa6e29e0493,0305e738-0366-4b59-9641-5036465d07cd,385420
853a8faf-f277-4783-a080-1a32165bdc6e,10949264-8492-44d9-ba5c-65c4b7838df4,447813
9303996d-4078-4c79-80db-6a3eaa36104a,87d34d56-3bfc-4b8e-b3cf-5f8fc1df2732,538147
f52dd1ff-6bbf-4473-8f2f-718db4a10f87,a90a0979-3d6a-4c77-b2ce-81ba1f5311a5,129987
21140c1d-976c-4879-8bdc-a2a06014a372,119ea857-b60b-491c-8e01-ab437e50f26e,165587
cf8d0727-06ae-41b7-a2bf-c14ea6affcfa,7fba12e8-f336-4a99-a479-dbcb1fc058b8,108871
12ff259b-fcec-4111-8a3e-92f1b34ef005,45e57df9-772b-40ca-aafc-898162c69844,77732
b55783b5-489c-4878-a0aa-c81825d0ae80,3b07c7ff-6fed-490a-a9e1-f5bafebc6f0b,63164
b5dc2142-0bad-4987-be8e-d11f22d9ea51,45e57df9-772b-40ca-aafc-898162c69844,178144
4b3124e8-5fe8-4c26-8e72-8f6ba2766978,5f9a0ffa-c748-4fbb-95a5-8eab94c05210,234598
095d08c2-5199-4d31-a548-12b5955c61a1,10949264-8492-44d9-ba5c-65c4b7838df4,301922
245f557e-4c75-4015-b6b5-3a52111e716f,2c754a65-ff58-47e6-85c1-78eb1aca2225,170012
245f557e-4c75-4015-b6b5-3a52111e716f,5065fc4a-0d76-4ae7-84f0-b17d57bc7ce8,41287
01961663-3143-4f5c-92e7-965eec12a0f9,a44a2fb9-565b-468e-a23d-5956fdd2e744,249195
4d871fb3-f0e1-4dc9-8415-2546e8723250,45e57df9-772b-40ca-aafc-898162c69844,106344
99d5f7aa-2bc3-4aab-be55-528b049579c6,96e28973-b877-402f-b3ae-36ec55c8844e,477108
385ddbb9-9e74-4532-b04a-de4e304cf8a7,853a8faf-f277-4783-a080-1a32165bdc6e,100729
7cc6cfa4-c1e9-494a-986b-bbf607bc5550,cd4373fe-0091-4421-898d-1322bb7921e8,111612
8a1eb4a2-9b78-44bf-bb1e-2556e0dab34c,5e62c6a4-2bb4-4e1c-8488-e10c7b1c3f63,262648
f38f3d11-ca55-4e14-9b7a-3c41774011e1,e3dc7114-400f-4423-b05f-d6c737c28279,320489
ea73977d-dcbd-4fd4-81c2-5ac84fa64cac,4130354e-87e6-4255-9189-522263c3027f,50847
db21b201-6b2e-4e52-ad8d-d44123fc5c63,47cd9c20-4d9e-4b8a-813b-7cf5ccc918cd,75258
11e6699e-09c0-4e83-aa27-821896ae0c18,8a5a20aa-c7aa-4e06-b3af-7285634af283,35273
5065fc4a-0d76-4ae7-84f0-b17d57bc7ce8,d3f7b752-a107-4df3-9795-14db35826c73,300018
22a5a25e-618e-456a-b80a-9cbef2c43460,e121b8a7-f238-42b9-8457-181650d599f1,15855
21140c1d-976c-4879-8bdc-a2a06014a372,f5a4a30f-bf41-44c8-b3b3-283ffe260a60,192213
25cf4233-39d3-47dc-bf10-51d2687e74de,c63bfa5b-d5bb-461c-b9eb-e8744301a90e,58601
f5a4a30f-bf41-44c8-b3b3-283ffe260a60,385ddbb9-9e74-4532-b04a-de4e304cf8a7,309973
85b8f4a0-8132-49e1-8991-32d3b09d6b71,51d7b18f-7c8c-4230-a198-36ad0e73f79d,171139
ea73977d-dcbd-4fd4-81c2-5ac84fa64cac,b31626b2-19f3-473f-8056-240a12f26768,70857
29e9ab61-e061-4d94-8cd3-c99446d51c55,45e57df9-772b-40ca-aafc-898162c69844,408213
7d7d78f3-acce-4f6a-9cea-2a3afcde3e8f,2993ded9-071e-45bc-9b13-accdf5d3ebec,9740
394c6a7f-f4e5-40b8-bf5b-a953d624f184,f52dd1ff-6bbf-4473-8f2f-718db4a10f87,205604
87fcf9bd-c496-499a-8ddd-b5f35af99931,7d7c80c6-da3d-482a-87d2-4323b489f08b,45790
e413f084-e90e-424a-b205-f3dd75142edc,245f557e-4c75-4015-b6b5-3a52111e716f,20703
464300eb-3855-4132-b377-6fe93a794fee,0a672532-6002-4b7d-bee3-274a62a9fb5a,117013
db21b201-6b2e-4e52-ad8d-d44123fc5c63,b154fd49-3672-4066-8fe1-a9993e912518,62753
394c6a7f-f4e5-40b8-bf5b-a953d624f184,d7ea63f6-7280-453f-83c2-3f8ddc60ef79,107470
b391f9a6-4399-4069-9150-100fa9423b03,d7ea63f6-7280-453f-83c2-3f8ddc60ef79,489129
1cf3a191-a526-4d97-a3d3-434d14f60ce3,7cc6cfa4-c1e9-494a-986b-bbf607bc5550,405383
6e279e72-004f-470e-8bb4-0999c3fc6164,6603d019-cf11-4464-af83-d73a6114d7d9,187217
853a8faf-f277-4783-a080-1a32165bdc6e,78560cc8-0cca-433a-8291-89c80601bf63,520565
7d7c80c6-da3d-482a-87d2-4323b489f08b,e7338740-b7ee-469c-9c74-bee7dd5f18d2,25045
3fe4fa6b-719c-428e-ab19-ac1e5a83f0f1,6e279e72-004f-470e-8bb4-0999c3fc6164,69214
8a5a20aa-c7aa-4e06-b3af-7285634af283,60daa3ab-6065-4f2b-830b-86b36bb4afe8,9746
a43c454e-eaae-4ccf-ba48-24cf178c0031,4b2c12b4-cdf9-4dc2-b23a-09610cc147eb,6307
a9b5bf1c-cbe0-4d26-9be9-e219091870fb,25cf4233-39d3-47dc-bf10-51d2687e74de,217950
e7338740-b7ee-469c-9c74-bee7dd5f18d2,83ca04ab-5096-4031-b64a-163ca57dfb1b,244131
b391f9a6-4399-4069-9150-100fa9423b03,21140c1d-976c-4879-8bdc-a2a06014a372,132437
25cf4233-39d3-47dc-bf10-51d2687e74de,384df65c-8611-4041-99a2-9b5a19d87245,16739
12ff259b-fcec-4111-8a3e-92f1b34ef005,6c6bed17-97db-4220-bcd7-9c74bb5c30a0,275088
8536988f-ed41-448c-97ce-9555c75abfaa,c9fc8fa1-ca0e-4b1e-904c-80e5d80b2e39,128567
b391f9a6-4399-4069-9150-100fa9423b03,60daa3ab-6065-4f2b-830b-86b36bb4afe8,442691
d9dbc87f-1fec-4d78-bf2b-ec41887dfd44,27a6c30d-3dd4-430c-9b72-6a22b6bc28be,180117
a44a2fb9-565b-468e-a23d-5956fdd2e744,01961663-3143-4f5c-92e7-965eec12a0f9,31079
29e9ab61-e061-4d94-8cd3-c99446d51c55,b5c5b6ab-0337-4187-afc3-a1ec6230064f,430937
1ab2769c-a290-4b2f-9e27-da26985f69d8,cd0aac86-7ac4-4828-8feb-b4a36d4f517c,445923
5f9a0ffa-c748-4fbb-95a5-8eab94c05210,65d47575-b37f-4501-841e-142b28a09398,200860
9bb7ec36-dda1-4ff9-a738-6f7f2e9f7630,54d734a2-73fa-4c9d-8cf3-7a39eaef3b2d,98876
18036c84-0da6-4c1e-9b11-126a55b485c7,cf8d0727-06ae-41b7-a2bf-c14ea6affcfa,300791
a44a2fb9-565b-468e-a23d-5956fdd2e744,9bb7ec36-dda1-4ff9-a738-6f7f2e9f7630,27887
d59927c9-8f84-405f-b928-2ec21f8c6eb1,0a672532-6002-4b7d-bee3-274a62a9fb5a,67792
d1f46208-0958-4793-bf89-39afc8da5c85,15ba1443-4cf1-4367-93b6-60fbb95a5b5e,157094
3535f85d-9583-4470-ac4c-9afdc1038270,0a672532-6002-4b7d-bee3-274a62a9fb5a,168126
25cf4233-39d3-47dc-bf10-51d2687e74de,245f557e-4c75-4015-b6b5-3a52111e716f,23180
28be9ff8-6e8b-486b-bf5d-0d5f62c0c810,54d734a2-73fa-4c9d-8cf3-7a39eaef3b2d,193572
180627e6-0c19-44ba-82b6-4ec97d3ad85d,384df65c-8611-4041-99a2-9b5a19d87245,133576
6c6bed17-97db-4220-bcd7-9c74bb5c30a0,85b8f4a0-8132-49e1-8991-32d3b09d6b71,160008
29e9ab61-e061-4d94-8cd3-c99446d51c55,c9fc8fa1-ca0e-4b1e-904c-80e5d80b2e39,325421
f5a4a30f-bf41-44c8-b3b3-283ffe260a60,10949264-8492-44d9-ba5c-65c4b7838df4,261812
0305e738-0366-4b59-9641-5036465d07cd,0532f619-2dfb-4ed2-8656-ce67a56128aa,235719
a90a0979-3d6a-4c77-b2ce-81ba1f5311a5,78699c1e-3234-4c39-a2d4-5e6e545dc68e,41372
47cd9c20-4d9e-4b8a-813b-7cf5ccc918cd,7fba12e8-f336-4a99-a479-dbcb1fc058b8,74676
64afb508-3fdb-4f14-a721-040f46ad6d54,0305e738-0366-4b59-9641-5036465d07cd,320597
a9b5bf1c-cbe0-4d26-9be9-e219091870fb,28be9ff8-6e8b-486b-bf5d-0d5f62c0c810,126457
a44a2fb9-565b-468e-a23d-5956fdd2e744,5e62c6a4-2bb4-4e1c-8488-e10c7b1c3f63,81616
67a1a352-63c6-43f9-9d71-ce28a20ae21c,cb0c31f6-0fd6-46de-af02-5d25005aa5bb,34531
b391f9a6-4399-4069-9150-100fa9423b03,2daeec3a-f864-4eba-bdf5-03ccf9feb992,413121
68dd02c1-3e68-4d4d-8773-fe9569808537,b54ac68a-3eca-435c-8902-200a1a1b09ff,190417
1277cc00-3031-42e9-bb55-37ca86bbfb7c,83ca04ab-5096-4031-b64a-163ca57dfb1b,256830
51d7b18f-7c8c-4230-a198-36ad0e73f79d,65d47575-b37f-4501-841e-142b28a09398,315103
558c8707-3d8a-4375-8e7e-998395fb46e5,1ab2769c-a290-4b2f-9e27-da26985f69d8,82410
48ad0f18-b76e-4483-9afc-cd7e59be5f3a,87d34d56-3bfc-4b8e-b3cf-5f8fc1df2732,373172
3535f85d-9583-4470-ac4c-9afdc1038270,0a672532-6002-4b7d-bee3-274a62a9fb5a,63088
cd4373fe-0091-4421-898d-1322bb7921e8,04d0fe46-e270-4bf0-b721-ee363d6a6e2f,564374
095d08c2-5199-4d31-a548-12b5955c61a1,1dc801b8-53d9-46a5-85fd-164140883dd0,202104
2993ded9-071e-45bc-9b13-accdf5d3ebec,28be9ff8-6e8b-486b-bf5d-0d5f62c0c810,9419
f52dd1ff-6bbf-4473-8f2f-718db4a10f87,15ba1443-4cf1-4367-93b6-60fbb95a5b5e,252184
a90a0979-3d6a-4c77-b2ce-81ba1f5311a5,48ad0f18-b76e-4483-9afc-cd7e59be5f3a,130094
ea73977d-dcbd-4fd4-81c2-5ac84fa64cac,d1f46208-0958-4793-bf89-39afc8da5c85,117129
cf8d0727-06ae-41b7-a2bf-c14ea6affcfa,4b3124e8-5fe8-4c26-8e72-8f6ba2766978,97311
78fd87d1-526d-4b18-8de8-c4c281977037,8a5a20aa-c7aa-4e06-b3af-7285634af283,44535
6e279e72-004f-470e-8bb4-0999c3fc6164,1277cc00-3031-42e9-bb55-37ca86bbfb7c,205401
2c9eb637-701c-47c0-86f9-52df6517d923,1ab2769c-a290-4b2f-9e27-da26985f69d8,111081
ea73977d-dcbd-4fd4-81c2-5ac84fa64cac,1ab2769c-a290-4b2f-9e27-da26985f69d8,115240
54835b8a-a27f-4145-a0f6-df40badc1d0e,98eab8e7-ae72-4457-9ea0-742b7ae8093d,37945
51d7b18f-7c8c-4230-a198-36ad0e73f79d,78699c1e-3234-4c39-a2d4-5e6e545dc68e,167340
c9fc8fa1-ca0e-4b1e-904c-80e5d80b2e39,fadaa8d2-d11e-48f4-b113-7ae97265e717,174990
28be9ff8-6e8b-486b-bf5d-0d5f62c0c810,04d0fe46-e270-4bf0-b721-ee363d6a6e2f,279086
47cd9c20-4d9e-4b8a-813b-7cf5ccc918cd,15ba1443-4cf1-4367-93b6-60fbb95a5b5e,47253
b5c5b6ab-0337-4187-afc3-a1ec6230064f,245f557e-4c75-4015-b6b5-3a52111e716f,219280
29e9ab61-e061-4d94-8cd3-c99446d51c55,58207bba-605a-4b23-98aa-9ac09a28437f,209681
0a48b595-c065-4fc3-81fc-25305be2e919,15ba1443-4cf1-4367-93b6-60fbb95a5b5e,289681
65d47575-b37f-4501-841e-142b28a09398,0532f619-2dfb-4ed2-8656-ce67a56128aa,109313
8536988f-ed41-448c-97ce-9555c75abfaa,e413f084-e90e-424a-b205-f3dd75142edc,144601
e413f084-e90e-424a-b205-f3dd75142edc,98eab8e7-ae72-4457-9ea0-742b7ae8093d,19926
f38f3d11-ca55-4e14-9b7a-3c41774011e1,1277cc00-3031-42e9-bb55-37ca86bbfb7c,369664
06e59082-1be0-4c86-87a5-ccf1f9fea164,18036c84-0da6-4c1e-9b11-126a55b485c7,322166
2130aa47-2aba-4a23-b3ca-a4360325ae32,87fcf9bd-c496-499a-8ddd-b5f35af99931,251214
01961663-3143-4f5c-92e7-965eec12a0f9,3b07c7ff-6fed-490a-a9e1-f5bafebc6f0b,266684
b35a5f3e-d9e7-47bf-a5f8-e8abdc9166c0,29e9ab61-e061-4d94-8cd3-c99446d51c55,45933
4d871fb3-f0e1-4dc9-8415-2546e8723250,ea73977d-dcbd-4fd4-81c2-5ac84fa64cac,108544
b54ac68a-3eca-435c-8902-200a1a1b09ff,51d7b18f-7c8c-4230-a198-36ad0e73f79d,95642
96e28973-b877-402f-b3ae-36ec55c8844e,c855958a-64c0-4592-b32a-d7a4c8b2b733,250355
f5a4a30f-bf41-44c8-b3b3-283ffe260a60,180627e6-0c19-44ba-82b6-4ec97d3ad85d,84361
0a48b595-c065-4fc3-81fc-25305be2e919,7fba12e8-f336-4a99-a479-dbcb1fc058b8,119047
c855958a-64c0-4592-b32a-d7a4c8b2b733,2daeec3a-f864-4eba-bdf5-03ccf9feb992,169887
119ea857-b60b-491c-8e01-ab437e50f26e,68dd02c1-3e68-4d4d-8773-fe9569808537,187965
60daa3ab-6065-4f2b-830b-86b36bb4afe8,10949264-8492-44d9-ba5c-65c4b7838df4,119090
d3f7b752-a107-4df3-9795-14db35826c73,99d5f7aa-2bc3-4aab-be55-528b049579c6,436291
25cf4233-39d3-47dc-bf10-51d2687e74de,1ab2769c-a290-4b2f-9e27-da26985f69d8,35075
0a48b595-c065-4fc3-81fc-25305be2e919,22a5a25e-618e-456a-b80a-9cbef2c43460,140396
a9b5bf1c-cbe0-4d26-9be9-e219091870fb,9bb7ec36-dda1-4ff9-a738-6f7f2e9f7630,411819
47cd9c20-4d9e-4b8a-813b-7cf5ccc918cd,25cf4233-39d3-47dc-bf10-51d2687e74de,92514
7e557ea8-c91d-46eb-8ca1-0358f43dcabe,83ca04ab-5096-4031-b64a-163ca57dfb1b,253493
3fe4fa6b-719c-428e-ab19-ac1e5a83f0f1,5e62c6a4-2bb4-4e1c-8488-e10c7b1c3f63,73970
6603d019-cf11-4464-af83-d73a6114d7d9,b391f9a6-4399-4069-9150-100fa9423b03,11005
7d7d78f3-acce-4f6a-9cea-2a3afcde3e8f,7d7c80c6-da3d-482a-87d2-4323b489f08b,9685
cb0c31f6-0fd6-46de-af02-5d25005aa5bb,60daa3ab-6065-4f2b-830b-86b36bb4afe8,121041
839cc007-0190-43a3-a229-b97fe0fdddd1,4b2c12b4-cdf9-4dc2-b23a-09610cc147eb,38033
ea73977d-dcbd-4fd4-81c2-5ac84fa64cac,853a8faf-f277-4783-a080-1a32165bdc6e,33270
cd4373fe-0091-4421-898d-1322bb7921e8,e413f084-e90e-424a-b205-f3dd75142edc,547488
a43c454e-eaae-4ccf-ba48-24cf178c0031,4e6f9bb8-78a5-4e09-9673-cce1f5489a5b,1618
b5c5b6ab-0337-4187-afc3-a1ec6230064f,5065fc4a-0d76-4ae7-84f0-b17d57bc7ce8,167748
2daeec3a-f864-4eba-bdf5-03ccf9feb992,310f8c32-4e53-4985-bd1b-6da805a969db,173573
11e6699e-09c0-4e83-aa27-821896ae0c18,245f557e-4c75-4015-b6b5-3a52111e716f,99158
65d47575-b37f-4501-841e-142b28a09398,60daa3ab-6065-4f2b-830b-86b36bb4afe8,74020
4e6f9bb8-78a5-4e09-9673-cce1f5489a5b,2c9eb637-701c-47c0-86f9-52df6517d923,198737
96e28973-b877-402f-b3ae-36ec55c8844e,d3f7b752-a107-4df3-9795-14db35826c73,378863
c9fc8fa1-ca0e-4b1e-904c-80e5d80b2e39,e731b69c-eeaf-4cae-8db6-e0cb7a703579,134347
3535f85d-9583-4470-ac4c-9afdc1038270,7e557ea8-c91d-46eb-8ca1-0358f43dcabe,95583
310f8c32-4e53-4985-bd1b-6da805a969db,54d734a2-73fa-4c9d-8cf3-7a39eaef3b2d,59469
3535f85d-9583-4470-ac4c-9afdc1038270,a43c454e-eaae-4ccf-ba48-24cf178c0031,146186
11e6699e-09c0-4e83-aa27-821896ae0c18,4130354e-87e6-4255-9189-522263c3027f,25296
4b2c12b4-cdf9-4dc2-b23a-09610cc147eb,27a6c30d-3dd4-430c-9b72-6a22b6bc28be,548396
14d26f53-dd5e-4cfa-aada-67c21bb5d939,4d871fb3-f0e1-4dc9-8415-2546e8723250,158914
2daeec3a-f864-4eba-bdf5-03ccf9feb992,0e73205f-4f6a-4208-ad93-9e5206df13c7,164083
12ff259b-fcec-4111-8a3e-92f1b34ef005,27a6c30d-3dd4-430c-9b72-6a22b6bc28be,110554
7d7d78f3-acce-4f6a-9cea-2a3afcde3e8f,87fcf9bd-c496-499a-8ddd-b5f35af99931,2677
b31626b2-19f3-473f-8056-240a12f26768,06e59082-1be0-4c86-87a5-ccf1f9fea164,494533
8a1eb4a2-9b78-44bf-bb1e-2556e0dab34c,180627e6-0c19-44ba-82b6-4ec97d3ad85d,360741
4b2c12b4-cdf9-4dc2-b23a-09610cc147eb,5e62c6a4-2bb4-4e1c-8488-e10c7b1c3f63,178295
ea73977d-dcbd-4fd4-81c2-5ac84fa64cac,e313b334-d8e0-4f9d-a841-02495ccfd0d4,86317
64afb508-3fdb-4f14-a721-040f46ad6d54,45e57df9-772b-40ca-aafc-898162c69844,268969
180627e6-0c19-44ba-82b6-4ec97d3ad85d,07f047c6-eec0-4f71-98d8-0b06fac54ea9,100752
a8fe04d7-c6e9-4857-be39-37559d653f33,1277cc00-3031-42e9-bb55-37ca86bbfb7c,134426
6603d019-cf11-4464-af83-d73a6114d7d9,21140c1d-976c-4879-8bdc-a2a06014a372,15576
1a445f91-2ead-438a-9157-e2306187972a,b31626b2-19f3-473f-8056-240a12f26768,244039
c9fc8fa1-ca0e-4b1e-904c-80e5d80b2e39,21140c1d-976c-4879-8bdc-a2a06014a372,193139
5065fc4a-0d76-4ae7-84f0-b17d57bc7ce8,b31626b2-19f3-473f-8056-240a12f26768,58192
3b07c7ff-6fed-490a-a9e1-f5bafebc6f0b,a90a0979-3d6a-4c77-b2ce-81ba1f5311a5,159295
98eab8e7-ae72-4457-9ea0-742b7ae8093d,d9dbc87f-1fec-4d78-bf2b-ec41887dfd44,46278
d59927c9-8f84-405f-b928-2ec21f8c6eb1,7d7d78f3-acce-4f6a-9cea-2a3afcde3e8f,41744
b31626b2-19f3-473f-8056-240a12f26768,83ca04ab-5096-4031-b64a-163ca57dfb1b,144284
d9dbc87f-1fec-4d78-bf2b-ec41887dfd44,e313b334-d8e0-4f9d-a841-02495ccfd0d4,118299
7cc6cfa4-c1e9-494a-986b-bbf607bc5550,fadaa8d2-d11e-48f4-b113-7ae97265e717,258378
f38f3d11-ca55-4e14-9b7a-3c41774011e1,b2063c94-d6ff-4b99-9b1a-191d9fc22602,439926
9eddc067-b8c5-418d-8707-e41b27dafb46,b5dc2142-0bad-4987-be8e-d11f22d9ea51,20695
45e57df9-772b-40ca-aafc-898162c69844,0e73205f-4f6a-4208-ad93-9e5206df13c7,483792
7cc6cfa4-c1e9-494a-986b-bbf607bc5550,8a1eb4a2-9b78-44bf-bb1e-2556e0dab34c,377761
8c6f7203-3c40-4766-9212-79d89260e8e9,cd0aac86-7ac4-4828-8feb-b4a36d4f517c,108832
384df65c-8611-4041-99a2-9b5a19d87245,11e6699e-09c0-4e83-aa27-821896ae0c18,99068
98eab8e7-ae72-4457-9ea0-742b7ae8093d,180627e6-0c19-44ba-82b6-4ec97d3ad85d,43314
3b07c7ff-6fed-490a-a9e1-f5bafebc6f0b,32fffa33-1cd7-46d6-8e2e-e98450886d01,135426
d59927c9-8f84-405f-b928-2ec21f8c6eb1,c855958a-64c0-4592-b32a-d7a4c8b2b733,61743
78699c1e-3234-4c39-a2d4-5e6e545dc68e,54835b8a-a27f-4145-a0f6-df40badc1d0e,116638
4130354e-87e6-4255-9189-522263c3027f,0532f619-2dfb-4ed2-8656-ce67a56128aa,476956
8c6f7203-3c40-4766-9212-79d89260e8e9,f52dd1ff-6bbf-4473-8f2f-718db4a10f87,173758
853a8faf-f277-4783-a080-1a32165bdc6e,e413f084-e90e-424a-b205-f3dd75142edc,135916
db21b201-6b2e-4e52-ad8d-d44123fc5c63,15ba1443-4cf1-4367-93b6-60fbb95a5b5e,58233
0305e738-0366-4b59-9641-5036465d07cd,cd4373fe-0091-4421-898d-1322bb7921e8,112128
78fd87d1-526d-4b18-8de8-c4c281977037,e731b69c-eeaf-4cae-8db6-e0cb7a703579,28067
68dd02c1-3e68-4d4d-8773-fe9569808537,8536988f-ed41-448c-97ce-9555c75abfaa,262714
10949264-8492-44d9-ba5c-65c4b7838df4,400beeb3-50ab-4b56-8775-3b2b07aedbc3,330293
b391f9a6-4399-4069-9150-100fa9423b03,6e279e72-004f-470e-8bb4-0999c3fc6164,316199
e3dc7114-400f-4423-b05f-d6c737c28279,12ff259b-fcec-4111-8a3e-92f1b34ef005,318418
78fd87d1-526d-4b18-8de8-c4c281977037,5e62c6a4-2bb4-4e1c-8488-e10c7b1c3f63,45903
b5dc2142-0bad-4987-be8e-d11f22d9ea51,99d5f7aa-2bc3-4aab-be55-528b049579c6,117999
64afb508-3fdb-4f14-a721-040f46ad6d54,29e9ab61-e061-4d94-8cd3-c99446d51c55,283769
a8a3a809-1348-41fe-b334-afa6e29e0493,7fba12e8-f336-4a99-a479-dbcb1fc058b8,476560
64afb508-3fdb-4f14-a721-040f46ad6d54,9bb7ec36-dda1-4ff9-a738-6f7f2e9f7630,168702
7d7c80c6-da3d-482a-87d2-4323b489f08b,78fd87d1-526d-4b18-8de8-c4c281977037,33698
1cf3a191-a526-4d97-a3d3-434d14f60ce3,29e9ab61-e061-4d94-8cd3-c99446d51c55,390567
47cd9c20-4d9e-4b8a-813b-7cf5ccc918cd,b35a5f3e-d9e7-47bf-a5f8-e8abdc9166c0,65956
a8fe04d7-c6e9-4857-be39-37559d653f33,6c6bed17-97db-4220-bcd7-9c74bb5c30a0,31840
cb0c31f6-0fd6-46de-af02-5d25005aa5bb,5065fc4a-0d76-4ae7-84f0-b17d57bc7ce8,107282
98eab8e7-ae72-4457-9ea0-742b7ae8093d,5f9a0ffa-c748-4fbb-95a5-8eab94c05210,49659
2c9eb637-701c-47c0-86f9-52df6517d923,5f9a0ffa-c748-4fbb-95a5-8eab94c05210,179835
4130354e-87e6-4255-9189-522263c3027f,a9b5bf1c-cbe0-4d26-9be9-e219091870fb,327093
0532f619-2dfb-4ed2-8656-ce67a56128aa,b2063c94-d6ff-4b99-9b1a-191d9fc22602,35960
dbc42853-f1be-402c-845f-6452bea1fcf0,5f9a0ffa-c748-4fbb-95a5-8eab94c05210,555930
3b07c7ff-6fed-490a-a9e1-f5bafebc6f0b,b391f9a6-4399-4069-9150-100fa9423b03,320034
394c6a7f-f4e5-40b8-bf5b-a953d624f184,a44a2fb9-565b-468e-a23d-5956fdd2e744,244348
b35a5f3e-d9e7-47bf-a5f8-e8abdc9166c0,15ba1443-4cf1-4367-93b6-60fbb95a5b5e,135241
4b2c12b4-cdf9-4dc2-b23a-09610cc147eb,245f557e-4c75-4015-b6b5-3a52111e716f,465345
58207bba-605a-4b23-98aa-9ac09a28437f,d59927c9-8f84-405f-b928-2ec21f8c6eb1,15682
cf8d0727-06ae-41b7-a2bf-c14ea6affcfa,f52dd1ff-6bbf-4473-8f2f-718db4a10f87,60069
d7ea63f6-7280-453f-83c2-3f8ddc60ef79,180627e6-0c19-44ba-82b6-4ec97d3ad85d,291999
d9dbc87f-1fec-4d78-bf2b-ec41887dfd44,2993ded9-071e-45bc-9b13-accdf5d3ebec,89966
0a672532-6002-4b7d-bee3-274a62a9fb5a,119ea857-b60b-491c-8e01-ab437e50f26e,268459
245f557e-4c75-4015-b6b5-3a52111e716f,83ca04ab-5096-4031-b64a-163ca57dfb1b,128078
5e62c6a4-2bb4-4e1c-8488-e10c7b1c3f63,b31626b2-19f3-473f-8056-240a12f26768,113707
29e9ab61-e061-4d94-8cd3-c99446d51c55,5f9a0ffa-c748-4fbb-95a5-8eab94c05210,263520
5f9a0ffa-c748-4fbb-95a5-8eab94c05210,e3dc7114-400f-4423-b05f-d6c737c28279,159410
06e59082-1be0-4c86-87a5-ccf1f9fea164,a8fe04d7-c6e9-4857-be39-37559d653f33,416865
99d5f7aa-2bc3-4aab-be55-528b049579c6,2c9eb637-701c-47c0-86f9-52df6517d923,419563
87fcf9bd-c496-499a-8ddd-b5f35af99931,78560cc8-0cca-433a-8291-89c80601bf63,70752
5d4da318-295f-43fd-b303-bbd5fc786145,e7338740-b7ee-469c-9c74-bee7dd5f18d2,131712
3628d3b6-b07f-41cd-8c09-8c99afa414ba,4130354e-87e6-4255-9189-522263c3027f,295981
384df65c-8611-4041-99a2-9b5a19d87245,c9fc8fa1-ca0e-4b1e-904c-80e5d80b2e39,121388
b31626b2-19f3-473f-8056-240a12f26768,e7338740-b7ee-469c-9c74-bee7dd5f18d2,245941
25b1246f-0e37-44e9-a053-8fa48c7f8e1e,a730d385-0f71-42a3-8b8c-b4195bfa8f1f,97357
15ba1443-4cf1-4367-93b6-60fbb95a5b5e,8a1eb4a2-9b78-44bf-bb1e-2556e0dab34c,181349
e313b334-d8e0-4f9d-a841-02495ccfd0d4,853a8faf-f277-4783-a080-1a32165bdc6e,264675
5f9a0ffa-c748-4fbb-95a5-8eab94c05210,e121b8a7-f238-42b9-8457-181650d599f1,120646
7d7c80c6-da3d-482a-87d2-4323b489f08b,1dc801b8-53d9-46a5-85fd-164140883dd0,29735
1dc801b8-53d9-46a5-85fd-164140883dd0,d3f7b752-a107-4df3-9795-14db35826c73,186594
04d0fe46-e270-4bf0-b721-ee363d6a6e2f,9eddc067-b8c5-418d-8707-e41b27dafb46,233249
a9b5bf1c-cbe0-4d26-9be9-e219091870fb,6603d019-cf11-4464-af83-d73a6114d7d9,325917
78fd87d1-526d-4b18-8de8-c4c281977037,83ca04ab-5096-4031-b64a-163ca57dfb1b,38760
d3f7b752-a107-4df3-9795-14db35826c73,400beeb3-50ab-4b56-8775-3b2b07aedbc3,552944
1ab2769c-a290-4b2f-9e27-da26985f69d8,4d871fb3-f0e1-4dc9-8415-2546e8723250,205622
d3f7b752-a107-4df3-9795-14db35826c73,8a5a20aa-c7aa-4e06-b3af-7285634af283,481712
7fba12e8-f336-4a99-a479-dbcb1fc058b8,01961663-3143-4f5c-92e7-965eec12a0f9,121675
48ad0f18-b76e-4483-9afc-cd7e59be5f3a,cf8d0727-06ae-41b7-a2bf-c14ea6affcfa,86166
c9fc8fa1-ca0e-4b1e-904c-80e5d80b2e39,c63bfa5b-d5bb-461c-b9eb-e8744301a90e,77290
310f8c32-4e53-4985-bd1b-6da805a969db,385ddbb9-9e74-4532-b04a-de4e304cf8a7,71206
853a8faf-f277-4783-a080-1a32165bdc6e,4e6f9bb8-78a5-4e09-9673-cce1f5489a5b,225705
2993ded9-071e-45bc-9b13-accdf5d3ebec,d1f46208-0958-4793-bf89-39afc8da5c85,1684
51d7b18f-7c8c-4230-a198-36ad0e73f79d,b391f9a6-4399-4069-9150-100fa9423b03,130688
1dc801b8-53d9-46a5-85fd-164140883dd0,1a445f91-2ead-438a-9157-e2306187972a,171691
9bb7ec36-dda1-4ff9-a738-6f7f2e9f7630,1ab2769c-a290-4b2f-9e27-da26985f69d8,110861
d1f46208-0958-4793-bf89-39afc8da5c85,01961663-3143-4f5c-92e7-965eec12a0f9,89628
245f557e-4c75-4015-b6b5-3a52111e716f,99d5f7aa-2bc3-4aab-be55-528b049579c6,185666
10949264-8492-44d9-ba5c-65c4b7838df4,25cf4233-39d3-47dc-bf10-51d2687e74de,211951
65d47575-b37f-4501-841e-142b28a09398,d7ea63f6-7280-453f-83c2-3f8ddc60ef79,47644
180627e6-0c19-44ba-82b6-4ec97d3ad85d,99d5f7aa-2bc3-4aab-be55-528b049579c6,134700
ea73977d-dcbd-4fd4-81c2-5ac84fa64cac,68dd02c1-3e68-4d4d-8773-fe9569808537,83736
6e279e72-004f-470e-8bb4-0999c3fc6164,04d0fe46-e270-4bf0-b721-ee363d6a6e2f,270092
a43c454e-eaae-4ccf-ba48-24cf178c0031,1dc801b8-53d9-46a5-85fd-164140883dd0,3921
b55783b5-489c-4878-a0aa-c81825d0ae80,0532f619-2dfb-4ed2-8656-ce67a56128aa,113245
65d47575-b37f-4501-841e-142b28a09398,6e279e72-004f-470e-8bb4-0999c3fc6164,89168
b54ac68a-3eca-435c-8902-200a1a1b09ff,0532f619-2dfb-4ed2-8656-ce67a56128aa,307162
8536988f-ed41-448c-97ce-9555c75abfaa,48ad0f18-b76e-4483-9afc-cd7e59be5f3a,47321
12ff259b-fcec-4111-8a3e-92f1b34ef005,14d26f53-dd5e-4cfa-aada-67c21bb5d939,141822
0532f619-2dfb-4ed2-8656-ce67a56128aa,7cc6cfa4-c1e9-494a-986b-bbf607bc5550,57117
400beeb3-50ab-4b56-8775-3b2b07aedbc3,85b8f4a0-8132-49e1-8991-32d3b09d6b71,141238
11e6699e-09c0-4e83-aa27-821896ae0c18,d1f46208-0958-4793-bf89-39afc8da5c85,39081
a43c454e-eaae-4ccf-ba48-24cf178c0031,d1f46208-0958-4793-bf89-39afc8da5c85,2641
d7ea63f6-7280-453f-83c2-3f8ddc60ef79,65d47575-b37f-4501-841e-142b28a09398,237972
9bb7ec36-dda1-4ff9-a738-6f7f2e9f7630,2c754a65-ff58-47e6-85c1-78eb1aca2225,156086
a8a3a809-1348-41fe-b334-afa6e29e0493,a44a2fb9-565b-468e-a23d-5956fdd2e744,283667
6603d019-cf11-4464-af83-d73a6114d7d9,18036c84-0da6-4c1e-9b11-126a55b485c7,22473
245f557e-4c75-4015-b6b5-3a52111e716f,06e59082-1be0-4c86-87a5-ccf1f9fea164,161285
119ea857-b60b-491c-8e01-ab437e50f26e,c63bfa5b-d5bb-461c-b9eb-e8744301a90e,192836
1ab2769c-a290-4b2f-9e27-da26985f69d8,d7ea63f6-7280-453f-83c2-3f8ddc60ef79,489163
5f9a0ffa-c748-4fbb-95a5-8eab94c05210,853a8faf-f277-4783-a080-1a32165bdc6e,156564
68dd02c1-3e68-4d4d-8773-fe9569808537,2daeec3a-f864-4eba-bdf5-03ccf9feb992,97409
ea73977d-dcbd-4fd4-81c2-5ac84fa64cac,07f047c6-eec0-4f71-98d8-0b06fac54ea9,109208
85b8f4a0-8132-49e1-8991-32d3b09d6b71,c63bfa5b-d5bb-461c-b9eb-e8744301a90e,236612
1277cc00-3031-42e9-bb55-37ca86bbfb7c,28be9ff8-6e8b-486b-bf5d-0d5f62c0c810,257782
18036c84-0da6-4c1e-9b11-126a55b485c7,9303996d-4078-4c79-80db-6a3eaa36104a,204617
48ad0f18-b76e-4483-9afc-cd7e59be5f3a,27a6c30d-3dd4-430c-9b72-6a22b6bc28be,312389
e7338740-b7ee-469c-9c74-bee7dd5f18d2,394c6a7f-f4e5-40b8-bf5b-a953d624f184,366388
c9fc8fa1-ca0e-4b1e-904c-80e5d80b2e39,8a5a20aa-c7aa-4e06-b3af-7285634af283,93830
78699c1e-3234-4c39-a2d4-5e6e545dc68e,e121b8a7-f238-42b9-8457-181650d599f1,237705
fadaa8d2-d11e-48f4-b113-7ae97265e717,64afb508-3fdb-4f14-a721-040f46ad6d54,72406
b154fd49-3672-4066-8fe1-a9993e912518,759c268e-84f7-4975-a0d9-19b2cd8f0dde,25159
9bb7ec36-dda1-4ff9-a738-6f7f2e9f7630,5f9a0ffa-c748-4fbb-95a5-8eab94c05210,198562
68dd02c1-3e68-4d4d-8773-fe9569808537,67a1a352-63c6-43f9-9d71-ce28a20ae21c,476070
4b3124e8-5fe8-4c26-8e72-8f6ba2766978,e121b8a7-f238-42b9-8457-181650d599f1,404379
0a48b595-c065-4fc3-81fc-25305be2e919,07f047c6-eec0-4f71-98d8-0b06fac54ea9,395820
28be9ff8-6e8b-486b-bf5d-0d5f62c0c810,b2063c94-d6ff-4b99-9b1a-191d9fc22602,198764
27a6c30d-3dd4-430c-9b72-6a22b6bc28be,4e6f9bb8-78a5-4e09-9673-cce1f5489a5b,84636
b54ac68a-3eca-435c-8902-200a1a1b09ff,0305e738-0366-4b59-9641-5036465d07cd,119125
87d34d56-3bfc-4b8e-b3cf-5f8fc1df2732,a43c454e-eaae-4ccf-ba48-24cf178c0031,96594
25cf4233-39d3-47dc-bf10-51d2687e74de,78560cc8-0cca-433a-8291-89c80601bf63,38771
119ea857-b60b-491c-8e01-ab437e50f26e,2c754a65-ff58-47e6-85c1-78eb1aca2225,306034
9303996d-4078-4c79-80db-6a3eaa36104a,4b3124e8-5fe8-4c26-8e72-8f6ba2766978,554988
15ba1443-4cf1-4367-93b6-60fbb95a5b5e,9303996d-4078-4c79-80db-6a3eaa36104a,140835
87d34d56-3bfc-4b8e-b3cf-5f8fc1df2732,9eddc067-b8c5-418d-8707-e41b27dafb46,289333
68dd02c1-3e68-4d4d-8773-fe9569808537,310f8c32-4e53-4985-bd1b-6da805a969db,513921
db21b201-6b2e-4e52-ad8d-d44123fc5c63,b5dc2142-0bad-4987-be8e-d11f22d9ea51,151457
83ca04ab-5096-4031-b64a-163ca57dfb1b,48ad0f18-b76e-4483-9afc-cd7e59be5f3a,155444
2130aa47-2aba-4a23-b3ca-a4360325ae32,21140c1d-976c-4879-8bdc-a2a06014a372,88053
400beeb3-50ab-4b56-8775-3b2b07aedbc3,3fe4fa6b-719c-428e-ab19-ac1e5a83f0f1,128150
839cc007-0190-43a3-a229-b97fe0fdddd1,25b1246f-0e37-44e9-a053-8fa48c7f8e1e,23348
e7338740-b7ee-469c-9c74-bee7dd5f18d2,78fd87d1-526d-4b18-8de8-c4c281977037,108354
27a6c30d-3dd4-430c-9b72-6a22b6bc28be,45e57df9-772b-40ca-aafc-898162c69844,110176
839cc007-0190-43a3-a229-b97fe0fdddd1,54d734a2-73fa-4c9d-8cf3-7a39eaef3b2d,32570
b391f9a6-4399-4069-9150-100fa9423b03,245f557e-4c75-4015-b6b5-3a52111e716f,365105
3fe4fa6b-719c-428e-ab19-ac1e5a83f0f1,cce1aaa6-a333-477e-8c63-815bef486b25,111591
1db7abdf-2504-4e24-99b3-3dffe16ee8eb,a8a3a809-1348-41fe-b334-afa6e29e0493,356429
0305e738-0366-4b59-9641-5036465d07cd,cf8d0727-06ae-41b7-a2bf-c14ea6affcfa,128550
a8fe04d7-c6e9-4857-be39-37559d653f33,839cc007-0190-43a3-a229-b97fe0fdddd1,37869
87d34d56-3bfc-4b8e-b3cf-5f8fc1df2732,28be9ff8-6e8b-486b-bf5d-0d5f62c0c810,289651
27a6c30d-3dd4-430c-9b72-6a22b6bc28be,1277cc00-3031-42e9-bb55-37ca86bbfb7c,439940
cd4373fe-0091-4421-898d-1322bb7921e8,3628d3b6-b07f-41cd-8c09-8c99afa414ba,271605
6e279e72-004f-470e-8bb4-0999c3fc6164,96e28973-b877-402f-b3ae-36ec55c8844e,304416
60daa3ab-6065-4f2b-830b-86b36bb4afe8,310f8c32-4e53-4985-bd1b-6da805a969db,299631
7d7c80c6-da3d-482a-87d2-4323b489f08b,b391f9a6-4399-4069-9150-100fa9423b03,11480
64afb508-3fdb-4f14-a721-040f46ad6d54,a43c454e-eaae-4ccf-ba48-24cf178c0031,211576
e413f084-e90e-424a-b205-f3dd75142edc,48ad0f18-b76e-4483-9afc-cd7e59be5f3a,15631
96e28973-b877-402f-b3ae-36ec55c8844e,d1f46208-0958-4793-bf89-39afc8da5c85,358701
f52dd1ff-6bbf-4473-8f2f-718db4a10f87,3b07c7ff-6fed-490a-a9e1-f5bafebc6f0b,465744
07f047c6-eec0-4f71-98d8-0b06fac54ea9,21140c1d-976c-4879-8bdc-a2a06014a372,158795
b35a5f3e-d9e7-47bf-a5f8-e8abdc9166c0,8536988f-ed41-448c-97ce-9555c75abfaa,84467
1db7abdf-2504-4e24-99b3-3dffe16ee8eb,06e59082-1be0-4c86-87a5-ccf1f9fea164,139850
0305e738-0366-4b59-9641-5036465d07cd,310f8c32-4e53-4985-bd1b-6da805a969db,133331
db21b201-6b2e-4e52-ad8d-d44123fc5c63,b5dc2142-0bad-4987-be8e-d11f22d9ea51,98941
98eab8e7-ae72-4457-9ea0-742b7ae8093d,b5c5b6ab-0337-4187-afc3-a1ec6230064f,33620
d59927c9-8f84-405f-b928-2ec21f8c6eb1,8a1eb4a2-9b78-44bf-bb1e-2556e0dab34c,111585
384df65c-8611-4041-99a2-9b5a19d87245,8c6f7203-3c40-4766-9212-79d89260e8e9,181005
78560cc8-0cca-433a-8291-89c80601bf63,9303996d-4078-4c79-80db-6a3eaa36104a,50446
400beeb3-50ab-4b56-8775-3b2b07aedbc3,99d5f7aa-2bc3-4aab-be55-528b049579c6,177299
180627e6-0c19-44ba-82b6-4ec97d3ad85d,c855958a-64c0-4592-b32a-d7a4c8b2b733,114925
4d871fb3-f0e1-4dc9-8415-2546e8723250,25cf4233-39d3-47dc-bf10-51d2687e74de,279362
45e57df9-772b-40ca-aafc-898162c69844,b391f9a6-4399-4069-9150-100fa9423b03,477835
180627e6-0c19-44ba-82b6-4ec97d3ad85d,8c6f7203-3c40-4766-9212-79d89260e8e9,108655
8536988f-ed41-448c-97ce-9555c75abfaa,1a445f91-2ead-438a-9157-e2306187972a,52664
1a445f91-2ead-438a-9157-e2306187972a,a43c454e-eaae-4ccf-ba48-24cf178c0031,323754
0e73205f-4f6a-4208-ad93-9e5206df13c7,a8fe04d7-c6e9-4857-be39-37559d653f33,405136
85b8f4a0-8132-49e1-8991-32d3b09d6b71,78fd87d1-526d-4b18-8de8-c4c281977037,90261
d1f46208-0958-4793-bf89-39afc8da5c85,83ca04ab-5096-4031-b64a-163ca57dfb1b,187444
99d5f7aa-2bc3-4aab-be55-528b049579c6,cf8d0727-06ae-41b7-a2bf-c14ea6affcfa,113270
245f557e-4c75-4015-b6b5-3a52111e716f,18036c84-0da6-4c1e-9b11-126a55b485c7,194490
98eab8e7-ae72-4457-9ea0-742b7ae8093d,87d34d56-3bfc-4b8e-b3cf-5f8fc1df2732,83659
095d08c2-5199-4d31-a548-12b5955c61a1,1db7abdf-2504-4e24-99b3-3dffe16ee8eb,107777
15ba1443-4cf1-4367-93b6-60fbb95a5b5e,d1f46208-0958-4793-bf89-39afc8da5c85,409691
1a445f91-2ead-438a-9157-e2306187972a,04d0fe46-e270-4bf0-b721-ee363d6a6e2f,497814
b55783b5-489c-4878-a0aa-c81825d0ae80,fadaa8d2-d11e-48f4-b113-7ae97265e717,136366
4e6f9bb8-78a5-4e09-9673-cce1f5489a5b,87d34d56-3bfc-4b8e-b3cf-5f8fc1df2732,84003
385ddbb9-9e74-4532-b04a-de4e304cf8a7,b55783b5-489c-4878-a0aa-c81825d0ae80,59004
2130aa47-2aba-4a23-b3ca-a4360325ae32,0e73205f-4f6a-4208-ad93-9e5206df13c7,307743
c9fc8fa1-ca0e-4b1e-904c-80e5d80b2e39,58207bba-605a-4b23-98aa-9ac09a28437f,150020
5065fc4a-0d76-4ae7-84f0-b17d57bc7ce8,7fba12e8-f336-4a99-a479-dbcb1fc058b8,73471
78560cc8-0cca-433a-8291-89c80601bf63,e7338740-b7ee-469c-9c74-bee7dd5f18d2,22924
245f557e-4c75-4015-b6b5-3a52111e716f,99d5f7aa-2bc3-4aab-be55-528b049579c6,174366
0a48b595-c065-4fc3-81fc-25305be2e919,384df65c-8611-4041-99a2-9b5a19d87245,153682
853a8faf-f277-4783-a080-1a32165bdc6e,0532f619-2dfb-4ed2-8656-ce67a56128aa,219581
245f557e-4c75-4015-b6b5-3a52111e716f,e3dc7114-400f-4423-b05f-d6c737c28279,112377
384df65c-8611-4041-99a2-9b5a19d87245,10949264-8492-44d9-ba5c-65c4b7838df4,206393
1ab2769c-a290-4b2f-9e27-da26985f69d8,e3dc7114-400f-4423-b05f-d6c737c28279,296330
78fd87d1-526d-4b18-8de8-c4c281977037,68dd02c1-3e68-4d4d-8773-fe9569808537,44184
cb0c31f6-0fd6-46de-af02-5d25005aa5bb,67a1a352-63c6-43f9-9d71-ce28a20ae21c,144848
a9b5bf1c-cbe0-4d26-9be9-e219091870fb,60daa3ab-6065-4f2b-830b-86b36bb4afe8,214093
47cd9c20-4d9e-4b8a-813b-7cf5ccc918cd,6c6bed17-97db-4220-bcd7-9c74bb5c30a0,69592
01961663-3143-4f5c-92e7-965eec12a0f9,180627e6-0c19-44ba-82b6-4ec97d3ad85d,260805
8536988f-ed41-448c-97ce-9555c75abfaa,21140c1d-976c-4879-8bdc-a2a06014a372,114145
cd0aac86-7ac4-4828-8feb-b4a36d4f517c,3fe4fa6b-719c-428e-ab19-ac1e5a83f0f1,114339
6e279e72-004f-470e-8bb4-0999c3fc6164,cce1aaa6-a333-477e-8c63-815bef486b25,77585
cd0aac86-7ac4-4828-8feb-b4a36d4f517c,2130aa47-2aba-4a23-b3ca-a4360325ae32,365821
7d7c80c6-da3d-482a-87d2-4323b489f08b,a44a2fb9-565b-468e-a23d-5956fdd2e744,12117
db21b201-6b2e-4e52-ad8d-d44123fc5c63,0a672532-6002-4b7d-bee3-274a62a9fb5a,111373
5065fc4a-0d76-4ae7-84f0-b17d57bc7ce8,8536988f-ed41-448c-97ce-9555c75abfaa,171516
464300eb-3855-4132-b377-6fe93a794fee,b54ac68a-3eca-435c-8902-200a1a1b09ff,82515
8a1eb4a2-9b78-44bf-bb1e-2556e0dab34c,51d7b18f-7c8c-4230-a198-36ad0e73f79d,196330
4b3124e8-5fe8-4c26-8e72-8f6ba2766978,b391f9a6-4399-4069-9150-100fa9423b03,130070
e7338740-b7ee-469c-9c74-bee7dd5f18d2,b5c5b6ab-0337-4187-afc3-a1ec6230064f,162771
0a48b595-c065-4fc3-81fc-25305be2e919,8a5a20aa-c7aa-4e06-b3af-7285634af283,219950
839cc007-0190-43a3-a229-b97fe0fdddd1,47cd9c20-4d9e-4b8a-813b-7cf5ccc918cd,23234
8a5a20aa-c7aa-4e06-b3af-7285634af283,08610465-eb20-4cef-a770-ee3cd8e75508,8022
b55783b5-489c-4878-a0aa-c81825d0ae80,9303996d-4078-4c79-80db-6a3eaa36104a,28757
b391f9a6-4399-4069-9150-100fa9423b03,99d5f7aa-2bc3-4aab-be55-528b049579c6,119592
7e557ea8-c91d-46eb-8ca1-0358f43dcabe,3535f85d-9583-4470-ac4c-9afdc1038270,114852
68dd02c1-3e68-4d4d-8773-fe9569808537,9303996d-4078-4c79-80db-6a3eaa36104a,165568
87d34d56-3bfc-4b8e-b3cf-5f8fc1df2732,67a1a352-63c6-43f9-9d71-ce28a20ae21c,248621
b391f9a6-4399-4069-9150-100fa9423b03,b154fd49-3672-4066-8fe1-a9993e912518,391698
a43c454e-eaae-4ccf-ba48-24cf178c0031,394c6a7f-f4e5-40b8-bf5b-a953d624f184,3456
1a445f91-2ead-438a-9157-e2306187972a,54d734a2-73fa-4c9d-8cf3-7a39eaef3b2d,399181
d1f46208-0958-4793-bf89-39afc8da5c85,d7ea63f6-7280-453f-83c2-3f8ddc60ef79,146120
78fd87d1-526d-4b18-8de8-c4c281977037,d59927c9-8f84-405f-b928-2ec21f8c6eb1,22953
d7ea63f6-7280-453f-83c2-3f8ddc60ef79,b2063c94-d6ff-4b99-9b1a-191d9fc22602,174996
b2063c94-d6ff-4b99-9b1a-191d9fc22602,c9fc8fa1-ca0e-4b1e-904c-80e5d80b2e39,229373
a90a0979-3d6a-4c77-b2ce-81ba1f5311a5,48ad0f18-b76e-4483-9afc-cd7e59be5f3a,91640
78699c1e-3234-4c39-a2d4-5e6e545dc68e,7cc6cfa4-c1e9-494a-986b-bbf607bc5550,133236
f5a4a30f-bf41-44c8-b3b3-283ffe260a60,b2063c94-d6ff-4b99-9b1a-191d9fc22602,152899
cb0c31f6-0fd6-46de-af02-5d25005aa5bb,85b8f4a0-8132-49e1-8991-32d3b09d6b71,165933
48ad0f18-b76e-4483-9afc-cd7e59be5f3a,14d26f53-dd5e-4cfa-aada-67c21bb5d939,166761
1cf3a191-a526-4d97-a3d3-434d14f60ce3,0a48b595-c065-4fc3-81fc-25305be2e919,198445
87d34d56-3bfc-4b8e-b3cf-5f8fc1df2732,6603d019-cf11-4464-af83-d73a6114d7d9,257238
d3f7b752-a107-4df3-9795-14db35826c73,64afb508-3fdb-4f14-a721-040f46ad6d54,212693
8a5a20aa-c7aa-4e06-b3af-7285634af283,b5c5b6ab-0337-4187-afc3-a1ec6230064f,4069
245f557e-4c75-4015-b6b5-3a52111e716f,6e279e72-004f-470e-8bb4-0999c3fc6164,165797
b35a5f3e-d9e7-47bf-a5f8-e8abdc9166c0,1dc801b8-53d9-46a5-85fd-164140883dd0,109758
310f8c32-4e53-4985-bd1b-6da805a969db,64afb508-3fdb-4f14-a721-040f46ad6d54,127322
e313b334-d8e0-4f9d-a841-02495ccfd0d4,65d47575-b37f-4501-841e-142b28a09398,398330
e731b69c-eeaf-4cae-8db6-e0cb7a703579,60daa3ab-6065-4f2b-830b-86b36bb4afe8,70150
7cc6cfa4-c1e9-494a-986b-bbf607bc5550,1277cc00-3031-42e9-bb55-37ca86bbfb7c,428387
0a48b595-c065-4fc3-81fc-25305be2e919,e413f084-e90e-424a-b205-f3dd75142edc,101120
29e9ab61-e061-4d94-8cd3-c99446d51c55,a8a3a809-1348-41fe-b334-afa6e29e0493,341493
3628d3b6-b07f-41cd-8c09-8c99afa414ba,f52dd1ff-6bbf-4473-8f2f-718db4a10f87,248359
2130aa47-2aba-4a23-b3ca-a4360325ae32,8536988f-ed41-448c-97ce-9555c75abfaa,120358
45e57df9-772b-40ca-aafc-898162c69844,47cd9c20-4d9e-4b8a-813b-7cf5ccc918cd,321230
06e59082-1be0-4c86-87a5-ccf1f9fea164,9303996d-4078-4c79-80db-6a3eaa36104a,86439
54d734a2-73fa-4c9d-8cf3-7a39eaef3b2d,5f9a0ffa-c748-4fbb-95a5-8eab94c05210,50278
54835b8a-a27f-4145-a0f6-df40badc1d0e,83ca04ab-5096-4031-b64a-163ca57dfb1b,109117
0305e738-0366-4b59-9641-5036465d07cd,e3dc7114-400f-4423-b05f-d6c737c28279,164803
01961663-3143-4f5c-92e7-965eec12a0f9,07f047c6-eec0-4f71-98d8-0b06fac54ea9,73964
54d734a2-73fa-4c9d-8cf3-7a39eaef3b2d,095d08c2-5199-4d31-a548-12b5955c61a1,50150
180627e6-0c19-44ba-82b6-4ec97d3ad85d,a43c454e-eaae-4ccf-ba48-24cf178c0031,190124
21140c1d-976c-4879-8bdc-a2a06014a372,9bb7ec36-dda1-4ff9-a738-6f7f2e9f7630,219755
4e6f9bb8-78a5-4e09-9673-cce1f5489a5b,cd0aac86-7ac4-4828-8feb-b4a36d4f517c,208627
32fffa33-1cd7-46d6-8e2e-e98450886d01,a730d385-0f71-42a3-8b8c-b4195bfa8f1f,35767
21140c1d-976c-4879-8bdc-a2a06014a372,3628d3b6-b07f-41cd-8c09-8c99afa414ba,158191
e3dc7114-400f-4423-b05f-d6c737c28279,0e73205f-4f6a-4208-ad93-9e5206df13c7,221214
25cf4233-39d3-47dc-bf10-51d2687e74de,0305e738-0366-4b59-9641-5036465d07cd,49152
5e62c6a4-2bb4-4e1c-8488-e10c7b1c3f63,2daeec3a-f864-4eba-bdf5-03ccf9feb992,101516
9303996d-4078-4c79-80db-6a3eaa36104a,2130aa47-2aba-4a23-b3ca-a4360325ae32,550164
5065fc4a-0d76-4ae7-84f0-b17d57bc7ce8,853a8faf-f277-4783-a080-1a32165bdc6e,295632
25b1246f-0e37-44e9-a053-8fa48c7f8e1e,07f047c6-eec0-4f71-98d8-0b06fac54ea9,195859
b5c5b6ab-0337-4187-afc3-a1ec6230064f,400beeb3-50ab-4b56-8775-3b2b07aedbc3,207577
48ad0f18-b76e-4483-9afc-cd7e59be5f3a,64afb508-3fdb-4f14-a721-040f46ad6d54,349671
0a48b595-c065-4fc3-81fc-25305be2e919,2c9eb637-701c-47c0-86f9-52df6517d923,429325
8a1eb4a2-9b78-44bf-bb1e-2556e0dab34c,22a5a25e-618e-456a-b80a-9cbef2c43460,211433
51d7b18f-7c8c-4230-a198-36ad0e73f79d,9bb7ec36-dda1-4ff9-a738-6f7f2e9f7630,472790
25b1246f-0e37-44e9-a053-8fa48c7f8e1e,c9fc8fa1-ca0e-4b1e-904c-80e5d80b2e39,149553
a730d385-0f71-42a3-8b8c-b4195bfa8f1f,07f047c6-eec0-4f71-98d8-0b06fac54ea9,328729
b55783b5-489c-4878-a0aa-c81825d0ae80,8c6f7203-3c40-4766-9212-79d89260e8e9,139448
4b2c12b4-cdf9-4dc2-b23a-09610cc147eb,d59927c9-8f84-405f-b928-2ec21f8c6eb1,129540
5d4da318-295f-43fd-b303-bbd5fc786145,e7338740-b7ee-469c-9c74-bee7dd5f18d2,78167
3b07c7ff-6fed-490a-a9e1-f5bafebc6f0b,d3f7b752-a107-4df3-9795-14db35826c73,225306
b2063c94-d6ff-4b99-9b1a-191d9fc22602,db21b201-6b2e-4e52-ad8d-d44123fc5c63,335118
47cd9c20-4d9e-4b8a-813b-7cf5ccc918cd,7cc6cfa4-c1e9-494a-986b-bbf607bc5550,58324
a8fe04d7-c6e9-4857-be39-37559d653f33,db21b201-6b2e-4e52-ad8d-d44123fc5c63,35589
0a672532-6002-4b7d-bee3-274a62a9fb5a,01961663-3143-4f5c-92e7-965eec12a0f9,177996
e313b334-d8e0-4f9d-a841-02495ccfd0d4,5f9a0ffa-c748-4fbb-95a5-8eab94c05210,261747
4d871fb3-f0e1-4dc9-8415-2546e8723250,6e279e72-004f-470e-8bb4-0999c3fc6164,286014
a9b5bf1c-cbe0-4d26-9be9-e219091870fb,68dd02c1-3e68-4d4d-8773-fe9569808537,391393
0305e738-0366-4b59-9641-5036465d07cd,ea73977d-dcbd-4fd4-81c2-5ac84fa64cac,303857
47cd9c20-4d9e-4b8a-813b-7cf5ccc918cd,4130354e-87e6-4255-9189-522263c3027f,72488
25b1246f-0e37-44e9-a053-8fa48c7f8e1e,385ddbb9-9e74-4532-b04a-de4e304cf8a7,46596
21140c1d-976c-4879-8bdc-a2a06014a372,b35a5f3e-d9e7-47bf-a5f8-e8abdc9166c0,175701
384df65c-8611-4041-99a2-9b5a19d87245,394c6a7f-f4e5-40b8-bf5b-a953d624f184,44889
12ff259b-fcec-4111-8a3e-92f1b34ef005,22a5a25e-618e-456a-b80a-9cbef2c43460,117568
8a1eb4a2-9b78-44bf-bb1e-2556e0dab34c,e731b69c-eeaf-4cae-8db6-e0cb7a703579,350132
d1f46208-0958-4793-bf89-39afc8da5c85,1cf3a191-a526-4d97-a3d3-434d14f60ce3,208730
10949264-8492-44d9-ba5c-65c4b7838df4,4d871fb3-f0e1-4dc9-8415-2546e8723250,78522
d9dbc87f-1fec-4d78-bf2b-ec41887dfd44,54d734a2-73fa-4c9d-8cf3-7a39eaef3b2d,324346
0532f619-2dfb-4ed2-8656-ce67a56128aa,96e28973-b877-402f-b3ae-36ec55c8844e,196411
e3dc7114-400f-4423-b05f-d6c737c28279,a8a3a809-1348-41fe-b334-afa6e29e0493,100720
83ca04ab-5096-4031-b64a-163ca57dfb1b,8a1eb4a2-9b78-44bf-bb1e-2556e0dab34c,460118
a43c454e-eaae-4ccf-ba48-24cf178c0031,54835b8a-a27f-4145-a0f6-df40badc1d0e,2524
08610465-eb20-4cef-a770-ee3cd8e75508,8536988f-ed41-448c-97ce-9555c75abfaa,82036
f38f3d11-ca55-4e14-9b7a-3c41774011e1,3535f85d-9583-4470-ac4c-9afdc1038270,93005
15ba1443-4cf1-4367-93b6-60fbb95a5b5e,b154fd49-3672-4066-8fe1-a9993e912518,265836
8a5a20aa-c7aa-4e06-b3af-7285634af283,385ddbb9-9e74-4532-b04a-de4e304cf8a7,8553
32fffa33-1cd7-46d6-8e2e-e98450886d01,cd0aac86-7ac4-4828-8feb-b4a36d4f517c,51360
c63bfa5b-d5bb-461c-b9eb-e8744301a90e,45e57df9-772b-40ca-aafc-898162c69844,25125
6e279e72-004f-470e-8bb4-0999c3fc6164,119ea857-b60b-491c-8e01-ab437e50f26e,408450
85b8f4a0-8132-49e1-8991-32d3b09d6b71,ea73977d-dcbd-4fd4-81c2-5ac84fa64cac,58730
4e6f9bb8-78a5-4e09-9673-cce1f5489a5b,558c8707-3d8a-4375-8e7e-998395fb46e5,168742
85b8f4a0-8132-49e1-8991-32d3b09d6b71,60daa3ab-6065-4f2b-830b-86b36bb4afe8,269787
d9dbc87f-1fec-4d78-bf2b-ec41887dfd44,b54ac68a-3eca-435c-8902-200a1a1b09ff,89095
cb0c31f6-0fd6-46de-af02-5d25005aa5bb,9303996d-4078-4c79-80db-6a3eaa36104a,142135
32fffa33-1cd7-46d6-8e2e-e98450886d01,3b07c7ff-6fed-490a-a9e1-f5bafebc6f0b,43767
1277cc00-3031-42e9-bb55-37ca86bbfb7c,c855958a-64c0-4592-b32a-d7a4c8b2b733,198725
14d26f53-dd5e-4cfa-aada-67c21bb5d939,68dd02c1-3e68-4d4d-8773-fe9569808537,53329
2130aa47-2aba-4a23-b3ca-a4360325ae32,12ff259b-fcec-4111-8a3e-92f1b34ef005,375545
b5dc2142-0bad-4987-be8e-d11f22d9ea51,21140c1d-976c-4879-8bdc-a2a06014a372,557127
28be9ff8-6e8b-486b-bf5d-0d5f62c0c810,a9b5bf1c-cbe0-4d26-9be9-e219091870fb,233182
8536988f-ed41-448c-97ce-9555c75abfaa,cd4373fe-0091-4421-898d-1322bb7921e8,73380
4d871fb3-f0e1-4dc9-8415-2546e8723250,cb0c31f6-0fd6-46de-af02-5d25005aa5bb,269801
2c754a65-ff58-47e6-85c1-78eb1aca2225,b35a5f3e-d9e7-47bf-a5f8-e8abdc9166c0,136292
18036c84-0da6-4c1e-9b11-126a55b485c7,558c8707-3d8a-4375-8e7e-998395fb46e5,282528
4b2c12b4-cdf9-4dc2-b23a-09610cc147eb,9303996d-4078-4c79-80db-6a3eaa36104a,375245
8c6f7203-3c40-4766-9212-79d89260e8e9,85b8f4a0-8132-49e1-8991-32d3b09d6b71,223185
6e279e72-004f-470e-8bb4-0999c3fc6164,1cf3a191-a526-4d97-a3d3-434d14f60ce3,199521
54835b8a-a27f-4145-a0f6-df40badc1d0e,1dc801b8-53d9-46a5-85fd-164140883dd0,51449
99d5f7aa-2bc3-4aab-be55-528b049579c6,a44a2fb9-565b-468e-a23d-5956fdd2e744,184352
d3f7b752-a107-4df3-9795-14db35826c73,384df65c-8611-4041-99a2-9b5a19d87245,355729
2c754a65-ff58-47e6-85c1-78eb1aca2225,e313b334-d8e0-4f9d-a841-02495ccfd0d4,267210
f52dd1ff-6bbf-4473-8f2f-718db4a10f87,54d734a2-73fa-4c9d-8cf3-7a39eaef3b2d,136060
2daeec3a-f864-4eba-bdf5-03ccf9feb992,5065fc4a-0d76-4ae7-84f0-b17d57bc7ce8,262209
cd4373fe-0091-4421-898d-1322bb7921e8,9bb7ec36-dda1-4ff9-a738-6f7f2e9f7630,232578
b391f9a6-4399-4069-9150-100fa9423b03,400beeb3-50ab-4b56-8775-3b2b07aedbc3,193172
98eab8e7-ae72-4457-9ea0-742b7ae8093d,3535f85d-9583-4470-ac4c-9afdc1038270,40303
b5c5b6ab-0337-4187-afc3-a1ec6230064f,8536988f-ed41-448c-97ce-9555c75abfaa,108423
27a6c30d-3dd4-430c-9b72-6a22b6bc28be,54835b8a-a27f-4145-a0f6-df40badc1d0e,368536
2daeec3a-f864-4eba-bdf5-03ccf9feb992,7cc6cfa4-c1e9-494a-986b-bbf607bc5550,171563
cf8d0727-06ae-41b7-a2bf-c14ea6affcfa,b35a5f3e-d9e7-47bf-a5f8-e8abdc9166c0,41407
85b8f4a0-8132-49e1-8991-32d3b09d6b71,3b07c7ff-6fed-490a-a9e1-f5bafebc6f0b,167773
384df65c-8611-4041-99a2-9b5a19d87245,558c8707-3d8a-4375-8e7e-998395fb46e5,101998
1dc801b8-53d9-46a5-85fd-164140883dd0,99d5f7aa-2bc3-4aab-be55-528b049579c6,495351
6e279e72-004f-470e-8bb4-0999c3fc6164,245f557e-4c75-4015-b6b5-3a52111e716f,189349
2130aa47-2aba-4a23-b3ca-a4360325ae32,e121b8a7-f238-42b9-8457-181650d599f1,151881
cce1aaa6-a333-477e-8c63-815bef486b25,5f9a0ffa-c748-4fbb-95a5-8eab94c05210,265393
b391f9a6-4399-4069-9150-100fa9423b03,cb0c31f6-0fd6-46de-af02-5d25005aa5bb,192220
2c754a65-ff58-47e6-85c1-78eb1aca2225,a8a3a809-1348-41fe-b334-afa6e29e0493,136013
a44a2fb9-565b-468e-a23d-5956fdd2e744,3b07c7ff-6fed-490a-a9e1-f5bafebc6f0b,76866
96e28973-b877-402f-b3ae-36ec55c8844e,759c268e-84f7-4975-a0d9-19b2cd8f0dde,209504
b2063c94-d6ff-4b99-9b1a-191d9fc22602,1277cc00-3031-42e9-bb55-37ca86bbfb7c,154429
cce1aaa6-a333-477e-8c63-815bef486b25,5f9a0ffa-c748-4fbb-95a5-8eab94c05210,139111
db21b201-6b2e-4e52-ad8d-d44123fc5c63,9303996d-4078-4c79-80db-6a3eaa36104a,147285
d3f7b752-a107-4df3-9795-14db35826c73,7d7c80c6-da3d-482a-87d2-4323b489f08b,429741
b154fd49-3672-4066-8fe1-a9993e912518,b35a5f3e-d9e7-47bf-a5f8-e8abdc9166c0,54783
0a48b595-c065-4fc3-81fc-25305be2e919,b55783b5-489c-4878-a0aa-c81825d0ae80,402806
1277cc00-3031-42e9-bb55-37ca86bbfb7c,0e73205f-4f6a-4208-ad93-9e5206df13c7,131797
29e9ab61-e061-4d94-8cd3-c99446d51c55,8c6f7203-3c40-4766-9212-79d89260e8e9,398121
25b1246f-0e37-44e9-a053-8fa48c7f8e1e,25cf4233-39d3-47dc-bf10-51d2687e74de,235344
7d7c80c6-da3d-482a-87d2-4323b489f08b,b55783b5-489c-4878-a0aa-c81825d0ae80,31748
3fe4fa6b-719c-428e-ab19-ac1e5a83f0f1,e7338740-b7ee-469c-9c74-bee7dd5f18d2,29902
18036c84-0da6-4c1e-9b11-126a55b485c7,68dd02c1-3e68-4d4d-8773-fe9569808537,154148
c855958a-64c0-4592-b32a-d7a4c8b2b733,0a48b595-c065-4fc3-81fc-25305be2e919,226887
2c9eb637-701c-47c0-86f9-52df6517d923,67a1a352-63c6-43f9-9d71-ce28a20ae21c,80780
384df65c-8611-4041-99a2-9b5a19d87245,f52dd1ff-6bbf-4473-8f2f-718db4a10f87,151421
fadaa8d2-d11e-48f4-b113-7ae97265e717,e121b8a7-f238-42b9-8457-181650d599f1,39926
3b07c7ff-6fed-490a-a9e1-f5bafebc6f0b,25b1246f-0e37-44e9-a053-8fa48c7f8e1e,96207
2993ded9-071e-45bc-9b13-accdf5d3ebec,c855958a-64c0-4592-b32a-d7a4c8b2b733,7786
119ea857-b60b-491c-8e01-ab437e50f26e,b35a5f3e-d9e7-47bf-a5f8-e8abdc9166c0,242565
c63bfa5b-d5bb-461c-b9eb-e8744301a90e,1ab2769c-a290-4b2f-9e27-da26985f69d8,78690
78fd87d1-526d-4b18-8de8-c4c281977037,e121b8a7-f238-42b9-8457-181650d599f1,22016
b31626b2-19f3-473f-8056-240a12f26768,14d26f53-dd5e-4cfa-aada-67c21bb5d939,308592
3535f85d-9583-4470-ac4c-9afdc1038270,b2063c94-d6ff-4b99-9b1a-191d9fc22602,211416
4d871fb3-f0e1-4dc9-8415-2546e8723250,8a1eb4a2-9b78-44bf-bb1e-2556e0dab34c,201574
54835b8a-a27f-4145-a0f6-df40badc1d0e,14d26f53-dd5e-4cfa-aada-67c21bb5d939,145326
98eab8e7-ae72-4457-9ea0-742b7ae8093d,04d0fe46-e270-4bf0-b721-ee363d6a6e2f,39570
8c6f7203-3c40-4766-9212-79d89260e8e9,10949264-8492-44d9-ba5c-65c4b7838df4,415713
14d26f53-dd5e-4cfa-aada-67c21bb5d939,db21b201-6b2e-4e52-ad8d-d44123fc5c63,186050
2c9eb637-701c-47c0-86f9-52df6517d923,b31626b2-19f3-473f-8056-240a12f26768,48359
b55783b5-489c-4878-a0aa-c81825d0ae80,28be9ff8-6e8b-486b-bf5d-0d5f62c0c810,140795
f38f3d11-ca55-4e14-9b7a-3c41774011e1,b2063c94-d6ff-4b99-9b1a-191d9fc22602,230766
e731b69c-eeaf-4cae-8db6-e0cb7a703579,3b07c7ff-6fed-490a-a9e1-f5bafebc6f0b,60350
5e62c6a4-2bb4-4e1c-8488-e10c7b1c3f63,7d7c80c6-da3d-482a-87d2-4323b489f08b,223676
22a5a25e-618e-456a-b80a-9cbef2c43460,cd4373fe-0091-4421-898d-1322bb7921e8,12681
e7338740-b7ee-469c-9c74-bee7dd5f18d2,68dd02c1-3e68-4d4d-8773-fe9569808537,304440
9303996d-4078-4c79-80db-6a3eaa36104a,2daeec3a-f864-4eba-bdf5-03ccf9feb992,260099
83ca04ab-5096-4031-b64a-163ca57dfb1b,68dd02c1-3e68-4d4d-8773-fe9569808537,470887
fadaa8d2-d11e-48f4-b113-7ae97265e717,06e59082-1be0-4c86-87a5-ccf1f9fea164,17823
1ab2769c-a290-4b2f-9e27-da26985f69d8,a90a0979-3d6a-4c77-b2ce-81ba1f5311a5,428675
5e62c6a4-2bb4-4e1c-8488-e10c7b1c3f63,c9fc8fa1-ca0e-4b1e-904c-80e5d80b2e39,69032
384df65c-8611-4041-99a2-9b5a19d87245,10949264-8492-44d9-ba5c-65c4b7838df4,41127
04d0fe46-e270-4bf0-b721-ee363d6a6e2f,25b1246f-0e37-44e9-a053-8fa48c7f8e1e,307287
78699c1e-3234-4c39-a2d4-5e6e545dc68e,65d47575-b37f-4501-841e-142b28a09398,127057
fadaa8d2-d11e-48f4-b113-7ae97265e717,15ba1443-4cf1-4367-93b6-60fbb95a5b5e,45814
1cf3a191-a526-4d97-a3d3-434d14f60ce3,65d47575-b37f-4501-841e-142b28a09398,89014
b55783b5-489c-4878-a0aa-c81825d0ae80,6e279e72-004f-470e-8bb4-0999c3fc6164,97470
1a445f91-2ead-438a-9157-e2306187972a,64afb508-3fdb-4f14-a721-040f46ad6d54,259369
67a1a352-63c6-43f9-9d71-ce28a20ae21c,11e6699e-09c0-4e83-aa27-821896ae0c18,22366
5d4da318-295f-43fd-b303-bbd5fc786145,5e62c6a4-2bb4-4e1c-8488-e10c7b1c3f63,123464
cd0aac86-7ac4-4828-8feb-b4a36d4f517c,a90a0979-3d6a-4c77-b2ce-81ba1f5311a5,118184
a90a0979-3d6a-4c77-b2ce-81ba1f5311a5,b54ac68a-3eca-435c-8902-200a1a1b09ff,153991
a730d385-0f71-42a3-8b8c-b4195bfa8f1f,25cf4233-39d3-47dc-bf10-51d2687e74de,216057
12ff259b-fcec-4111-8a3e-92f1b34ef005,a90a0979-3d6a-4c77-b2ce-81ba1f5311a5,115847
394c6a7f-f4e5-40b8-bf5b-a953d624f184,25cf4233-39d3-47dc-bf10-51d2687e74de,229845
54835b8a-a27f-4145-a0f6-df40badc1d0e,78560cc8-0cca-433a-8291-89c80601bf63,106988
b55783b5-489c-4878-a0aa-c81825d0ae80,3535f85d-9583-4470-ac4c-9afdc1038270,51383
c9fc8fa1-ca0e-4b1e-904c-80e5d80b2e39,87d34d56-3bfc-4b8e-b3cf-5f8fc1df2732,229580
4b2c12b4-cdf9-4dc2-b23a-09610cc147eb,32fffa33-1cd7-46d6-8e2e-e98450886d01,283174
853a8faf-f277-4783-a080-1a32165bdc6e,47cd9c20-4d9e-4b8a-813b-7cf5ccc918cd,269576
464300eb-3855-4132-b377-6fe93a794fee,25cf4233-39d3-47dc-bf10-51d2687e74de,127506
fadaa8d2-d11e-48f4-b113-7ae97265e717,e731b69c-eeaf-4cae-8db6-e0cb7a703579,21570
1cf3a191-a526-4d97-a3d3-434d14f60ce3,384df65c-8611-4041-99a2-9b5a19d87245,295681
10949264-8492-44d9-ba5c-65c4b7838df4,a730d385-0f71-42a3-8b8c-b4195bfa8f1f,349646
6c6bed17-97db-4220-bcd7-9c74bb5c30a0,8536988f-ed41-448c-97ce-9555c75abfaa,220948
2130aa47-2aba-4a23-b3ca-a4360325ae32,ea73977d-dcbd-4fd4-81c2-5ac84fa64cac,374540
394c6a7f-f4e5-40b8-bf5b-a953d624f184,68dd02c1-3e68-4d4d-8773-fe9569808537,47794
21140c1d-976c-4879-8bdc-a2a06014a372,fadaa8d2-d11e-48f4-b113-7ae97265e717,194862
b5dc2142-0bad-4987-be8e-d11f22d9ea51,cd4373fe-0091-4421-898d-1322bb7921e8,287884
8536988f-ed41-448c-97ce-9555c75abfaa,9303996d-4078-4c79-80db-6a3eaa36104a,146236
400beeb3-50ab-4b56-8775-3b2b07aedbc3,0a48b595-c065-4fc3-81fc-25305be2e919,118928
cb0c31f6-0fd6-46de-af02-5d25005aa5bb,1db7abdf-2504-4e24-99b3-3dffe16ee8eb,363741
99d5f7aa-2bc3-4aab-be55-528b049579c6,14d26f53-dd5e-4cfa-aada-67c21bb5d939,308112
b5dc2142-0bad-4987-be8e-d11f22d9ea51,27a6c30d-3dd4-430c-9b72-6a22b6bc28be,486854
385ddbb9-9e74-4532-b04a-de4e304cf8a7,a9b5bf1c-cbe0-4d26-9be9-e219091870fb,112573
f5a4a30f-bf41-44c8-b3b3-283ffe260a60,3fe4fa6b-719c-428e-ab19-ac1e5a83f0f1,112150
095d08c2-5199-4d31-a548-12b5955c61a1,d7ea63f6-7280-453f-83c2-3f8ddc60ef79,371452
3b07c7ff-6fed-490a-a9e1-f5bafebc6f0b,48ad0f18-b76e-4483-9afc-cd7e59be5f3a,329966
0e73205f-4f6a-4208-ad93-9e5206df13c7,e731b69c-eeaf-4cae-8db6-e0cb7a703579,121772
25cf4233-39d3-47dc-bf10-51d2687e74de,27a6c30d-3dd4-430c-9b72-6a22b6bc28be,54223
9eddc067-b8c5-418d-8707-e41b27dafb46,fadaa8d2-d11e-48f4-b113-7ae97265e717,69693
29e9ab61-e061-4d94-8cd3-c99446d51c55,853a8faf-f277-4783-a080-1a32165bdc6e,258578
28be9ff8-6e8b-486b-bf5d-0d5f62c0c810,4b3124e8-5fe8-4c26-8e72-8f6ba2766978,150757
a8fe04d7-c6e9-4857-be39-37559d653f33,d1f46208-0958-4793-bf89-39afc8da5c85,57971
87fcf9bd-c496-499a-8ddd-b5f35af99931,d1f46208-0958-4793-bf89-39afc8da5c85,61257
25cf4233-39d3-47dc-bf10-51d2687e74de,5065fc4a-0d76-4ae7-84f0-b17d57bc7ce8,20562
27a6c30d-3dd4-430c-9b72-6a22b6bc28be,db21b201-6b2e-4e52-ad8d-d44123fc5c63,263565
310f8c32-4e53-4985-bd1b-6da805a969db,04d0fe46-e270-4bf0-b721-ee363d6a6e2f,33706
18036c84-0da6-4c1e-9b11-126a55b485c7,e413f084-e90e-424a-b205-f3dd75142edc,137566
78560cc8-0cca-433a-8291-89c80601bf63,67a1a352-63c6-43f9-9d71-ce28a20ae21c,44594
64afb508-3fdb-4f14-a721-040f46ad6d54,07f047c6-eec0-4f71-98d8-0b06fac54ea9,268351
07f047c6-eec0-4f71-98d8-0b06fac54ea9,384df65c-8611-4041-99a2-9b5a19d87245,385711
15ba1443-4cf1-4367-93b6-60fbb95a5b5e,cd4373fe-0091-4421-898d-1322bb7921e8,341320
9303996d-4078-4c79-80db-6a3eaa36104a,06e59082-1be0-4c86-87a5-ccf1f9fea164,103542
67a1a352-63c6-43f9-9d71-ce28a20ae21c,d3f7b752-a107-4df3-9795-14db35826c73,48003
e7338740-b7ee-469c-9c74-bee7dd5f18d2,cce1aaa6-a333-477e-8c63-815bef486b25,299589
4d871fb3-f0e1-4dc9-8415-2546e8723250,e731b69c-eeaf-4cae-8db6-e0cb7a703579,121530
b5c5b6ab-0337-4187-afc3-a1ec6230064f,cf8d0727-06ae-41b7-a2bf-c14ea6affcfa,84616
5d4da318-295f-43fd-b303-bbd5fc786145,4e6f9bb8-78a5-4e09-9673-cce1f5489a5b,202071
1cf3a191-a526-4d97-a3d3-434d14f60ce3,180627e6-0c19-44ba-82b6-4ec97d3ad85d,155448
0a672532-6002-4b7d-bee3-274a62a9fb5a,b31626b2-19f3-473f-8056-240a12f26768,118197
fadaa8d2-d11e-48f4-b113-7ae97265e717,c855958a-64c0-4592-b32a-d7a4c8b2b733,71078
f5a4a30f-bf41-44c8-b3b3-283ffe260a60,9303996d-4078-4c79-80db-6a3eaa36104a,330871
0532f619-2dfb-4ed2-8656-ce67a56128aa,f38f3d11-ca55-4e14-9b7a-3c41774011e1,70323
7d7c80c6-da3d-482a-87d2-4323b489f08b,6e279e72-004f-470e-8bb4-0999c3fc6164,15437
0305e738-0366-4b59-9641-5036465d07cd,8c6f7203-3c40-4766-9212-79d89260e8e9,242119
558c8707-3d8a-4375-8e7e-998395fb46e5,1277cc00-3031-42e9-bb55-37ca86bbfb7c,31061
c63bfa5b-d5bb-461c-b9eb-e8744301a90e,384df65c-8611-4041-99a2-9b5a19d87245,62324
759c268e-84f7-4975-a0d9-19b2cd8f0dde,0a48b595-c065-4fc3-81fc-25305be2e919,226372
22a5a25e-618e-456a-b80a-9cbef2c43460,27a6c30d-3dd4-430c-9b72-6a22b6bc28be,44767
6c6bed17-97db-4220-bcd7-9c74bb5c30a0,394c6a7f-f4e5-40b8-bf5b-a953d624f184,239971
a43c454e-eaae-4ccf-ba48-24cf178c0031,58207bba-605a-4b23-98aa-9ac09a28437f,2955
7fba12e8-f336-4a99-a479-dbcb1fc058b8,2c754a65-ff58-47e6-85c1-78eb1aca2225,298487
b35a5f3e-d9e7-47bf-a5f8-e8abdc9166c0,e121b8a7-f238-42b9-8457-181650d599f1,71971
e731b69c-eeaf-4cae-8db6-e0cb7a703579,48ad0f18-b76e-4483-9afc-cd7e59be5f3a,76580
85b8f4a0-8132-49e1-8991-32d3b09d6b71,07f047c6-eec0-4f71-98d8-0b06fac54ea9,60924
12ff259b-fcec-4111-8a3e-92f1b34ef005,400beeb3-50ab-4b56-8775-3b2b07aedbc3,250507
3b07c7ff-6fed-490a-a9e1-f5bafebc6f0b,1a445f91-2ead-438a-9157-e2306187972a,439783
28be9ff8-6e8b-486b-bf5d-0d5f62c0c810,b35a5f3e-d9e7-47bf-a5f8-e8abdc9166c0,301751
4e6f9bb8-78a5-4e09-9673-cce1f5489a5b,119ea857-b60b-491c-8e01-ab437e50f26e,91549
6603d019-cf11-4464-af83-d73a6114d7d9,7cc6cfa4-c1e9-494a-986b-bbf607bc5550,16296
32fffa33-1cd7-46d6-8e2e-e98450886d01,c9fc8fa1-ca0e-4b1e-904c-80e5d80b2e39,10224
08610465-eb20-4cef-a770-ee3cd8e75508,400beeb3-50ab-4b56-8775-3b2b07aedbc3,63825
0a672532-6002-4b7d-bee3-274a62a9fb5a,839cc007-0190-43a3-a229-b97fe0fdddd1,205132
85b8f4a0-8132-49e1-8991-32d3b09d6b71,310f8c32-4e53-4985-bd1b-6da805a969db,306207
c63bfa5b-d5bb-461c-b9eb-e8744301a90e,5f9a0ffa-c748-4fbb-95a5-8eab94c05210,83759
28be9ff8-6e8b-486b-bf5d-0d5f62c0c810,9303996d-4078-4c79-80db-6a3eaa36104a,332675
67a1a352-63c6-43f9-9d71-ce28a20ae21c,b31626b2-19f3-473f-8056-240a12f26768,12773
385ddbb9-9e74-4532-b04a-de4e304cf8a7,1cf3a191-a526-4d97-a3d3-434d14f60ce3,39555
119ea857-b60b-491c-8e01-ab437e50f26e,78699c1e-3234-4c39-a2d4-5e6e545dc68e,305636
cb0c31f6-0fd6-46de-af02-5d25005aa5bb,384df65c-8611-4041-99a2-9b5a19d87245,325130
04d0fe46-e270-4bf0-b721-ee363d6a6e2f,78fd87d1-526d-4b18-8de8-c4c281977037,278567
9bb7ec36-dda1-4ff9-a738-6f7f2e9f7630,25b1246f-0e37-44e9-a053-8fa48c7f8e1e,245109
27a6c30d-3dd4-430c-9b72-6a22b6bc28be,22a5a25e-618e-456a-b80a-9cbef2c43460,118200
245f557e-4c75-4015-b6b5-3a52111e716f,8a5a20aa-c7aa-4e06-b3af-7285634af283,142537
07f047c6-eec0-4f71-98d8-0b06fac54ea9,c855958a-64c0-4592-b32a-d7a4c8b2b733,258978
cd0aac86-7ac4-4828-8feb-b4a36d4f517c,0a48b595-c065-4fc3-81fc-25305be2e919,104141
2c754a65-ff58-47e6-85c1-78eb1aca2225,4e6f9bb8-78a5-4e09-9673-cce1f5489a5b,110392
64afb508-3fdb-4f14-a721-040f46ad6d54,06e59082-1be0-4c86-87a5-ccf1f9fea164,309359
a730d385-0f71-42a3-8b8c-b4195bfa8f1f,853a8faf-f277-4783-a080-1a32165bdc6e,378221
7d7d78f3-acce-4f6a-9cea-2a3afcde3e8f,0a48b595-c065-4fc3-81fc-25305be2e919,4551
c9fc8fa1-ca0e-4b1e-904c-80e5d80b2e39,dbc42853-f1be-402c-845f-6452bea1fcf0,217060
a8a3a809-1348-41fe-b334-afa6e29e0493,8c6f7203-3c40-4766-9212-79d89260e8e9,392444
b154fd49-3672-4066-8fe1-a9993e912518,21140c1d-976c-4879-8bdc-a2a06014a372,63680
f5a4a30f-bf41-44c8-b3b3-283ffe260a60,64afb508-3fdb-4f14-a721-040f46ad6d54,412324
b154fd49-3672-4066-8fe1-a9993e912518,96e28973-b877-402f-b3ae-36ec55c8844e,47419
400beeb3-50ab-4b56-8775-3b2b07aedbc3,5e62c6a4-2bb4-4e1c-8488-e10c7b1c3f63,137412
51d7b18f-7c8c-4230-a198-36ad0e73f79d,a90a0979-3d6a-4c77-b2ce-81ba1f5311a5,475717
48ad0f18-b76e-4483-9afc-cd7e59be5f3a,1dc801b8-53d9-46a5-85fd-164140883dd0,393528
4b2c12b4-cdf9-4dc2-b23a-09610cc147eb,04d0fe46-e270-4bf0-b721-ee363d6a6e2f,402852
60daa3ab-6065-4f2b-830b-86b36bb4afe8,87fcf9bd-c496-499a-8ddd-b5f35af99931,400365
e3dc7114-400f-4423-b05f-d6c737c28279,2c9eb637-701c-47c0-86f9-52df6517d923,273230
29e9ab61-e061-4d94-8cd3-c99446d51c55,83ca04ab-5096-4031-b64a-163ca57dfb1b,221861
b391f9a6-4399-4069-9150-100fa9423b03,06e59082-1be0-4c86-87a5-ccf1f9fea164,465571
394c6a7f-f4e5-40b8-bf5b-a953d624f184,1cf3a191-a526-4d97-a3d3-434d14f60ce3,214306
8c6f7203-3c40-4766-9212-79d89260e8e9,6e279e72-004f-470e-8bb4-0999c3fc6164,310155
5065fc4a-0d76-4ae7-84f0-b17d57bc7ce8,b5dc2142-0bad-4987-be8e-d11f22d9ea51,210332
3628d3b6-b07f-41cd-8c09-8c99afa414ba,32fffa33-1cd7-46d6-8e2e-e98450886d01,348461
0305e738-0366-4b59-9641-5036465d07cd,98eab8e7-ae72-4457-9ea0-742b7ae8093d,210368
a43c454e-eaae-4ccf-ba48-24cf178c0031,5065fc4a-0d76-4ae7-84f0-b17d57bc7ce8,4745
68dd02c1-3e68-4d4d-8773-fe9569808537,45e57df9-772b-40ca-aafc-898162c69844,397960
01961663-3143-4f5c-92e7-965eec12a0f9,cf8d0727-06ae-41b7-a2bf-c14ea6affcfa,112836
15ba1443-4cf1-4367-93b6-60fbb95a5b5e,a8fe04d7-c6e9-4857-be39-37559d653f33,353242
310f8c32-4e53-4985-bd1b-6da805a969db,cb0c31f6-0fd6-46de-af02-5d25005aa5bb,185378
5f9a0ffa-c748-4fbb-95a5-8eab94c05210,22a5a25e-618e-456a-b80a-9cbef2c43460,146437
15ba1443-4cf1-4367-93b6-60fbb95a5b5e,2c9eb637-701c-47c0-86f9-52df6517d923,116460
29e9ab61-e061-4d94-8cd3-c99446d51c55,64afb508-3fdb-4f14-a721-040f46ad6d54,86273
98eab8e7-ae72-4457-9ea0-742b7ae8093d,99d5f7aa-2bc3-4aab-be55-528b049579c6,60072
54835b8a-a27f-4145-a0f6-df40badc1d0e,b391f9a6-4399-4069-9150-100fa9423b03,84568
cce1aaa6-a333-477e-8c63-815bef486b25,4b3124e8-5fe8-4c26-8e72-8f6ba2766978,105648
f52dd1ff-6bbf-4473-8f2f-718db4a10f87,cd4373fe-0091-4421-898d-1322bb7921e8,192973
51d7b18f-7c8c-4230-a198-36ad0e73f79d,a9b5bf1c-cbe0-4d26-9be9-e219091870fb,224530
65d47575-b37f-4501-841e-142b28a09398,1cf3a191-a526-4d97-a3d3-434d14f60ce3,154829
ea73977d-dcbd-4fd4-81c2-5ac84fa64cac,245f557e-4c75-4015-b6b5-3a52111e716f,140687
558c8707-3d8a-4375-8e7e-998395fb46e5,29e9ab61-e061-4d94-8cd3-c99446d51c55,82667
a8a3a809-1348-41fe-b334-afa6e29e0493,a8fe04d7-c6e9-4857-be39-37559d653f33,293024
12ff259b-fcec-4111-8a3e-92f1b34ef005,99d5f7aa-2bc3-4aab-be55-528b049579c6,274163
10949264-8492-44d9-ba5c-65c4b7838df4,3628d3b6-b07f-41cd-8c09-8c99afa414ba,182914
a8a3a809-1348-41fe-b334-afa6e29e0493,3fe4fa6b-719c-428e-ab19-ac1e5a83f0f1,299123
464300eb-3855-4132-b377-6fe93a794fee,7d7c80c6-da3d-482a-87d2-4323b489f08b,185579
c855958a-64c0-4592-b32a-d7a4c8b2b733,0e73205f-4f6a-4208-ad93-9e5206df13c7,316271
1277cc00-3031-42e9-bb55-37ca86bbfb7c,1ab2769c-a290-4b2f-9e27-da26985f69d8,211487
9bb7ec36-dda1-4ff9-a738-6f7f2e9f7630,1ab2769c-a290-4b2f-9e27-da26985f69d8,238959
b154fd49-3672-4066-8fe1-a9993e912518,2130aa47-2aba-4a23-b3ca-a4360325ae32,31962
e413f084-e90e-424a-b205-f3dd75142edc,d1f46208-0958-4793-bf89-39afc8da5c85,9807
cd0aac86-7ac4-4828-8feb-b4a36d4f517c,29e9ab61-e061-4d94-8cd3-c99446d51c55,75273
d9dbc87f-1fec-4d78-bf2b-ec41887dfd44,25cf4233-39d3-47dc-bf10-51d2687e74de,284650
cf8d0727-06ae-41b7-a2bf-c14ea6affcfa,5d4da318-295f-43fd-b303-bbd5fc786145,158597
8536988f-ed41-448c-97ce-9555c75abfaa,e413f084-e90e-424a-b205-f3dd75142edc,79274
b35a5f3e-d9e7-47bf-a5f8-e8abdc9166c0,b31626b2-19f3-473f-8056-240a12f26768,88505
2c9eb637-701c-47c0-86f9-52df6517d923,6e279e72-004f-470e-8bb4-0999c3fc6164,113321
21140c1d-976c-4879-8bdc-a2a06014a372,0e73205f-4f6a-4208-ad93-9e5206df13c7,86283
a730d385-0f71-42a3-8b8c-b4195bfa8f1f,65d47575-b37f-4501-841e-142b28a09398,255934
a8fe04d7-c6e9-4857-be39-37559d653f33,a730d385-0f71-42a3-8b8c-b4195bfa8f1f,89574
7e557ea8-c91d-46eb-8ca1-0358f43dcabe,119ea857-b60b-491c-8e01-ab437e50f26e,137205
9303996d-4078-4c79-80db-6a3eaa36104a,db21b201-6b2e-4e52-ad8d-d44123fc5c63,406554
0a672532-6002-4b7d-bee3-274a62a9fb5a,b31626b2-19f3-473f-8056-240a12f26768,218375
78560cc8-0cca-433a-8291-89c80601bf63,9303996d-4078-4c79-80db-6a3eaa36104a,43455
1277cc00-3031-42e9-bb55-37ca86bbfb7c,384df65c-8611-4041-99a2-9b5a19d87245,106265
6e279e72-004f-470e-8bb4-0999c3fc6164,60daa3ab-6065-4f2b-830b-86b36bb4afe8,296876
9eddc067-b8c5-418d-8707-e41b27dafb46,c855958a-64c0-4592-b32a-d7a4c8b2b733,44600
4e6f9bb8-78a5-4e09-9673-cce1f5489a5b,cf8d0727-06ae-41b7-a2bf-c14ea6affcfa,151108
87d34d56-3bfc-4b8e-b3cf-5f8fc1df2732,04d0fe46-e270-4bf0-b721-ee363d6a6e2f,295283
1cf3a191-a526-4d97-a3d3-434d14f60ce3,08610465-eb20-4cef-a770-ee3cd8e75508,193914
6603d019-cf11-4464-af83-d73a6114d7d9,7d7d78f3-acce-4f6a-9cea-2a3afcde3e8f,19382
db21b201-6b2e-4e52-ad8d-d44123fc5c63,0a48b595-c065-4fc3-81fc-25305be2e919,105791
d59927c9-8f84-405f-b928-2ec21f8c6eb1,68dd02c1-3e68-4d4d-8773-fe9569808537,23155
b154fd49-3672-4066-8fe1-a9993e912518,1dc801b8-53d9-46a5-85fd-164140883dd0,18768
5065fc4a-0d76-4ae7-84f0-b17d57bc7ce8,54835b8a-a27f-4145-a0f6-df40badc1d0e,127547
b391f9a6-4399-4069-9150-100fa9423b03,fadaa8d2-d11e-48f4-b113-7ae97265e717,420063
85b8f4a0-8132-49e1-8991-32d3b09d6b71,095d08c2-5199-4d31-a548-12b5955c61a1,127922
b2063c94-d6ff-4b99-9b1a-191d9fc22602,2c9eb637-701c-47c0-86f9-52df6517d923,165789
8a5a20aa-c7aa-4e06-b3af-7285634af283,f38f3d11-ca55-4e14-9b7a-3c41774011e1,3005
32fffa33-1cd7-46d6-8e2e-e98450886d01,a730d385-0f71-42a3-8b8c-b4195bfa8f1f,51402
8a5a20aa-c7aa-4e06-b3af-7285634af283,1ab2769c-a290-4b2f-9e27-da26985f69d8,8780
cb0c31f6-0fd6-46de-af02-5d25005aa5bb,d1f46208-0958-4793-bf89-39afc8da5c85,297314
87d34d56-3bfc-4b8e-b3cf-5f8fc1df2732,18036c84-0da6-4c1e-9b11-126a55b485c7,343841
2993ded9-071e-45bc-9b13-accdf5d3ebec,7e557ea8-c91d-46eb-8ca1-0358f43dcabe,8684
2993ded9-071e-45bc-9b13-accdf5d3ebec,99d5f7aa-2bc3-4aab-be55-528b049579c6,6244
60daa3ab-6065-4f2b-830b-86b36bb4afe8,12ff259b-fcec-4111-8a3e-92f1b34ef005,282939
78560cc8-0cca-433a-8291-89c80601bf63,87d34d56-3bfc-4b8e-b3cf-5f8fc1df2732,81800
b54ac68a-3eca-435c-8902-200a1a1b09ff,b5dc2142-0bad-4987-be8e-d11f22d9ea51,99594
11e6699e-09c0-4e83-aa27-821896ae0c18,a730d385-0f71-42a3-8b8c-b4195bfa8f1f,18783
558c8707-3d8a-4375-8e7e-998395fb46e5,47cd9c20-4d9e-4b8a-813b-7cf5ccc918cd,39926
a8a3a809-1348-41fe-b334-afa6e29e0493,7d7d78f3-acce-4f6a-9cea-2a3afcde3e8f,367859
d7ea63f6-7280-453f-83c2-3f8ddc60ef79,7d7c80c6-da3d-482a-87d2-4323b489f08b,297441
2daeec3a-f864-4eba-bdf5-03ccf9feb992,b5dc2142-0bad-4987-be8e-d11f22d9ea51,73688
5065fc4a-0d76-4ae7-84f0-b17d57bc7ce8,1277cc00-3031-42e9-bb55-37ca86bbfb7c,157786
68dd02c1-3e68-4d4d-8773-fe9569808537,78560cc8-0cca-433a-8291-89c80601bf63,462462
b391f9a6-4399-4069-9150-100fa9423b03,7fba12e8-f336-4a99-a479-dbcb1fc058b8,101914
b5c5b6ab-0337-4187-afc3-a1ec6230064f,51d7b18f-7c8c-4230-a198-36ad0e73f79d,49485
b55783b5-489c-4878-a0aa-c81825d0ae80,8a5a20aa-c7aa-4e06-b3af-7285634af283,63265
7d7c80c6-da3d-482a-87d2-4323b489f08b,58207bba-605a-4b23-98aa-9ac09a28437f,13281
6e279e72-004f-470e-8bb4-0999c3fc6164,51d7b18f-7c8c-4230-a198-36ad0e73f79d,86643
f5a4a30f-bf41-44c8-b3b3-283ffe260a60,b391f9a6-4399-4069-9150-100fa9423b03,316163
04d0fe46-e270-4bf0-b721-ee363d6a6e2f,08610465-eb20-4cef-a770-ee3cd8e75508,151985
8c6f7203-3c40-4766-9212-79d89260e8e9,839cc007-0190-43a3-a229-b97fe0fdddd1,204283
d7ea63f6-7280-453f-83c2-3f8ddc60ef79,759c268e-84f7-4975-a0d9-19b2cd8f0dde,207751
400beeb3-50ab-4b56-8775-3b2b07aedbc3,8536988f-ed41-448c-97ce-9555c75abfaa,145393
65d47575-b37f-4501-841e-142b28a09398,83ca04ab-5096-4031-b64a-163ca57dfb1b,32911
4d871fb3-f0e1-4dc9-8415-2546e8723250,3b07c7ff-6fed-490a-a9e1-f5bafebc6f0b,111081
2daeec3a-f864-4eba-bdf5-03ccf9feb992,9eddc067-b8c5-418d-8707-e41b27dafb46,187530
2c754a65-ff58-47e6-85c1-78eb1aca2225,29e9ab61-e061-4d94-8cd3-c99446d51c55,164542
b2063c94-d6ff-4b99-9b1a-191d9fc22602,7d7c80c6-da3d-482a-87d2-4323b489f08b,177179
2daeec3a-f864-4eba-bdf5-03ccf9feb992,7e557ea8-c91d-46eb-8ca1-0358f43dcabe,201626
7d7d78f3-acce-4f6a-9cea-2a3afcde3e8f,e313b334-d8e0-4f9d-a841-02495ccfd0d4,2268
d1f46208-0958-4793-bf89-39afc8da5c85,08610465-eb20-4cef-a770-ee3cd8e75508,223534
245f557e-4c75-4015-b6b5-3a52111e716f,85b8f4a0-8132-49e1-8991-32d3b09d6b71,130462
f5a4a30f-bf41-44c8-b3b3-283ffe260a60,1a445f91-2ead-438a-9157-e2306187972a,315321
cf8d0727-06ae-41b7-a2bf-c14ea6affcfa,15ba1443-4cf1-4367-93b6-60fbb95a5b5e,69578
759c268e-84f7-4975-a0d9-19b2cd8f0dde,384df65c-8611-4041-99a2-9b5a19d87245,182127
54d734a2-73fa-4c9d-8cf3-7a39eaef3b2d,b55783b5-489c-4878-a0aa-c81825d0ae80,56268
14d26f53-dd5e-4cfa-aada-67c21bb5d939,4b2c12b4-cdf9-4dc2-b23a-09610cc147eb,77853
f38f3d11-ca55-4e14-9b7a-3c41774011e1,3628d3b6-b07f-41cd-8c09-8c99afa414ba,105085
f38f3d11-ca55-4e14-9b7a-3c41774011e1,51d7b18f-7c8c-4230-a198-36ad0e73f79d,199886
180627e6-0c19-44ba-82b6-4ec97d3ad85d,83ca04ab-5096-4031-b64a-163ca57dfb1b,143293
310f8c32-4e53-4985-bd1b-6da805a969db,b2063c94-d6ff-4b99-9b1a-191d9fc22602,58416
a90a0979-3d6a-4c77-b2ce-81ba1f5311a5,839cc007-0190-43a3-a229-b97fe0fdddd1,165566
f52dd1ff-6bbf-4473-8f2f-718db4a10f87,2993ded9-071e-45bc-9b13-accdf5d3ebec,107439
60daa3ab-6065-4f2b-830b-86b36bb4afe8,1dc801b8-53d9-46a5-85fd-164140883dd0,334553
9bb7ec36-dda1-4ff9-a738-6f7f2e9f7630,2130aa47-2aba-4a23-b3ca-a4360325ae32,138098
28be9ff8-6e8b-486b-bf5d-0d5f62c0c810,99d5f7aa-2bc3-4aab-be55-528b049579c6,331251
4b3124e8-5fe8-4c26-8e72-8f6ba2766978,2c754a65-ff58-47e6-85c1-78eb1aca2225,540164
a8a3a809-1348-41fe-b334-afa6e29e0493,3b07c7ff-6fed-490a-a9e1-f5bafebc6f0b,158827
e7338740-b7ee-469c-9c74-bee7dd5f18d2,67a1a352-63c6-43f9-9d71-ce28a20ae21c,359105
83ca04ab-5096-4031-b64a-163ca57dfb1b,095d08c2-5199-4d31-a548-12b5955c61a1,387207
08610465-eb20-4cef-a770-ee3cd8e75508,d59927c9-8f84-405f-b928-2ec21f8c6eb1,200100
385ddbb9-9e74-4532-b04a-de4e304cf8a7,7d7d78f3-acce-4f6a-9cea-2a3afcde3e8f,65583
07f047c6-eec0-4f71-98d8-0b06fac54ea9,3628d3b6-b07f-41cd-8c09-8c99afa414ba,383229
6603d019-cf11-4464-af83-d73a6114d7d9,54d734a2-73fa-4c9d-8cf3-7a39eaef3b2d,9149
99d5f7aa-2bc3-4aab-be55-528b049579c6,0e73205f-4f6a-4208-ad93-9e5206df13c7,516279
7d7c80c6-da3d-482a-87d2-4323b489f08b,b5dc2142-0bad-4987-be8e-d11f22d9ea51,19340
7fba12e8-f336-4a99-a479-dbcb1fc058b8,8a5a20aa-c7aa-4e06-b3af-7285634af283,264732
384df65c-8611-4041-99a2-9b5a19d87245,e731b69c-eeaf-4cae-8db6-e0cb7a703579,103333
c63bfa5b-d5bb-461c-b9eb-e8744301a90e,18036c84-0da6-4c1e-9b11-126a55b485c7,139369
b391f9a6-4399-4069-9150-100fa9423b03,7fba12e8-f336-4a99-a479-dbcb1fc058b8,191215
e413f084-e90e-424a-b205-f3dd75142edc,a43c454e-eaae-4ccf-ba48-24cf178c0031,19008
18036c84-0da6-4c1e-9b11-126a55b485c7,68dd02c1-3e68-4d4d-8773-fe9569808537,431661
47cd9c20-4d9e-4b8a-813b-7cf5ccc918cd,87d34d56-3bfc-4b8e-b3cf-5f8fc1df2732,131430
65d47575-b37f-4501-841e-142b28a09398,08610465-eb20-4cef-a770-ee3cd8e75508,59522
b5dc2142-0bad-4987-be8e-d11f22d9ea51,d1f46208-0958-4793-bf89-39afc8da5c85,122506
18036c84-0da6-4c1e-9b11-126a55b485c7,4d871fb3-f0e1-4dc9-8415-2546e8723250,120269
b35a5f3e-d9e7-47bf-a5f8-e8abdc9166c0,cb0c31f6-0fd6-46de-af02-5d25005aa5bb,137366
87d34d56-3bfc-4b8e-b3cf-5f8fc1df2732,2c9eb637-701c-47c0-86f9-52df6517d923,122331
c63bfa5b-d5bb-461c-b9eb-e8744301a90e,095d08c2-5199-4d31-a548-12b5955c61a1,72770
8536988f-ed41-448c-97ce-9555c75abfaa,1dc801b8-53d9-46a5-85fd-164140883dd0,205175
0305e738-0366-4b59-9641-5036465d07cd,cce1aaa6-a333-477e-8c63-815bef486b25,72128
5f9a0ffa-c748-4fbb-95a5-8eab94c05210,3628d3b6-b07f-41cd-8c09-8c99afa414ba,108913
b35a5f3e-d9e7-47bf-a5f8-e8abdc9166c0,119ea857-b60b-491c-8e01-ab437e50f26e,125371
839cc007-0190-43a3-a229-b97fe0fdddd1,25cf4233-39d3-47dc-bf10-51d2687e74de,21960
4b3124e8-5fe8-4c26-8e72-8f6ba2766978,04d0fe46-e270-4bf0-b721-ee363d6a6e2f,239344
68dd02c1-3e68-4d4d-8773-fe9569808537,99d5f7aa-2bc3-4aab-be55-528b049579c6,190793
6c6bed17-97db-4220-bcd7-9c74bb5c30a0,a8fe04d7-c6e9-4857-be39-37559d653f33,84327
99d5f7aa-2bc3-4aab-be55-528b049579c6,5e62c6a4-2bb4-4e1c-8488-e10c7b1c3f63,414617
8536988f-ed41-448c-97ce-9555c75abfaa,f5a4a30f-bf41-44c8-b3b3-283ffe260a60,84799
db21b201-6b2e-4e52-ad8d-d44123fc5c63,095d08c2-5199-4d31-a548-12b5955c61a1,109206
6603d019-cf11-4464-af83-d73a6114d7d9,27a6c30d-3dd4-430c-9b72-6a22b6bc28be,25387
759c268e-84f7-4975-a0d9-19b2cd8f0dde,6e279e72-004f-470e-8bb4-0999c3fc6164,278743
87fcf9bd-c496-499a-8ddd-b5f35af99931,7fba12e8-f336-4a99-a479-dbcb1fc058b8,144156
51d7b18f-7c8c-4230-a198-36ad0e73f79d,32fffa33-1cd7-46d6-8e2e-e98450886d01,307211
b31626b2-19f3-473f-8056-240a12f26768,e7338740-b7ee-469c-9c74-bee7dd5f18d2,129668
9bb7ec36-dda1-4ff9-a738-6f7f2e9f7630,5e62c6a4-2bb4-4e1c-8488-e10c7b1c3f63,178623
7d7d78f3-acce-4f6a-9cea-2a3afcde3e8f,2daeec3a-f864-4eba-bdf5-03ccf9feb992,4398
25cf4233-39d3-47dc-bf10-51d2687e74de,1dc801b8-53d9-46a5-85fd-164140883dd0,13743
87d34d56-3bfc-4b8e-b3cf-5f8fc1df2732,45e57df9-772b-40ca-aafc-898162c69844,376688
7cc6cfa4-c1e9-494a-986b-bbf607bc5550,e121b8a7-f238-42b9-8457-181650d599f1,465568
a90a0979-3d6a-4c77-b2ce-81ba1f5311a5,5f9a0ffa-c748-4fbb-95a5-8eab94c05210,115096
11e6699e-09c0-4e83-aa27-821896ae0c18,db21b201-6b2e-4e52-ad8d-d44123fc5c63,106280
65d47575-b37f-4501-841e-142b28a09398,839cc007-0190-43a3-a229-b97fe0fdddd1,47452
2c754a65-ff58-47e6-85c1-78eb1aca2225,9bb7ec36-dda1-4ff9-a738-6f7f2e9f7630,327139
cd4373fe-0091-4421-898d-1322bb7921e8,06e59082-1be0-4c86-87a5-ccf1f9fea164,394750
853a8faf-f277-4783-a080-1a32165bdc6e,99d5f7aa-2bc3-4aab-be55-528b049579c6,415747
b391f9a6-4399-4069-9150-100fa9423b03,5e62c6a4-2bb4-4e1c-8488-e10c7b1c3f63,377699
28be9ff8-6e8b-486b-bf5d-0d5f62c0c810,cb0c31f6-0fd6-46de-af02-5d25005aa5bb,82201
0532f619-2dfb-4ed2-8656-ce67a56128aa,08610465-eb20-4cef-a770-ee3cd8e75508,94757
245f557e-4c75-4015-b6b5-3a52111e716f,5d4da318-295f-43fd-b303-bbd5fc786145,196976
f5a4a30f-bf41-44c8-b3b3-283ffe260a60,f38f3d11-ca55-4e14-9b7a-3c41774011e1,471181
6c6bed17-97db-4220-bcd7-9c74bb5c30a0,0a672532-6002-4b7d-bee3-274a62a9fb5a,50700
3fe4fa6b-719c-428e-ab19-ac1e5a83f0f1,60daa3ab-6065-4f2b-830b-86b36bb4afe8,143340
a8a3a809-1348-41fe-b334-afa6e29e0493,47cd9c20-4d9e-4b8a-813b-7cf5ccc918cd,195166
3535f85d-9583-4470-ac4c-9afdc1038270,464300eb-3855-4132-b377-6fe93a794fee,59464
d3f7b752-a107-4df3-9795-14db35826c73,c855958a-64c0-4592-b32a-d7a4c8b2b733,244887
12ff259b-fcec-4111-8a3e-92f1b34ef005,7fba12e8-f336-4a99-a479-dbcb1fc058b8,252485
0a48b595-c065-4fc3-81fc-25305be2e919,18036c84-0da6-4c1e-9b11-126a55b485c7,107592
3b07c7ff-6fed-490a-a9e1-f5bafebc6f0b,e731b69c-eeaf-4cae-8db6-e0cb7a703579,450329
e413f084-e90e-424a-b205-f3dd75142edc,4e6f9bb8-78a5-4e09-9673-cce1f5489a5b,28208
58207bba-605a-4b23-98aa-9ac09a28437f,e413f084-e90e-424a-b205-f3dd75142edc,6521
c63bfa5b-d5bb-461c-b9eb-e8744301a90e,08610465-eb20-4cef-a770-ee3cd8e75508,138358
cb0c31f6-0fd6-46de-af02-5d25005aa5bb,58207bba-605a-4b23-98aa-9ac09a28437f,82082
0e73205f-4f6a-4208-ad93-9e5206df13c7,b154fd49-3672-4066-8fe1-a9993e912518,515490
22a5a25e-618e-456a-b80a-9cbef2c43460,2993ded9-071e-45bc-9b13-accdf5d3ebec,26875
b31626b2-19f3-473f-8056-240a12f26768,21140c1d-976c-4879-8bdc-a2a06014a372,544435
d7ea63f6-7280-453f-83c2-3f8ddc60ef79,32fffa33-1cd7-46d6-8e2e-e98450886d01,196012
14d26f53-dd5e-4cfa-aada-67c21bb5d939,6e279e72-004f-470e-8bb4-0999c3fc6164,181918
78fd87d1-526d-4b18-8de8-c4c281977037,ea73977d-dcbd-4fd4-81c2-5ac84fa64cac,48650
2c754a65-ff58-47e6-85c1-78eb1aca2225,b2063c94-d6ff-4b99-9b1a-191d9fc22602,297572
2daeec3a-f864-4eba-bdf5-03ccf9feb992,1277cc00-3031-42e9-bb55-37ca86bbfb7c,209344
5e62c6a4-2bb4-4e1c-8488-e10c7b1c3f63,fadaa8d2-d11e-48f4-b113-7ae97265e717,135705
0305e738-0366-4b59-9641-5036465d07cd,cd4373fe-0091-4421-898d-1322bb7921e8,267828
5e62c6a4-2bb4-4e1c-8488-e10c7b1c3f63,d7ea63f6-7280-453f-83c2-3f8ddc60ef79,107591
4e6f9bb8-78a5-4e09-9673-cce1f5489a5b,08610465-eb20-4cef-a770-ee3cd8e75508,65439
a90a0979-3d6a-4c77-b2ce-81ba1f5311a5,78560cc8-0cca-433a-8291-89c80601bf63,54475
7cc6cfa4-c1e9-494a-986b-bbf607bc5550,5f9a0ffa-c748-4fbb-95a5-8eab94c05210,456086
394c6a7f-f4e5-40b8-bf5b-a953d624f184,cd0aac86-7ac4-4828-8feb-b4a36d4f517c,161779
119ea857-b60b-491c-8e01-ab437e50f26e,c63bfa5b-d5bb-461c-b9eb-e8744301a90e,360220
ea73977d-dcbd-4fd4-81c2-5ac84fa64cac,e413f084-e90e-424a-b205-f3dd75142edc,133617
d7ea63f6-7280-453f-83c2-3f8ddc60ef79,2c9eb637-701c-47c0-86f9-52df6517d923,232697
c63bfa5b-d5bb-461c-b9eb-e8744301a90e,b2063c94-d6ff-4b99-9b1a-191d9fc22602,93795
8a1eb4a2-9b78-44bf-bb1e-2556e0dab34c,0532f619-2dfb-4ed2-8656-ce67a56128aa,117946
25b1246f-0e37-44e9-a053-8fa48c7f8e1e,d59927c9-8f84-405f-b928-2ec21f8c6eb1,206222
08610465-eb20-4cef-a770-ee3cd8e75508,67a1a352-63c6-43f9-9d71-ce28a20ae21c,83583
78fd87d1-526d-4b18-8de8-c4c281977037,a90a0979-3d6a-4c77-b2ce-81ba1f5311a5,45387
7cc6cfa4-c1e9-494a-986b-bbf607bc5550,58207bba-605a-4b23-98aa-9ac09a28437f,269303
119ea857-b60b-491c-8e01-ab437e50f26e,464300eb-3855-4132-b377-6fe93a794fee,187755
3b07c7ff-6fed-490a-a9e1-f5bafebc6f0b,68dd02c1-3e68-4d4d-8773-fe9569808537,308743
464300eb-3855-4132-b377-6fe93a794fee,1a445f91-2ead-438a-9157-e2306187972a,37079
4e6f9bb8-78a5-4e09-9673-cce1f5489a5b,095d08c2-5199-4d31-a548-12b5955c61a1,72253
51d7b18f-7c8c-4230-a198-36ad0e73f79d,21140c1d-976c-4879-8bdc-a2a06014a372,221135
c63bfa5b-d5bb-461c-b9eb-e8744301a90e,a44a2fb9-565b-468e-a23d-5956fdd2e744,146668
99d5f7aa-2bc3-4aab-be55-528b049579c6,4b3124e8-5fe8-4c26-8e72-8f6ba2766978,414772
245f557e-4c75-4015-b6b5-3a52111e716f,b5dc2142-0bad-4987-be8e-d11f22d9ea51,120813
cb0c31f6-0fd6-46de-af02-5d25005aa5bb,47cd9c20-4d9e-4b8a-813b-7cf5ccc918cd,99809
87d34d56-3bfc-4b8e-b3cf-5f8fc1df2732,60daa3ab-6065-4f2b-830b-86b36bb4afe8,229554
a8a3a809-1348-41fe-b334-afa6e29e0493,7d7c80c6-da3d-482a-87d2-4323b489f08b,433288
e731b69c-eeaf-4cae-8db6-e0cb7a703579,2130aa47-2aba-4a23-b3ca-a4360325ae32,37712
8536988f-ed41-448c-97ce-9555c75abfaa,22a5a25e-618e-456a-b80a-9cbef2c43460,214892
b2063c94-d6ff-4b99-9b1a-191d9fc22602,f52dd1ff-6bbf-4473-8f2f-718db4a10f87,123813
7cc6cfa4-c1e9-494a-986b-bbf607bc5550,0e73205f-4f6a-4208-ad93-9e5206df13c7,506709
b35a5f3e-d9e7-47bf-a5f8-e8abdc9166c0,47cd9c20-4d9e-4b8a-813b-7cf5ccc918cd,147978
d9dbc87f-1fec-4d78-bf2b-ec41887dfd44,4b3124e8-5fe8-4c26-8e72-8f6ba2766978,98310
2993ded9-071e-45bc-9b13-accdf5d3ebec,2c754a65-ff58-47e6-85c1-78eb1aca2225,5375
f52dd1ff-6bbf-4473-8f2f-718db4a10f87,a9b5bf1c-cbe0-4d26-9be9-e219091870fb,526020
8a5a20aa-c7aa-4e06-b3af-7285634af283,759c268e-84f7-4975-a0d9-19b2cd8f0dde,2895
78fd87d1-526d-4b18-8de8-c4c281977037,385ddbb9-9e74-4532-b04a-de4e304cf8a7,23868
7d7c80c6-da3d-482a-87d2-4323b489f08b,5d4da318-295f-43fd-b303-bbd5fc786145,19669
cce1aaa6-a333-477e-8c63-815bef486b25,d7ea63f6-7280-453f-83c2-3f8ddc60ef79,242984
83ca04ab-5096-4031-b64a-163ca57dfb1b,310f8c32-4e53-4985-bd1b-6da805a969db,310527
9eddc067-b8c5-418d-8707-e41b27dafb46,f52dd1ff-6bbf-4473-8f2f-718db4a10f87,50456
10949264-8492-44d9-ba5c-65c4b7838df4,b5c5b6ab-0337-4187-afc3-a1ec6230064f,295340
a44a2fb9-565b-468e-a23d-5956fdd2e744,9bb7ec36-dda1-4ff9-a738-6f7f2e9f7630,57256
853a8faf-f277-4783-a080-1a32165bdc6e,394c6a7f-f4e5-40b8-bf5b-a953d624f184,374177
06e59082-1be0-4c86-87a5-ccf1f9fea164,9eddc067-b8c5-418d-8707-e41b27dafb46,162088
cce1aaa6-a333-477e-8c63-815bef486b25,5d4da318-295f-43fd-b303-bbd5fc786145,257973
2993ded9-071e-45bc-9b13-accdf5d3ebec,01961663-3143-4f5c-92e7-965eec12a0f9,8442
1a445f91-2ead-438a-9157-e2306187972a,400beeb3-50ab-4b56-8775-3b2b07aedbc3,256744
e3dc7114-400f-4423-b05f-d6c737c28279,22a5a25e-618e-456a-b80a-9cbef2c43460,249151
8c6f7203-3c40-4766-9212-79d89260e8e9,310f8c32-4e53-4985-bd1b-6da805a969db,175554
18036c84-0da6-4c1e-9b11-126a55b485c7,4d871fb3-f0e1-4dc9-8415-2546e8723250,273363
cb0c31f6-0fd6-46de-af02-5d25005aa5bb,2993ded9-071e-45bc-9b13-accdf5d3ebec,190239
558c8707-3d8a-4375-8e7e-998395fb46e5,12ff259b-fcec-4111-8a3e-92f1b34ef005,50510
5065fc4a-0d76-4ae7-84f0-b17d57bc7ce8,e3dc7114-400f-4423-b05f-d6c737c28279,164011
e7338740-b7ee-469c-9c74-bee7dd5f18d2,32fffa33-1cd7-46d6-8e2e-e98450886d01,293864
2daeec3a-f864-4eba-bdf5-03ccf9feb992,b2063c94-d6ff-4b99-9b1a-191d9fc22602,94078
cce1aaa6-a333-477e-8c63-815bef486b25,d3f7b752-a107-4df3-9795-14db35826c73,290959
4130354e-87e6-4255-9189-522263c3027f,6e279e72-004f-470e-8bb4-0999c3fc6164,458335
0532f619-2dfb-4ed2-8656-ce67a56128aa,cd0aac86-7ac4-4828-8feb-b4a36d4f517c,117663
384df65c-8611-4041-99a2-9b5a19d87245,3fe4fa6b-719c-428e-ab19-ac1e5a83f0f1,178926
b31626b2-19f3-473f-8056-240a12f26768,558c8707-3d8a-4375-8e7e-998395fb46e5,168905
0532f619-2dfb-4ed2-8656-ce67a56128aa,25cf4233-39d3-47dc-bf10-51d2687e74de,102802
b55783b5-489c-4878-a0aa-c81825d0ae80,5e62c6a4-2bb4-4e1c-8488-e10c7b1c3f63,139087
12ff259b-fcec-4111-8a3e-92f1b34ef005,60daa3ab-6065-4f2b-830b-86b36bb4afe8,249165
cb0c31f6-0fd6-46de-af02-5d25005aa5bb,2c9eb637-701c-47c0-86f9-52df6517d923,142611
6e279e72-004f-470e-8bb4-0999c3fc6164,7fba12e8-f336-4a99-a479-dbcb1fc058b8,338569
1ab2769c-a290-4b2f-9e27-da26985f69d8,7d7c80c6-da3d-482a-87d2-4323b489f08b,465206
0532f619-2dfb-4ed2-8656-ce67a56128aa,2daeec3a-f864-4eba-bdf5-03ccf9feb992,72352
558c8707-3d8a-4375-8e7e-998395fb46e5,78fd87d1-526d-4b18-8de8-c4c281977037,67704
7d7c80c6-da3d-482a-87d2-4323b489f08b,2993ded9-071e-45bc-9b13-accdf5d3ebec,20184
87fcf9bd-c496-499a-8ddd-b5f35af99931,0305e738-0366-4b59-9641-5036465d07cd,128536
4e6f9bb8-78a5-4e09-9673-cce1f5489a5b,45e57df9-772b-40ca-aafc-898162c69844,220551
a90a0979-3d6a-4c77-b2ce-81ba1f5311a5,dbc42853-f1be-402c-845f-6452bea1fcf0,140498
64afb508-3fdb-4f14-a721-040f46ad6d54,f52dd1ff-6bbf-4473-8f2f-718db4a10f87,322925
db21b201-6b2e-4e52-ad8d-d44123fc5c63,64afb508-3fdb-4f14-a721-040f46ad6d54,52974
08610465-eb20-4cef-a770-ee3cd8e75508,d7ea63f6-7280-453f-83c2-3f8ddc60ef79,97886
ea73977d-dcbd-4fd4-81c2-5ac84fa64cac,839cc007-0190-43a3-a229-b97fe0fdddd1,99926
853a8faf-f277-4783-a080-1a32165bdc6e,b154fd49-3672-4066-8fe1-a9993e912518,294711
759c268e-84f7-4975-a0d9-19b2cd8f0dde,b5dc2142-0bad-4987-be8e-d11f22d9ea51,311783
385ddbb9-9e74-4532-b04a-de4e304cf8a7,5d4da318-295f-43fd-b303-bbd5fc786145,115482
119ea857-b60b-491c-8e01-ab437e50f26e,e731b69c-eeaf-4cae-8db6-e0cb7a703579,366981
119ea857-b60b-491c-8e01-ab437e50f26e,558c8707-3d8a-4375-8e7e-998395fb46e5,324635
a730d385-0f71-42a3-8b8c-b4195bfa8f1f,cce1aaa6-a333-477e-8c63-815bef486b25,330746
180627e6-0c19-44ba-82b6-4ec97d3ad85d,e121b8a7-f238-42b9-8457-181650d599f1,120373
b54ac68a-3eca-435c-8902-200a1a1b09ff,87fcf9bd-c496-499a-8ddd-b5f35af99931,260260
cce1aaa6-a333-477e-8c63-815bef486b25,6c6bed17-97db-4220-bcd7-9c74bb5c30a0,259889
1db7abdf-2504-4e24-99b3-3dffe16ee8eb,d9dbc87f-1fec-4d78-bf2b-ec41887dfd44,179880
65d47575-b37f-4501-841e-142b28a09398,6c6bed17-97db-4220-bcd7-9c74bb5c30a0,101963
e3dc7114-400f-4423-b05f-d6c737c28279,245f557e-4c75-4015-b6b5-3a52111e716f,79819
67a1a352-63c6-43f9-9d71-ce28a20ae21c,51d7b18f-7c8c-4230-a198-36ad0e73f79d,26286
29e9ab61-e061-4d94-8cd3-c99446d51c55,a730d385-0f71-42a3-8b8c-b4195bfa8f1f,306366
14d26f53-dd5e-4cfa-aada-67c21bb5d939,a43c454e-eaae-4ccf-ba48-24cf178c0031,132684
5e62c6a4-2bb4-4e1c-8488-e10c7b1c3f63,cd0aac86-7ac4-4828-8feb-b4a36d4f517c,186966
8c6f7203-3c40-4766-9212-79d89260e8e9,4130354e-87e6-4255-9189-522263c3027f,197420
78560cc8-0cca-433a-8291-89c80601bf63,d3f7b752-a107-4df3-9795-14db35826c73,29462
21140c1d-976c-4879-8bdc-a2a06014a372,83ca04ab-5096-4031-b64a-163ca57dfb1b,206674
6603d019-cf11-4464-af83-d73a6114d7d9,98eab8e7-ae72-4457-9ea0-742b7ae8093d,8852
1dc801b8-53d9-46a5-85fd-164140883dd0,8a5a20aa-c7aa-4e06-b3af-7285634af283,323079
54835b8a-a27f-4145-a0f6-df40badc1d0e,18036c84-0da6-4c1e-9b11-126a55b485c7,145097
cf8d0727-06ae-41b7-a2bf-c14ea6affcfa,e121b8a7-f238-42b9-8457-181650d599f1,57979
6c6bed17-97db-4220-bcd7-9c74bb5c30a0,e731b69c-eeaf-4cae-8db6-e0cb7a703579,77679
2c754a65-ff58-47e6-85c1-78eb1aca2225,28be9ff8-6e8b-486b-bf5d-0d5f62c0c810,133945
b54ac68a-3eca-435c-8902-200a1a1b09ff,b35a5f3e-d9e7-47bf-a5f8-e8abdc9166c0,213481
2c754a65-ff58-47e6-85c1-78eb1aca2225,b391f9a6-4399-4069-9150-100fa9423b03,307004
400beeb3-50ab-4b56-8775-3b2b07aedbc3,c9fc8fa1-ca0e-4b1e-904c-80e5d80b2e39,65205
64afb508-3fdb-4f14-a721-040f46ad6d54,1ab2769c-a290-4b2f-9e27-da26985f69d8,579576
e731b69c-eeaf-4cae-8db6-e0cb7a703579,5f9a0ffa-c748-4fbb-95a5-8eab94c05210,51081
1277cc00-3031-42e9-bb55-37ca86bbfb7c,8536988f-ed41-448c-97ce-9555c75abfaa,98894
78fd87d1-526d-4b18-8de8-c4c281977037,cd0aac86-7ac4-4828-8feb-b4a36d4f517c,30608
4d871fb3-f0e1-4dc9-8415-2546e8723250,3628d3b6-b07f-41cd-8c09-8c99afa414ba,225520
07f047c6-eec0-4f71-98d8-0b06fac54ea9,4b3124e8-5fe8-4c26-8e72-8f6ba2766978,90584
28be9ff8-6e8b-486b-bf5d-0d5f62c0c810,4b2c12b4-cdf9-4dc2-b23a-09610cc147eb,175519
245f557e-4c75-4015-b6b5-3a52111e716f,32fffa33-1cd7-46d6-8e2e-e98450886d01,185255
29e9ab61-e061-4d94-8cd3-c99446d51c55,0a672532-6002-4b7d-bee3-274a62a9fb5a,101919
a730d385-0f71-42a3-8b8c-b4195bfa8f1f,3535f85d-9583-4470-ac4c-9afdc1038270,282855
3628d3b6-b07f-41cd-8c09-8c99afa414ba,98eab8e7-ae72-4457-9ea0-742b7ae8093d,571022
8a1eb4a2-9b78-44bf-bb1e-2556e0dab34c,51d7b18f-7c8c-4230-a198-36ad0e73f79d,212716
095d08c2-5199-4d31-a548-12b5955c61a1,64afb508-3fdb-4f14-a721-040f46ad6d54,244868
45e57df9-772b-40ca-aafc-898162c69844,28be9ff8-6e8b-486b-bf5d-0d5f62c0c810,305454
9303996d-4078-4c79-80db-6a3eaa36104a,0e73205f-4f6a-4208-ad93-9e5206df13c7,201169
3fe4fa6b-719c-428e-ab19-ac1e5a83f0f1,06e59082-1be0-4c86-87a5-ccf1f9fea164,28274
85b8f4a0-8132-49e1-8991-32d3b09d6b71,759c268e-84f7-4975-a0d9-19b2cd8f0dde,291550
08610465-eb20-4cef-a770-ee3cd8e75508,7d7c80c6-da3d-482a-87d2-4323b489f08b,136755
e413f084-e90e-424a-b205-f3dd75142edc,78560cc8-0cca-433a-8291-89c80601bf63,15567
14d26f53-dd5e-4cfa-aada-67c21bb5d939,a9b5bf1c-cbe0-4d26-9be9-e219091870fb,150185
07f047c6-eec0-4f71-98d8-0b06fac54ea9,0a48b595-c065-4fc3-81fc-25305be2e919,421689
32fffa33-1cd7-46d6-8e2e-e98450886d01,4b3124e8-5fe8-4c26-8e72-8f6ba2766978,16843
a730d385-0f71-42a3-8b8c-b4195bfa8f1f,a8fe04d7-c6e9-4857-be39-37559d653f33,294225
4d871fb3-f0e1-4dc9-8415-2546e8723250,78560cc8-0cca-433a-8291-89c80601bf63,53507
d1f46208-0958-4793-bf89-39afc8da5c85,384df65c-8611-4041-99a2-9b5a19d87245,59361
29e9ab61-e061-4d94-8cd3-c99446d51c55,1277cc00-3031-42e9-bb55-37ca86bbfb7c,374625
b55783b5-489c-4878-a0aa-c81825d0ae80,54d734a2-73fa-4c9d-8cf3-7a39eaef3b2d,80826
27a6c30d-3dd4-430c-9b72-6a22b6bc28be,9eddc067-b8c5-418d-8707-e41b27dafb46,250730
c855958a-64c0-4592-b32a-d7a4c8b2b733,48ad0f18-b76e-4483-9afc-cd7e59be5f3a,224958
385ddbb9-9e74-4532-b04a-de4e304cf8a7,a44a2fb9-565b-468e-a23d-5956fdd2e744,36689
5d4da318-295f-43fd-b303-bbd5fc786145,54d734a2-73fa-4c9d-8cf3-7a39eaef3b2d,96797
12ff259b-fcec-4111-8a3e-92f1b34ef005,6c6bed17-97db-4220-bcd7-9c74bb5c30a0,175026
ea73977d-dcbd-4fd4-81c2-5ac84fa64cac,5e62c6a4-2bb4-4e1c-8488-e10c7b1c3f63,111589
7d7d78f3-acce-4f6a-9cea-2a3afcde3e8f,cd4373fe-0091-4421-898d-1322bb7921e8,10610
2daeec3a-f864-4eba-bdf5-03ccf9feb992,310f8c32-4e53-4985-bd1b-6da805a969db,79462
e313b334-d8e0-4f9d-a841-02495ccfd0d4,cd0aac86-7ac4-4828-8feb-b4a36d4f517c,297243
095d08c2-5199-4d31-a548-12b5955c61a1,5e62c6a4-2bb4-4e1c-8488-e10c7b1c3f63,245464
27a6c30d-3dd4-430c-9b72-6a22b6bc28be,54d734a2-73fa-4c9d-8cf3-7a39eaef3b2d,238883
78fd87d1-526d-4b18-8de8-c4c281977037,b5dc2142-0bad-4987-be8e-d11f22d9ea51,34347
d9dbc87f-1fec-4d78-bf2b-ec41887dfd44,a730d385-0f71-42a3-8b8c-b4195bfa8f1f,103182
d7ea63f6-7280-453f-83c2-3f8ddc60ef79,e731b69c-eeaf-4cae-8db6-e0cb7a703579,323217
1cf3a191-a526-4d97-a3d3-434d14f60ce3,384df65c-8611-4041-99a2-9b5a19d87245,374544
c63bfa5b-d5bb-461c-b9eb-e8744301a90e,b154fd49-3672-4066-8fe1-a9993e912518,97270
ea73977d-dcbd-4fd4-81c2-5ac84fa64cac,e731b69c-eeaf-4cae-8db6-e0cb7a703579,137340
68dd02c1-3e68-4d4d-8773-fe9569808537,384df65c-8611-4041-99a2-9b5a19d87245,326080
464300eb-3855-4132-b377-6fe93a794fee,67a1a352-63c6-43f9-9d71-ce28a20ae21c,67062
25cf4233-39d3-47dc-bf10-51d2687e74de,5d4da318-295f-43fd-b303-bbd5fc786145,60498
b35a5f3e-d9e7-47bf-a5f8-e8abdc9166c0,db21b201-6b2e-4e52-ad8d-d44123fc5c63,45772
45e57df9-772b-40ca-aafc-898162c69844,dbc42853-f1be-402c-845f-6452bea1fcf0,130223
c855958a-64c0-4592-b32a-d7a4c8b2b733,14d26f53-dd5e-4cfa-aada-67c21bb5d939,310410
0532f619-2dfb-4ed2-8656-ce67a56128aa,1ab2769c-a290-4b2f-9e27-da26985f69d8,179465
c63bfa5b-d5bb-461c-b9eb-e8744301a90e,18036c84-0da6-4c1e-9b11-126a55b485c7,96728
cf8d0727-06ae-41b7-a2bf-c14ea6affcfa,60daa3ab-6065-4f2b-830b-86b36bb4afe8,150756
0a48b595-c065-4fc3-81fc-25305be2e919,9eddc067-b8c5-418d-8707-e41b27dafb46,375165
60daa3ab-6065-4f2b-830b-86b36bb4afe8,3fe4fa6b-719c-428e-ab19-ac1e5a83f0f1,343153
65d47575-b37f-4501-841e-142b28a09398,2daeec3a-f864-4eba-bdf5-03ccf9feb992,58707
095d08c2-5199-4d31-a548-12b5955c61a1,04d0fe46-e270-4bf0-b721-ee363d6a6e2f,263984
28be9ff8-6e8b-486b-bf5d-0d5f62c0c810,095d08c2-5199-4d31-a548-12b5955c61a1,272646
6e279e72-004f-470e-8bb4-0999c3fc6164,7d7d78f3-acce-4f6a-9cea-2a3afcde3e8f,354526
87fcf9bd-c496-499a-8ddd-b5f35af99931,839cc007-0190-43a3-a229-b97fe0fdddd1,41742
d59927c9-8f84-405f-b928-2ec21f8c6eb1,cd0aac86-7ac4-4828-8feb-b4a36d4f517c,113389
b391f9a6-4399-4069-9150-100fa9423b03,12ff259b-fcec-4111-8a3e-92f1b34ef005,360733
d59927c9-8f84-405f-b928-2ec21f8c6eb1,4b3124e8-5fe8-4c26-8e72-8f6ba2766978,120931
e313b334-d8e0-4f9d-a841-02495ccfd0d4,04d0fe46-e270-4bf0-b721-ee363d6a6e2f,201505
5e62c6a4-2bb4-4e1c-8488-e10c7b1c3f63,78fd87d1-526d-4b18-8de8-c4c281977037,181762
51d7b18f-7c8c-4230-a198-36ad0e73f79d,22a5a25e-618e-456a-b80a-9cbef2c43460,420937
99d5f7aa-2bc3-4aab-be55-528b049579c6,54d734a2-73fa-4c9d-8cf3-7a39eaef3b2d,226359
2130aa47-2aba-4a23-b3ca-a4360325ae32,e413f084-e90e-424a-b205-f3dd75142edc,364913
9eddc067-b8c5-418d-8707-e41b27dafb46,3628d3b6-b07f-41cd-8c09-8c99afa414ba,45186
6603d019-cf11-4464-af83-d73a6114d7d9,f38f3d11-ca55-4e14-9b7a-3c41774011e1,11708
28be9ff8-6e8b-486b-bf5d-0d5f62c0c810,21140c1d-976c-4879-8bdc-a2a06014a372,109497
4130354e-87e6-4255-9189-522263c3027f,1ab2769c-a290-4b2f-9e27-da26985f69d8,409864
8536988f-ed41-448c-97ce-9555c75abfaa,2c9eb637-701c-47c0-86f9-52df6517d923,205596
e121b8a7-f238-42b9-8457-181650d599f1,b391f9a6-4399-4069-9150-100fa9423b03,18631
2c754a65-ff58-47e6-85c1-78eb1aca2225,839cc007-0190-43a3-a229-b97fe0fdddd1,158024
c9fc8fa1-ca0e-4b1e-904c-80e5d80b2e39,0305e738-0366-4b59-9641-5036465d07cd,136294
853a8faf-f277-4783-a080-1a32165bdc6e,245f557e-4c75-4015-b6b5-3a52111e716f,496658
400beeb3-50ab-4b56-8775-3b2b07aedbc3,65d47575-b37f-4501-841e-142b28a09398,153956
14d26f53-dd5e-4cfa-aada-67c21bb5d939,87fcf9bd-c496-499a-8ddd-b5f35af99931,35593
7e557ea8-c91d-46eb-8ca1-0358f43dcabe,48ad0f18-b76e-4483-9afc-cd7e59be5f3a,296555
60daa3ab-6065-4f2b-830b-86b36bb4afe8,a8a3a809-1348-41fe-b334-afa6e29e0493,238755
a8fe04d7-c6e9-4857-be39-37559d653f33,14d26f53-dd5e-4cfa-aada-67c21bb5d939,111970
b54ac68a-3eca-435c-8902-200a1a1b09ff,cf8d0727-06ae-41b7-a2bf-c14ea6affcfa,349139
1db7abdf-2504-4e24-99b3-3dffe16ee8eb,47cd9c20-4d9e-4b8a-813b-7cf5ccc918cd,207843
98eab8e7-ae72-4457-9ea0-742b7ae8093d,60daa3ab-6065-4f2b-830b-86b36bb4afe8,65887
04d0fe46-e270-4bf0-b721-ee363d6a6e2f,3fe4fa6b-719c-428e-ab19-ac1e5a83f0f1,384463
d9dbc87f-1fec-4d78-bf2b-ec41887dfd44,4130354e-87e6-4255-9189-522263c3027f,74270
6e279e72-004f-470e-8bb4-0999c3fc6164,01961663-3143-4f5c-92e7-965eec12a0f9,254252
4b3124e8-5fe8-4c26-8e72-8f6ba2766978,b54ac68a-3eca-435c-8902-200a1a1b09ff,489536
cb0c31f6-0fd6-46de-af02-5d25005aa5bb,558c8707-3d8a-4375-8e7e-998395fb46e5,262587
b54ac68a-3eca-435c-8902-200a1a1b09ff,22a5a25e-618e-456a-b80a-9cbef2c43460,122864
a8a3a809-1348-41fe-b334-afa6e29e0493,9bb7ec36-dda1-4ff9-a738-6f7f2e9f7630,509628
2130aa47-2aba-4a23-b3ca-a4360325ae32,c63bfa5b-d5bb-461c-b9eb-e8744301a90e,288478
b5dc2142-0bad-4987-be8e-d11f22d9ea51,98eab8e7-ae72-4457-9ea0-742b7ae8093d,558088
3628d3b6-b07f-41cd-8c09-8c99afa414ba,98eab8e7-ae72-4457-9ea0-742b7ae8093d,583346
8a1eb4a2-9b78-44bf-bb1e-2556e0dab34c,48ad0f18-b76e-4483-9afc-cd7e59be5f3a,129744
b5dc2142-0bad-4987-be8e-d11f22d9ea51,b5c5b6ab-0337-4187-afc3-a1ec6230064f,363261
f52dd1ff-6bbf-4473-8f2f-718db4a10f87,b54ac68a-3eca-435c-8902-200a1a1b09ff,197558
6603d019-cf11-4464-af83-d73a6114d7d9,9eddc067-b8c5-418d-8707-e41b27dafb46,21754
b391f9a6-4399-4069-9150-100fa9423b03,d1f46208-0958-4793-bf89-39afc8da5c85,350667
558c8707-3d8a-4375-8e7e-998395fb46e5,b2063c94-d6ff-4b99-9b1a-191d9fc22602,118830
64afb508-3fdb-4f14-a721-040f46ad6d54,b5c5b6ab-0337-4187-afc3-a1ec6230064f,386879
d1f46208-0958-4793-bf89-39afc8da5c85,99d5f7aa-2bc3-4aab-be55-528b049579c6,149858
3535f85d-9583-4470-ac4c-9afdc1038270,cce1aaa6-a333-477e-8c63-815bef486b25,91562
58207bba-605a-4b23-98aa-9ac09a28437f,96e28973-b877-402f-b3ae-36ec55c8844e,5182
99d5f7aa-2bc3-4aab-be55-528b049579c6,a44a2fb9-565b-468e-a23d-5956fdd2e744,440269
e413f084-e90e-424a-b205-f3dd75142edc,cb0c31f6-0fd6-46de-af02-5d25005aa5bb,30619
4e6f9bb8-78a5-4e09-9673-cce1f5489a5b,83ca04ab-5096-4031-b64a-163ca57dfb1b,186257
b154fd49-3672-4066-8fe1-a9993e912518,9eddc067-b8c5-418d-8707-e41b27dafb46,68315
96e28973-b877-402f-b3ae-36ec55c8844e,1a445f91-2ead-438a-9157-e2306187972a,374972
3fe4fa6b-719c-428e-ab19-ac1e5a83f0f1,0a48b595-c065-4fc3-81fc-25305be2e919,79566
87d34d56-3bfc-4b8e-b3cf-5f8fc1df2732,c9fc8fa1-ca0e-4b1e-904c-80e5d80b2e39,74165
2130aa47-2aba-4a23-b3ca-a4360325ae32,06e59082-1be0-4c86-87a5-ccf1f9fea164,283697
07f047c6-eec0-4f71-98d8-0b06fac54ea9,180627e6-0c19-44ba-82b6-4ec97d3ad85d,144649
08610465-eb20-4cef-a770-ee3cd8e75508,6603d019-cf11-4464-af83-d73a6114d7d9,185562
d59927c9-8f84-405f-b928-2ec21f8c6eb1,54d734a2-73fa-4c9d-8cf3-7a39eaef3b2d,90660
2c9eb637-701c-47c0-86f9-52df6517d923,4e6f9bb8-78a5-4e09-9673-cce1f5489a5b,151928
11e6699e-09c0-4e83-aa27-821896ae0c18,58207bba-605a-4b23-98aa-9ac09a28437f,98713
0532f619-2dfb-4ed2-8656-ce67a56128aa,8536988f-ed41-448c-97ce-9555c75abfaa,191027
a43c454e-eaae-4ccf-ba48-24cf178c0031,ea73977d-dcbd-4fd4-81c2-5ac84fa64cac,4003
5d4da318-295f-43fd-b303-bbd5fc786145,83ca04ab-5096-4031-b64a-163ca57dfb1b,126529
2130aa47-2aba-4a23-b3ca-a4360325ae32,48ad0f18-b76e-4483-9afc-cd7e59be5f3a,227157
384df65c-8611-4041-99a2-9b5a19d87245,51d7b18f-7c8c-4230-a198-36ad0e73f79d,116516
27a6c30d-3dd4-430c-9b72-6a22b6bc28be,9303996d-4078-4c79-80db-6a3eaa36104a,277975
fadaa8d2-d11e-48f4-b113-7ae97265e717,a8a3a809-1348-41fe-b334-afa6e29e0493,68041
1dc801b8-53d9-46a5-85fd-164140883dd0,4e6f9bb8-78a5-4e09-9673-cce1f5489a5b,339359
06e59082-1be0-4c86-87a5-ccf1f9fea164,3535f85d-9583-4470-ac4c-9afdc1038270,394215
8c6f7203-3c40-4766-9212-79d89260e8e9,4b2c12b4-cdf9-4dc2-b23a-09610cc147eb,106946
119ea857-b60b-491c-8e01-ab437e50f26e,4130354e-87e6-4255-9189-522263c3027f,322135
c855958a-64c0-4592-b32a-d7a4c8b2b733,12ff259b-fcec-4111-8a3e-92f1b34ef005,190095
99d5f7aa-2bc3-4aab-be55-528b049579c6,8a1eb4a2-9b78-44bf-bb1e-2556e0dab34c,98013
b154fd49-3672-4066-8fe1-a9993e912518,f5a4a30f-bf41-44c8-b3b3-283ffe260a60,40130
464300eb-3855-4132-b377-6fe93a794fee,32fffa33-1cd7-46d6-8e2e-e98450886d01,153960
095d08c2-5199-4d31-a548-12b5955c61a1,01961663-3143-4f5c-92e7-965eec12a0f9,298837
01961663-3143-4f5c-92e7-965eec12a0f9,04d0fe46-e270-4bf0-b721-ee363d6a6e2f,95665
b2063c94-d6ff-4b99-9b1a-191d9fc22602,65d47575-b37f-4501-841e-142b28a09398,239667
99d5f7aa-2bc3-4aab-be55-528b049579c6,08610465-eb20-4cef-a770-ee3cd8e75508,192064
9bb7ec36-dda1-4ff9-a738-6f7f2e9f7630,2c9eb637-701c-47c0-86f9-52df6517d923,47423
32fffa33-1cd7-46d6-8e2e-e98450886d01,9303996d-4078-4c79-80db-6a3eaa36104a,23265
a8fe04d7-c6e9-4857-be39-37559d653f33,5f9a0ffa-c748-4fbb-95a5-8eab94c05210,51222
98eab8e7-ae72-4457-9ea0-742b7ae8093d,464300eb-3855-4132-b377-6fe93a794fee,28758
87fcf9bd-c496-499a-8ddd-b5f35af99931,4b2c12b4-cdf9-4dc2-b23a-09610cc147eb,93310
2130aa47-2aba-4a23-b3ca-a4360325ae32,0532f619-2dfb-4ed2-8656-ce67a56128aa,183884
2993ded9-071e-45bc-9b13-accdf5d3ebec,384df65c-8611-4041-99a2-9b5a19d87245,3203
21140c1d-976c-4879-8bdc-a2a06014a372,3535f85d-9583-4470-ac4c-9afdc1038270,189105
5e62c6a4-2bb4-4e1c-8488-e10c7b1c3f63,119ea857-b60b-491c-8e01-ab437e50f26e,65172
2c754a65-ff58-47e6-85c1-78eb1aca2225,3535f85d-9583-4470-ac4c-9afdc1038270,56295
b35a5f3e-d9e7-47bf-a5f8-e8abdc9166c0,5065fc4a-0d76-4ae7-84f0-b17d57bc7ce8,40747
7d7c80c6-da3d-482a-87d2-4323b489f08b,a44a2fb9-565b-468e-a23d-5956fdd2e744,19242
25b1246f-0e37-44e9-a053-8fa48c7f8e1e,99d5f7aa-2bc3-4aab-be55-528b049579c6,178518
7fba12e8-f336-4a99-a479-dbcb1fc058b8,18036c84-0da6-4c1e-9b11-126a55b485c7,282608
2130aa47-2aba-4a23-b3ca-a4360325ae32,2993ded9-071e-45bc-9b13-accdf5d3ebec,158103
839cc007-0190-43a3-a229-b97fe0fdddd1,96e28973-b877-402f-b3ae-36ec55c8844e,40297
3fe4fa6b-719c-428e-ab19-ac1e5a83f0f1,245f557e-4c75-4015-b6b5-3a52111e716f,82495
d7ea63f6-7280-453f-83c2-3f8ddc60ef79,cce1aaa6-a333-477e-8c63-815bef486b25,124563
e7338740-b7ee-469c-9c74-bee7dd5f18d2,e3dc7114-400f-4423-b05f-d6c737c28279,165874
e313b334-d8e0-4f9d-a841-02495ccfd0d4,e7338740-b7ee-469c-9c74-bee7dd5f18d2,176258
12ff259b-fcec-4111-8a3e-92f1b34ef005,11e6699e-09c0-4e83-aa27-821896ae0c18,364016
839cc007-0190-43a3-a229-b97fe0fdddd1,14d26f53-dd5e-4cfa-aada-67c21bb5d939,42445
1ab2769c-a290-4b2f-9e27-da26985f69d8,6e279e72-004f-470e-8bb4-0999c3fc6164,483912
119ea857-b60b-491c-8e01-ab437e50f26e,5d4da318-295f-43fd-b303-bbd5fc786145,243335
a90a0979-3d6a-4c77-b2ce-81ba1f5311a5,07f047c6-eec0-4f71-98d8-0b06fac54ea9,136280
58207bba-605a-4b23-98aa-9ac09a28437f,5065fc4a-0d76-4ae7-84f0-b17d57bc7ce8,17587
d7ea63f6-7280-453f-83c2-3f8ddc60ef79,e121b8a7-f238-42b9-8457-181650d599f1,78778
2c754a65-ff58-47e6-85c1-78eb1aca2225,db21b201-6b2e-4e52-ad8d-d44123fc5c63,233820
60daa3ab-6065-4f2b-830b-86b36bb4afe8,8c6f7203-3c40-4766-9212-79d89260e8e9,223314
5d4da318-295f-43fd-b303-bbd5fc786145,a90a0979-3d6a-4c77-b2ce-81ba1f5311a5,73945
464300eb-3855-4132-b377-6fe93a794fee,3628d3b6-b07f-41cd-8c09-8c99afa414ba,210938
180627e6-0c19-44ba-82b6-4ec97d3ad85d,83ca04ab-5096-4031-b64a-163ca57dfb1b,120746
2c9eb637-701c-47c0-86f9-52df6517d923,48ad0f18-b76e-4483-9afc-cd7e59be5f3a,207994
c63bfa5b-d5bb-461c-b9eb-e8744301a90e,32fffa33-1cd7-46d6-8e2e-e98450886d01,48291
58207bba-605a-4b23-98aa-9ac09a28437f,839cc007-0190-43a3-a229-b97fe0fdddd1,14986
853a8faf-f277-4783-a080-1a32165bdc6e,385ddbb9-9e74-4532-b04a-de4e304cf8a7,279201
1db7abdf-2504-4e24-99b3-3dffe16ee8eb,c855958a-64c0-4592-b32a-d7a4c8b2b733,147344
c855958a-64c0-4592-b32a-d7a4c8b2b733,245f557e-4c75-4015-b6b5-3a52111e716f,299498
47cd9c20-4d9e-4b8a-813b-7cf5ccc918cd,85b8f4a0-8132-49e1-8991-32d3b09d6b71,30304
10949264-8492-44d9-ba5c-65c4b7838df4,8536988f-ed41-448c-97ce-9555c75abfaa,80273
db21b201-6b2e-4e52-ad8d-d44123fc5c63,51d7b18f-7c8c-4230-a198-36ad0e73f79d,154631
8536988f-ed41-448c-97ce-9555c75abfaa,45e57df9-772b-40ca-aafc-898162c69844,123713
15ba1443-4cf1-4367-93b6-60fbb95a5b5e,4130354e-87e6-4255-9189-522263c3027f,516883
4e6f9bb8-78a5-4e09-9673-cce1f5489a5b,f38f3d11-ca55-4e14-9b7a-3c41774011e1,119631
e731b69c-eeaf-4cae-8db6-e0cb7a703579,54835b8a-a27f-4145-a0f6-df40badc1d0e,58497
5e62c6a4-2bb4-4e1c-8488-e10c7b1c3f63,839cc007-0190-43a3-a229-b97fe0fdddd1,38229
b5c5b6ab-0337-4187-afc3-a1ec6230064f,85b8f4a0-8132-49e1-8991-32d3b09d6b71,57363
d59927c9-8f84-405f-b928-2ec21f8c6eb1,4e6f9bb8-78a5-4e09-9673-cce1f5489a5b,55818
a44a2fb9-565b-468e-a23d-5956fdd2e744,78fd87d1-526d-4b18-8de8-c4c281977037,99656
245f557e-4c75-4015-b6b5-3a52111e716f,99d5f7aa-2bc3-4aab-be55-528b049579c6,96219
2daeec3a-f864-4eba-bdf5-03ccf9feb992,9eddc067-b8c5-418d-8707-e41b27dafb46,255431
28be9ff8-6e8b-486b-bf5d-0d5f62c0c810,b391f9a6-4399-4069-9150-100fa9423b03,261723
9eddc067-b8c5-418d-8707-e41b27dafb46,07f047c6-eec0-4f71-98d8-0b06fac54ea9,49520
9303996d-4078-4c79-80db-6a3eaa36104a,e413f084-e90e-424a-b205-f3dd75142edc,232470
04d0fe46-e270-4bf0-b721-ee363d6a6e2f,9bb7ec36-dda1-4ff9-a738-6f7f2e9f7630,239566
98eab8e7-ae72-4457-9ea0-742b7ae8093d,07f047c6-eec0-4f71-98d8-0b06fac54ea9,35051
12ff259b-fcec-4111-8a3e-92f1b34ef005,2130aa47-2aba-4a23-b3ca-a4360325ae32,149372
fadaa8d2-d11e-48f4-b113-7ae97265e717,dbc42853-f1be-402c-845f-6452bea1fcf0,16631
7cc6cfa4-c1e9-494a-986b-bbf607bc5550,b5c5b6ab-0337-4187-afc3-a1ec6230064f,168852
14d26f53-dd5e-4cfa-aada-67c21bb5d939,a9b5bf1c-cbe0-4d26-9be9-e219091870fb,139770
2993ded9-071e-45bc-9b13-accdf5d3ebec,7cc6cfa4-c1e9-494a-986b-bbf607bc5550,9152
21140c1d-976c-4879-8bdc-a2a06014a372,3fe4fa6b-719c-428e-ab19-ac1e5a83f0f1,224583
08610465-eb20-4cef-a770-ee3cd8e75508,4130354e-87e6-4255-9189-522263c3027f,203164
5f9a0ffa-c748-4fbb-95a5-8eab94c05210,fadaa8d2-d11e-48f4-b113-7ae97265e717,217988
fadaa8d2-d11e-48f4-b113-7ae97265e717,b154fd49-3672-4066-8fe1-a9993e912518,49478
48ad0f18-b76e-4483-9afc-cd7e59be5f3a,04d0fe46-e270-4bf0-b721-ee363d6a6e2f,208067
9bb7ec36-dda1-4ff9-a738-6f7f2e9f7630,06e59082-1be0-4c86-87a5-ccf1f9fea164,89012
a43c454e-eaae-4ccf-ba48-24cf178c0031,b5dc2142-0bad-4987-be8e-d11f22d9ea51,2913
119ea857-b60b-491c-8e01-ab437e50f26e,65d47575-b37f-4501-841e-142b28a09398,181584
cce1aaa6-a333-477e-8c63-815bef486b25,f52dd1ff-6bbf-4473-8f2f-718db4a10f87,212454
4e6f9bb8-78a5-4e09-9673-cce1f5489a5b,10949264-8492-44d9-ba5c-65c4b7838df4,78096
11e6699e-09c0-4e83-aa27-821896ae0c18,8536988f-ed41-448c-97ce-9555c75abfaa,54194
310f8c32-4e53-4985-bd1b-6da805a969db,4b2c12b4-cdf9-4dc2-b23a-09610cc147eb,58675
f52dd1ff-6bbf-4473-8f2f-718db4a10f87,68dd02c1-3e68-4d4d-8773-fe9569808537,326176
11e6699e-09c0-4e83-aa27-821896ae0c18,2daeec3a-f864-4eba-bdf5-03ccf9feb992,70086
1dc801b8-53d9-46a5-85fd-164140883dd0,12ff259b-fcec-4111-8a3e-92f1b34ef005,480990
9eddc067-b8c5-418d-8707-e41b27dafb46,4d871fb3-f0e1-4dc9-8415-2546e8723250,62559
15ba1443-4cf1-4367-93b6-60fbb95a5b5e,b2063c94-d6ff-4b99-9b1a-191d9fc22602,335056
27a6c30d-3dd4-430c-9b72-6a22b6bc28be,b55783b5-489c-4878-a0aa-c81825d0ae80,143535
1db7abdf-2504-4e24-99b3-3dffe16ee8eb,01961663-3143-4f5c-92e7-965eec12a0f9,413735
83ca04ab-5096-4031-b64a-163ca57dfb1b,d9dbc87f-1fec-4d78-bf2b-ec41887dfd44,150054
dbc42853-f1be-402c-845f-6452bea1fcf0,6e279e72-004f-470e-8bb4-0999c3fc6164,356485
558c8707-3d8a-4375-8e7e-998395fb46e5,04d0fe46-e270-4bf0-b721-ee363d6a6e2f,90494
245f557e-4c75-4015-b6b5-3a52111e716f,b391f9a6-4399-4069-9150-100fa9423b03,178358
0a48b595-c065-4fc3-81fc-25305be2e919,4e6f9bb8-78a5-4e09-9673-cce1f5489a5b,213462
83ca04ab-5096-4031-b64a-163ca57dfb1b,21140c1d-976c-4879-8bdc-a2a06014a372,373359
d59927c9-8f84-405f-b928-2ec21f8c6eb1,11e6699e-09c0-4e83-aa27-821896ae0c18,39584
f5a4a30f-bf41-44c8-b3b3-283ffe260a60,21140c1d-976c-4879-8bdc-a2a06014a372,454275
a43c454e-eaae-4ccf-ba48-24cf178c0031,18036c84-0da6-4c1e-9b11-126a55b485c7,4665
fadaa8d2-d11e-48f4-b113-7ae97265e717,7d7c80c6-da3d-482a-87d2-4323b489f08b,17890
a730d385-0f71-42a3-8b8c-b4195bfa8f1f,58207bba-605a-4b23-98aa-9ac09a28437f,367769
5f9a0ffa-c748-4fbb-95a5-8eab94c05210,7d7d78f3-acce-4f6a-9cea-2a3afcde3e8f,175354
0a48b595-c065-4fc3-81fc-25305be2e919,04d0fe46-e270-4bf0-b721-ee363d6a6e2f,473349
db21b201-6b2e-4e52-ad8d-d44123fc5c63,d9dbc87f-1fec-4d78-bf2b-ec41887dfd44,139449
a730d385-0f71-42a3-8b8c-b4195bfa8f1f,15ba1443-4cf1-4367-93b6-60fbb95a5b5e,137349
5d4da318-295f-43fd-b303-bbd5fc786145,e313b334-d8e0-4f9d-a841-02495ccfd0d4,120392
5065fc4a-0d76-4ae7-84f0-b17d57bc7ce8,e731b69c-eeaf-4cae-8db6-e0cb7a703579,292421
f5a4a30f-bf41-44c8-b3b3-283ffe260a60,48ad0f18-b76e-4483-9afc-cd7e59be5f3a,108121
58207bba-605a-4b23-98aa-9ac09a28437f,51d7b18f-7c8c-4230-a198-36ad0e73f79d,14313
4b2c12b4-cdf9-4dc2-b23a-09610cc147eb,0532f619-2dfb-4ed2-8656-ce67a56128aa,482961
04d0fe46-e270-4bf0-b721-ee363d6a6e2f,0532f619-2dfb-4ed2-8656-ce67a56128aa,342040
d9dbc87f-1fec-4d78-bf2b-ec41887dfd44,65d47575-b37f-4501-841e-142b28a09398,74496
0532f619-2dfb-4ed2-8656-ce67a56128aa,a8fe04d7-c6e9-4857-be39-37559d653f33,150042
47cd9c20-4d9e-4b8a-813b-7cf5ccc918cd,558c8707-3d8a-4375-8e7e-998395fb46e5,64990
0305e738-0366-4b59-9641-5036465d07cd,8536988f-ed41-448c-97ce-9555c75abfaa,72368
4130354e-87e6-4255-9189-522263c3027f,6c6bed17-97db-4220-bcd7-9c74bb5c30a0,505721
384df65c-8611-4041-99a2-9b5a19d87245,4b2c12b4-cdf9-4dc2-b23a-09610cc147eb,92354
095d08c2-5199-4d31-a548-12b5955c61a1,28be9ff8-6e8b-486b-bf5d-0d5f62c0c810,275748
f5a4a30f-bf41-44c8-b3b3-283ffe260a60,fadaa8d2-d11e-48f4-b113-7ae97265e717,118382
d59927c9-8f84-405f-b928-2ec21f8c6eb1,87fcf9bd-c496-499a-8ddd-b5f35af99931,79038
db21b201-6b2e-4e52-ad8d-d44123fc5c63,a8a3a809-1348-41fe-b334-afa6e29e0493,44280
310f8c32-4e53-4985-bd1b-6da805a969db,96e28973-b877-402f-b3ae-36ec55c8844e,113141
9bb7ec36-dda1-4ff9-a738-6f7f2e9f7630,45e57df9-772b-40ca-aafc-898162c69844,91264
7cc6cfa4-c1e9-494a-986b-bbf607bc5550,3fe4fa6b-719c-428e-ab19-ac1e5a83f0f1,360409
b5dc2142-0bad-4987-be8e-d11f22d9ea51,8536988f-ed41-448c-97ce-9555c75abfaa,170532
4b3124e8-5fe8-4c26-8e72-8f6ba2766978,a8fe04d7-c6e9-4857-be39-37559d653f33,262667
96e28973-b877-402f-b3ae-36ec55c8844e,51d7b18f-7c8c-4230-a198-36ad0e73f79d,198387
22a5a25e-618e-456a-b80a-9cbef2c43460,04d0fe46-e270-4bf0-b721-ee363d6a6e2f,9898
11e6699e-09c0-4e83-aa27-821896ae0c18,1db7abdf-2504-4e24-99b3-3dffe16ee8eb,49461
0a48b595-c065-4fc3-81fc-25305be2e919,87fcf9bd-c496-499a-8ddd-b5f35af99931,214551
b35a5f3e-d9e7-47bf-a5f8-e8abdc9166c0,e121b8a7-f238-42b9-8457-181650d599f1,132816
3fe4fa6b-719c-428e-ab19-ac1e5a83f0f1,6c6bed17-97db-4220-bcd7-9c74bb5c30a0,75127
a9b5bf1c-cbe0-4d26-9be9-e219091870fb,4b2c12b4-cdf9-4dc2-b23a-09610cc147eb,317879
28be9ff8-6e8b-486b-bf5d-0d5f62c0c810,27a6c30d-3dd4-430c-9b72-6a22b6bc28be,253743
a9b5bf1c-cbe0-4d26-9be9-e219091870fb,c855958a-64c0-4592-b32a-d7a4c8b2b733,267071
7e557ea8-c91d-46eb-8ca1-0358f43dcabe,0532f619-2dfb-4ed2-8656-ce67a56128aa,95594
54d734a2-73fa-4c9d-8cf3-7a39eaef3b2d,f38f3d11-ca55-4e14-9b7a-3c41774011e1,13378
7d7c80c6-da3d-482a-87d2-4323b489f08b,28be9ff8-6e8b-486b-bf5d-0d5f62c0c810,30158
2993ded9-071e-45bc-9b13-accdf5d3ebec,78560cc8-0cca-433a-8291-89c80601bf63,1989
25cf4233-39d3-47dc-bf10-51d2687e74de,cf8d0727-06ae-41b7-a2bf-c14ea6affcfa,74422
a43c454e-eaae-4ccf-ba48-24cf178c0031,fadaa8d2-d11e-48f4-b113-7ae97265e717,5072
4e6f9bb8-78a5-4e09-9673-cce1f5489a5b,e313b334-d8e0-4f9d-a841-02495ccfd0d4,133648
a43c454e-eaae-4ccf-ba48-24cf178c0031,68dd02c1-3e68-4d4d-8773-fe9569808537,7088
dbc42853-f1be-402c-845f-6452bea1fcf0,47cd9c20-4d9e-4b8a-813b-7cf5ccc918cd,504621
60daa3ab-6065-4f2b-830b-86b36bb4afe8,1ab2769c-a290-4b2f-9e27-da26985f69d8,121050
b5c5b6ab-0337-4187-afc3-a1ec6230064f,1db7abdf-2504-4e24-99b3-3dffe16ee8eb,103869
1dc801b8-53d9-46a5-85fd-164140883dd0,558c8707-3d8a-4375-8e7e-998395fb46e5,155183
12ff259b-fcec-4111-8a3e-92f1b34ef005,a44a2fb9-565b-468e-a23d-5956fdd2e744,111241
a8fe04d7-c6e9-4857-be39-37559d653f33,2130aa47-2aba-4a23-b3ca-a4360325ae32,65370
7e557ea8-c91d-46eb-8ca1-0358f43dcabe,b5c5b6ab-0337-4187-afc3-a1ec6230064f,304273
c9fc8fa1-ca0e-4b1e-904c-80e5d80b2e39,06e59082-1be0-4c86-87a5-ccf1f9fea164,130457
095d08c2-5199-4d31-a548-12b5955c61a1,08610465-eb20-4cef-a770-ee3cd8e75508,193812
a8fe04d7-c6e9-4857-be39-37559d653f33,5f9a0ffa-c748-4fbb-95a5-8eab94c05210,27794
11e6699e-09c0-4e83-aa27-821896ae0c18,48ad0f18-b76e-4483-9afc-cd7e59be5f3a,68883
12ff259b-fcec-4111-8a3e-92f1b34ef005,f5a4a30f-bf41-44c8-b3b3-283ffe260a60,138101
a90a0979-3d6a-4c77-b2ce-81ba1f5311a5,d1f46208-0958-4793-bf89-39afc8da5c85,91147
3628d3b6-b07f-41cd-8c09-8c99afa414ba,f38f3d11-ca55-4e14-9b7a-3c41774011e1,385173
78fd87d1-526d-4b18-8de8-c4c281977037,f52dd1ff-6bbf-4473-8f2f-718db4a10f87,18747
c855958a-64c0-4592-b32a-d7a4c8b2b733,400beeb3-50ab-4b56-8775-3b2b07aedbc3,322148
d3f7b752-a107-4df3-9795-14db35826c73,8536988f-ed41-448c-97ce-9555c75abfaa,290368
853a8faf-f277-4783-a080-1a32165bdc6e,a44a2fb9-565b-468e-a23d-5956fdd2e744,504240
1db7abdf-2504-4e24-99b3-3dffe16ee8eb,12ff259b-fcec-4111-8a3e-92f1b34ef005,274320
0a672532-6002-4b7d-bee3-274a62a9fb5a,b2063c94-d6ff-4b99-9b1a-191d9fc22602,167175
245f557e-4c75-4015-b6b5-3a52111e716f,48ad0f18-b76e-4483-9afc-cd7e59be5f3a,127126
b35a5f3e-d9e7-47bf-a5f8-e8abdc9166c0,78699c1e-3234-4c39-a2d4-5e6e545dc68e,156655
759c268e-84f7-4975-a0d9-19b2cd8f0dde,7e557ea8-c91d-46eb-8ca1-0358f43dcabe,339854
78fd87d1-526d-4b18-8de8-c4c281977037,85b8f4a0-8132-49e1-8991-32d3b09d6b71,22132
759c268e-84f7-4975-a0d9-19b2cd8f0dde,b5dc2142-0bad-4987-be8e-d11f22d9ea51,204454
1a445f91-2ead-438a-9157-e2306187972a,2c9eb637-701c-47c0-86f9-52df6517d923,496821
759c268e-84f7-4975-a0d9-19b2cd8f0dde,e413f084-e90e-424a-b205-f3dd75142edc,206672
78699c1e-3234-4c39-a2d4-5e6e545dc68e,3b07c7ff-6fed-490a-a9e1-f5bafebc6f0b,125592
db21b201-6b2e-4e52-ad8d-d44123fc5c63,245f557e-4c75-4015-b6b5-3a52111e716f,40666
0532f619-2dfb-4ed2-8656-ce67a56128aa,310f8c32-4e53-4985-bd1b-6da805a969db,62743
0a672532-6002-4b7d-bee3-274a62a9fb5a,54835b8a-a27f-4145-a0f6-df40badc1d0e,153359
87d34d56-3bfc-4b8e-b3cf-5f8fc1df2732,07f047c6-eec0-4f71-98d8-0b06fac54ea9,268438
3628d3b6-b07f-41cd-8c09-8c99afa414ba,7e557ea8-c91d-46eb-8ca1-0358f43dcabe,346863
2c754a65-ff58-47e6-85c1-78eb1aca2225,4e6f9bb8-78a5-4e09-9673-cce1f5489a5b,145272
78699c1e-3234-4c39-a2d4-5e6e545dc68e,18036c84-0da6-4c1e-9b11-126a55b485c7,199017
5065fc4a-0d76-4ae7-84f0-b17d57bc7ce8,21140c1d-976c-4879-8bdc-a2a06014a372,211846
fadaa8d2-d11e-48f4-b113-7ae97265e717,2c754a65-ff58-47e6-85c1-78eb1aca2225,61880
08610465-eb20-4cef-a770-ee3cd8e75508,96e28973-b877-402f-b3ae-36ec55c8844e,51577
9bb7ec36-dda1-4ff9-a738-6f7f2e9f7630,4b2c12b4-cdf9-4dc2-b23a-09610cc147eb,87107
b55783b5-489c-4878-a0aa-c81825d0ae80,cce1aaa6-a333-477e-8c63-815bef486b25,142147
400beeb3-50ab-4b56-8775-3b2b07aedbc3,0a48b595-c065-4fc3-81fc-25305be2e919,176694
853a8faf-f277-4783-a080-1a32165bdc6e,d59927c9-8f84-405f-b928-2ec21f8c6eb1,435508
c63bfa5b-d5bb-461c-b9eb-e8744301a90e,b35a5f3e-d9e7-47bf-a5f8-e8abdc9166c0,69730
3b07c7ff-6fed-490a-a9e1-f5bafebc6f0b,78fd87d1-526d-4b18-8de8-c4c281977037,259242
2993ded9-071e-45bc-9b13-accdf5d3ebec,5e62c6a4-2bb4-4e1c-8488-e10c7b1c3f63,9491
64afb508-3fdb-4f14-a721-040f46ad6d54,d3f7b752-a107-4df3-9795-14db35826c73,118208
a8a3a809-1348-41fe-b334-afa6e29e0493,6603d019-cf11-4464-af83-d73a6114d7d9,508982
0a672532-6002-4b7d-bee3-274a62a9fb5a,6e279e72-004f-470e-8bb4-0999c3fc6164,289746
b55783b5-489c-4878-a0aa-c81825d0ae80,1cf3a191-a526-4d97-a3d3-434d14f60ce3,86438
6c6bed17-97db-4220-bcd7-9c74bb5c30a0,e313b334-d8e0-4f9d-a841-02495ccfd0d4,54265
27a6c30d-3dd4-430c-9b72-6a22b6bc28be,e313b334-d8e0-4f9d-a841-02495ccfd0d4,245915
8a1eb4a2-9b78-44bf-bb1e-2556e0dab34c,d7ea63f6-7280-453f-83c2-3f8ddc60ef79,325190
28be9ff8-6e8b-486b-bf5d-0d5f62c0c810,cce1aaa6-a333-477e-8c63-815bef486b25,179093
3628d3b6-b07f-41cd-8c09-8c99afa414ba,18036c84-0da6-4c1e-9b11-126a55b485c7,562625
180627e6-0c19-44ba-82b6-4ec97d3ad85d,c63bfa5b-d5bb-461c-b9eb-e8744301a90e,136334
4130354e-87e6-4255-9189-522263c3027f,8c6f7203-3c40-4766-9212-79d89260e8e9,195985
b35a5f3e-d9e7-47bf-a5f8-e8abdc9166c0,db21b201-6b2e-4e52-ad8d-d44123fc5c63,62217
25cf4233-39d3-47dc-bf10-51d2687e74de,5d4da318-295f-43fd-b303-bbd5fc786145,76047
fadaa8d2-d11e-48f4-b113-7ae97265e717,10949264-8492-44d9-ba5c-65c4b7838df4,51548
7e557ea8-c91d-46eb-8ca1-0358f43dcabe,e413f084-e90e-424a-b205-f3dd75142edc,293993
a9b5bf1c-cbe0-4d26-9be9-e219091870fb,384df65c-8611-4041-99a2-9b5a19d87245,294613
78560cc8-0cca-433a-8291-89c80601bf63,5065fc4a-0d76-4ae7-84f0-b17d57bc7ce8,59092
f5a4a30f-bf41-44c8-b3b3-283ffe260a60,4b3124e8-5fe8-4c26-8e72-8f6ba2766978,234675
87d34d56-3bfc-4b8e-b3cf-5f8fc1df2732,1dc801b8-53d9-46a5-85fd-164140883dd0,118377
0305e738-0366-4b59-9641-5036465d07cd,45e57df9-772b-40ca-aafc-898162c69844,217550
2c9eb637-701c-47c0-86f9-52df6517d923,01961663-3143-4f5c-92e7-965eec12a0f9,162990
a44a2fb9-565b-468e-a23d-5956fdd2e744,8a1eb4a2-9b78-44bf-bb1e-2556e0dab34c,45359
4b2c12b4-cdf9-4dc2-b23a-09610cc147eb,25b1246f-0e37-44e9-a053-8fa48c7f8e1e,406888
4b3124e8-5fe8-4c26-8e72-8f6ba2766978,5f9a0ffa-c748-4fbb-95a5-8eab94c05210,344128
245f557e-4c75-4015-b6b5-3a52111e716f,119ea857-b60b-491c-8e01-ab437e50f26e,65054
3b07c7ff-6fed-490a-a9e1-f5bafebc6f0b,12ff259b-fcec-4111-8a3e-92f1b34ef005,174807
ea73977d-dcbd-4fd4-81c2-5ac84fa64cac,2daeec3a-f864-4eba-bdf5-03ccf9feb992,89610
394c6a7f-f4e5-40b8-bf5b-a953d624f184,e121b8a7-f238-42b9-8457-181650d599f1,199830
04d0fe46-e270-4bf0-b721-ee363d6a6e2f,1277cc00-3031-42e9-bb55-37ca86bbfb7c,360230
58207bba-605a-4b23-98aa-9ac09a28437f,cd0aac86-7ac4-4828-8feb-b4a36d4f517c,8966
87d34d56-3bfc-4b8e-b3cf-5f8fc1df2732,12ff259b-fcec-4111-8a3e-92f1b34ef005,152698
5e62c6a4-2bb4-4e1c-8488-e10c7b1c3f63,25cf4233-39d3-47dc-bf10-51d2687e74de,191604
8a5a20aa-c7aa-4e06-b3af-7285634af283,78fd87d1-526d-4b18-8de8-c4c281977037,5735
f52dd1ff-6bbf-4473-8f2f-718db4a10f87,4d871fb3-f0e1-4dc9-8415-2546e8723250,473857
1277cc00-3031-42e9-bb55-37ca86bbfb7c,06e59082-1be0-4c86-87a5-ccf1f9fea164,243520
99d5f7aa-2bc3-4aab-be55-528b049579c6,07f047c6-eec0-4f71-98d8-0b06fac54ea9,461520
310f8c32-4e53-4985-bd1b-6da805a969db,c9fc8fa1-ca0e-4b1e-904c-80e5d80b2e39,90929
64afb508-3fdb-4f14-a721-040f46ad6d54,a90a0979-3d6a-4c77-b2ce-81ba1f5311a5,148036
d9dbc87f-1fec-4d78-bf2b-ec41887dfd44,394c6a7f-f4e5-40b8-bf5b-a953d624f184,178056
558c8707-3d8a-4375-8e7e-998395fb46e5,7d7c80c6-da3d-482a-87d2-4323b489f08b,55525
cd0aac86-7ac4-4828-8feb-b4a36d4f517c,839cc007-0190-43a3-a229-b97fe0fdddd1,141603
60daa3ab-6065-4f2b-830b-86b36bb4afe8,22a5a25e-618e-456a-b80a-9cbef2c43460,89243
04d0fe46-e270-4bf0-b721-ee363d6a6e2f,0a672532-6002-4b7d-bee3-274a62a9fb5a,348282
8536988f-ed41-448c-97ce-9555c75abfaa,1cf3a191-a526-4d97-a3d3-434d14f60ce3,163990
1cf3a191-a526-4d97-a3d3-434d14f60ce3,8a5a20aa-c7aa-4e06-b3af-7285634af283,246019
78fd87d1-526d-4b18-8de8-c4c281977037,1277cc00-3031-42e9-bb55-37ca86bbfb7c,22922
51d7b18f-7c8c-4230-a198-36ad0e73f79d,01961663-3143-4f5c-92e7-965eec12a0f9,521051
22a5a25e-618e-456a-b80a-9cbef2c43460,394c6a7f-f4e5-40b8-bf5b-a953d624f184,36777
78699c1e-3234-4c39-a2d4-5e6e545dc68e,a9b5bf1c-cbe0-4d26-9be9-e219091870fb,166050
64afb508-3fdb-4f14-a721-040f46ad6d54,0e73205f-4f6a-4208-ad93-9e5206df13c7,524410
e7338740-b7ee-469c-9c74-bee7dd5f18d2,5d4da318-295f-43fd-b303-bbd5fc786145,67240
a90a0979-3d6a-4c77-b2ce-81ba1f5311a5,68dd02c1-3e68-4d4d-8773-fe9569808537,37158
28be9ff8-6e8b-486b-bf5d-0d5f62c0c810,3fe4fa6b-719c-428e-ab19-ac1e5a83f0f1,385491
a8fe04d7-c6e9-4857-be39-37559d653f33,9eddc067-b8c5-418d-8707-e41b27dafb46,160716
0a48b595-c065-4fc3-81fc-25305be2e919,464300eb-3855-4132-b377-6fe93a794fee,277428
12ff259b-fcec-4111-8a3e-92f1b34ef005,e313b334-d8e0-4f9d-a841-02495ccfd0d4,233526
25cf4233-39d3-47dc-bf10-51d2687e74de,99d5f7aa-2bc3-4aab-be55-528b049579c6,40378
11e6699e-09c0-4e83-aa27-821896ae0c18,d1f46208-0958-4793-bf89-39afc8da5c85,52095
58207bba-605a-4b23-98aa-9ac09a28437f,119ea857-b60b-491c-8e01-ab437e50f26e,3552
0305e738-0366-4b59-9641-5036465d07cd,e7338740-b7ee-469c-9c74-bee7dd5f18d2,199481
12ff259b-fcec-4111-8a3e-92f1b34ef005,b2063c94-d6ff-4b99-9b1a-191d9fc22602,138202
14d26f53-dd5e-4cfa-aada-67c21bb5d939,7fba12e8-f336-4a99-a479-dbcb1fc058b8,131332
1a445f91-2ead-438a-9157-e2306187972a,b55783b5-489c-4878-a0aa-c81825d0ae80,437583
1cf3a191-a526-4d97-a3d3-434d14f60ce3,8a5a20aa-c7aa-4e06-b3af-7285634af283,435360
99d5f7aa-2bc3-4aab-be55-528b049579c6,07f047c6-eec0-4f71-98d8-0b06fac54ea9,224572
db21b201-6b2e-4e52-ad8d-d44123fc5c63,2130aa47-2aba-4a23-b3ca-a4360325ae32,70479
0532f619-2dfb-4ed2-8656-ce67a56128aa,b35a5f3e-d9e7-47bf-a5f8-e8abdc9166c0,113406
394c6a7f-f4e5-40b8-bf5b-a953d624f184,47cd9c20-4d9e-4b8a-813b-7cf5ccc918cd,50109
d3f7b752-a107-4df3-9795-14db35826c73,095d08c2-5199-4d31-a548-12b5955c61a1,426056
48ad0f18-b76e-4483-9afc-cd7e59be5f3a,0305e738-0366-4b59-9641-5036465d07cd,238258
e313b334-d8e0-4f9d-a841-02495ccfd0d4,3535f85d-9583-4470-ac4c-9afdc1038270,356996
87fcf9bd-c496-499a-8ddd-b5f35af99931,0532f619-2dfb-4ed2-8656-ce67a56128aa,91202
96e28973-b877-402f-b3ae-36ec55c8844e,58207bba-605a-4b23-98aa-9ac09a28437f,375279
47cd9c20-4d9e-4b8a-813b-7cf5ccc918cd,759c268e-84f7-4975-a0d9-19b2cd8f0dde,91259
400beeb3-50ab-4b56-8775-3b2b07aedbc3,a8a3a809-1348-41fe-b334-afa6e29e0493,68856
47cd9c20-4d9e-4b8a-813b-7cf5ccc918cd,4d871fb3-f0e1-4dc9-8415-2546e8723250,79464
14d26f53-dd5e-4cfa-aada-67c21bb5d939,7cc6cfa4-c1e9-494a-986b-bbf607bc5550,172664
8a5a20aa-c7aa-4e06-b3af-7285634af283,87d34d56-3bfc-4b8e-b3cf-5f8fc1df2732,10799
3628d3b6-b07f-41cd-8c09-8c99afa414ba,25b1246f-0e37-44e9-a053-8fa48c7f8e1e,561190
06e59082-1be0-4c86-87a5-ccf1f9fea164,2daeec3a-f864-4eba-bdf5-03ccf9feb992,370764
78fd87d1-526d-4b18-8de8-c4c281977037,f5a4a30f-bf41-44c8-b3b3-283ffe260a60,13732
5d4da318-295f-43fd-b303-bbd5fc786145,cd4373fe-0091-4421-898d-1322bb7921e8,179996
558c8707-3d8a-4375-8e7e-998395fb46e5,85b8f4a0-8132-49e1-8991-32d3b09d6b71,54120
7d7d78f3-acce-4f6a-9cea-2a3afcde3e8f,1a445f91-2ead-438a-9157-e2306187972a,10779
15ba1443-4cf1-4367-93b6-60fbb95a5b5e,cd0aac86-7ac4-4828-8feb-b4a36d4f517c,108285
a43c454e-eaae-4ccf-ba48-24cf178c0031,dbc42853-f1be-402c-845f-6452bea1fcf0,4442
32fffa33-1cd7-46d6-8e2e-e98450886d01,464300eb-3855-4132-b377-6fe93a794fee,13497
2c754a65-ff58-47e6-85c1-78eb1aca2225,22a5a25e-618e-456a-b80a-9cbef2c43460,188781
68dd02c1-3e68-4d4d-8773-fe9569808537,b31626b2-19f3-473f-8056-240a12f26768,577763
18036c84-0da6-4c1e-9b11-126a55b485c7,0532f619-2dfb-4ed2-8656-ce67a56128aa,243629
04d0fe46-e270-4bf0-b721-ee363d6a6e2f,15ba1443-4cf1-4367-93b6-60fbb95a5b5e,211602
e313b334-d8e0-4f9d-a841-02495ccfd0d4,01961663-3143-4f5c-92e7-965eec12a0f9,275682
4b2c12b4-cdf9-4dc2-b23a-09610cc147eb,2130aa47-2aba-4a23-b3ca-a4360325ae32,279349
e121b8a7-f238-42b9-8457-181650d599f1,54d734a2-73fa-4c9d-8cf3-7a39eaef3b2d,14622
27a6c30d-3dd4-430c-9b72-6a22b6bc28be,a8fe04d7-c6e9-4857-be39-37559d653f33,203061
f5a4a30f-bf41-44c8-b3b3-283ffe260a60,464300eb-3855-4132-b377-6fe93a794fee,458837
cd4373fe-0091-4421-898d-1322bb7921e8,1cf3a191-a526-4d97-a3d3-434d14f60ce3,424035
cf8d0727-06ae-41b7-a2bf-c14ea6affcfa,47cd9c20-4d9e-4b8a-813b-7cf5ccc918cd,51725
cd4373fe-0091-4421-898d-1322bb7921e8,5e62c6a4-2bb4-4e1c-8488-e10c7b1c3f63,205385
67a1a352-63c6-43f9-9d71-ce28a20ae21c,b54ac68a-3eca-435c-8902-200a1a1b09ff,14785
68dd02c1-3e68-4d4d-8773-fe9569808537,7e557ea8-c91d-46eb-8ca1-0358f43dcabe,314187
1dc801b8-53d9-46a5-85fd-164140883dd0,a730d385-0f71-42a3-8b8c-b4195bfa8f1f,439007
e731b69c-eeaf-4cae-8db6-e0cb7a703579,3fe4fa6b-719c-428e-ab19-ac1e5a83f0f1,16479
180627e6-0c19-44ba-82b6-4ec97d3ad85d,5d4da318-295f-43fd-b303-bbd5fc786145,149030
25b1246f-0e37-44e9-a053-8fa48c7f8e1e,11e6699e-09c0-4e83-aa27-821896ae0c18,152406
99d5f7aa-2bc3-4aab-be55-528b049579c6,78560cc8-0cca-433a-8291-89c80601bf63,568311
384df65c-8611-4041-99a2-9b5a19d87245,5e62c6a4-2bb4-4e1c-8488-e10c7b1c3f63,59525
25b1246f-0e37-44e9-a053-8fa48c7f8e1e,15ba1443-4cf1-4367-93b6-60fbb95a5b5e,144852
08610465-eb20-4cef-a770-ee3cd8e75508,c855958a-64c0-4592-b32a-d7a4c8b2b733,198799
87d34d56-3bfc-4b8e-b3cf-5f8fc1df2732,a730d385-0f71-42a3-8b8c-b4195bfa8f1f,265632
a8a3a809-1348-41fe-b334-afa6e29e0493,3b07c7ff-6fed-490a-a9e1-f5bafebc6f0b,524831
0a672532-6002-4b7d-bee3-274a62a9fb5a,32fffa33-1cd7-46d6-8e2e-e98450886d01,94264
cd4373fe-0091-4421-898d-1322bb7921e8,7e557ea8-c91d-46eb-8ca1-0358f43dcabe,325952
e7338740-b7ee-469c-9c74-bee7dd5f18d2,85b8f4a0-8132-49e1-8991-32d3b09d6b71,286847
2c9eb637-701c-47c0-86f9-52df6517d923,96e28973-b877-402f-b3ae-36ec55c8844e,164511
45e57df9-772b-40ca-aafc-898162c69844,d59927c9-8f84-405f-b928-2ec21f8c6eb1,419396
8a5a20aa-c7aa-4e06-b3af-7285634af283,a8fe04d7-c6e9-4857-be39-37559d653f33,7836
e7338740-b7ee-469c-9c74-bee7dd5f18d2,cd0aac86-7ac4-4828-8feb-b4a36d4f517c,125187
9303996d-4078-4c79-80db-6a3eaa36104a,58207bba-605a-4b23-98aa-9ac09a28437f,121360
cd0aac86-7ac4-4828-8feb-b4a36d4f517c,1dc801b8-53d9-46a5-85fd-164140883dd0,211731
e413f084-e90e-424a-b205-f3dd75142edc,78fd87d1-526d-4b18-8de8-c4c281977037,34548
08610465-eb20-4cef-a770-ee3cd8e75508,cce1aaa6-a333-477e-8c63-815bef486b25,71697
a8fe04d7-c6e9-4857-be39-37559d653f33,a9b5bf1c-cbe0-4d26-9be9-e219091870fb,50760
0532f619-2dfb-4ed2-8656-ce67a56128aa,e731b69c-eeaf-4cae-8db6-e0cb7a703579,181627
2daeec3a-f864-4eba-bdf5-03ccf9feb992,08610465-eb20-4cef-a770-ee3cd8e75508,169900
29e9ab61-e061-4d94-8cd3-c99446d51c55,c63bfa5b-d5bb-461c-b9eb-e8744301a90e,73258
d1f46208-0958-4793-bf89-39afc8da5c85,08610465-eb20-4cef-a770-ee3cd8e75508,185322
1db7abdf-2504-4e24-99b3-3dffe16ee8eb,dbc42853-f1be-402c-845f-6452bea1fcf0,388060
0a48b595-c065-4fc3-81fc-25305be2e919,3b07c7ff-6fed-490a-a9e1-f5bafebc6f0b,211138
3628d3b6-b07f-41cd-8c09-8c99afa414ba,d3f7b752-a107-4df3-9795-14db35826c73,593217
b154fd49-3672-4066-8fe1-a9993e912518,29e9ab61-e061-4d94-8cd3-c99446d51c55,26956
f38f3d11-ca55-4e14-9b7a-3c41774011e1,d59927c9-8f84-405f-b928-2ec21f8c6eb1,270752
7fba12e8-f336-4a99-a479-dbcb1fc058b8,11e6699e-09c0-4e83-aa27-821896ae0c18,380733
54d734a2-73fa-4c9d-8cf3-7a39eaef3b2d,6c6bed17-97db-4220-bcd7-9c74bb5c30a0,30437
3b07c7ff-6fed-490a-a9e1-f5bafebc6f0b,e313b334-d8e0-4f9d-a841-02495ccfd0d4,322139
5e62c6a4-2bb4-4e1c-8488-e10c7b1c3f63,b2063c94-d6ff-4b99-9b1a-191d9fc22602,142599
095d08c2-5199-4d31-a548-12b5955c61a1,394c6a7f-f4e5-40b8-bf5b-a953d624f184,315930
c855958a-64c0-4592-b32a-d7a4c8b2b733,8a1eb4a2-9b78-44bf-bb1e-2556e0dab34c,89290
a90a0979-3d6a-4c77-b2ce-81ba1f5311a5,15ba1443-4cf1-4367-93b6-60fbb95a5b5e,55407
558c8707-3d8a-4375-8e7e-998395fb46e5,e121b8a7-f238-42b9-8457-181650d599f1,39683
85b8f4a0-8132-49e1-8991-32d3b09d6b71,78560cc8-0cca-433a-8291-89c80601bf63,75849
1ab2769c-a290-4b2f-9e27-da26985f69d8,99d5f7aa-2bc3-4aab-be55-528b049579c6,337711
99d5f7aa-2bc3-4aab-be55-528b049579c6,b55783b5-489c-4878-a0aa-c81825d0ae80,472848
3535f85d-9583-4470-ac4c-9afdc1038270,4b2c12b4-cdf9-4dc2-b23a-09610cc147eb,206743
cd0aac86-7ac4-4828-8feb-b4a36d4f517c,9303996d-4078-4c79-80db-6a3eaa36104a,198027
e121b8a7-f238-42b9-8457-181650d599f1,e413f084-e90e-424a-b205-f3dd75142edc,8973
64afb508-3fdb-4f14-a721-040f46ad6d54,1db7abdf-2504-4e24-99b3-3dffe16ee8eb,180781
4d871fb3-f0e1-4dc9-8415-2546e8723250,a44a2fb9-565b-468e-a23d-5956fdd2e744,116823
f52dd1ff-6bbf-4473-8f2f-718db4a10f87,29e9ab61-e061-4d94-8cd3-c99446d51c55,543973
08610465-eb20-4cef-a770-ee3cd8e75508,d1f46208-0958-4793-bf89-39afc8da5c85,92829
98eab8e7-ae72-4457-9ea0-742b7ae8093d,15ba1443-4cf1-4367-93b6-60fbb95a5b5e,56479
28be9ff8-6e8b-486b-bf5d-0d5f62c0c810,29e9ab61-e061-4d94-8cd3-c99446d51c55,441558
1ab2769c-a290-4b2f-9e27-da26985f69d8,f5a4a30f-bf41-44c8-b3b3-283ffe260a60,476635
2daeec3a-f864-4eba-bdf5-03ccf9feb992,48ad0f18-b76e-4483-9afc-cd7e59be5f3a,261462
e313b334-d8e0-4f9d-a841-02495ccfd0d4,d3f7b752-a107-4df3-9795-14db35826c73,377072
e3dc7114-400f-4423-b05f-d6c737c28279,54d734a2-73fa-4c9d-8cf3-7a39eaef3b2d,73644
7fba12e8-f336-4a99-a479-dbcb1fc058b8,01961663-3143-4f5c-92e7-965eec12a0f9,114255
98eab8e7-ae72-4457-9ea0-742b7ae8093d,b2063c94-d6ff-4b99-9b1a-191d9fc22602,47514
0a48b595-c065-4fc3-81fc-25305be2e919,83ca04ab-5096-4031-b64a-163ca57dfb1b,442765
15ba1443-4cf1-4367-93b6-60fbb95a5b5e,18036c84-0da6-4c1e-9b11-126a55b485c7,254727
11e6699e-09c0-4e83-aa27-821896ae0c18,b5c5b6ab-0337-4187-afc3-a1ec6230064f,26590
c9fc8fa1-ca0e-4b1e-904c-80e5d80b2e39,e313b334-d8e0-4f9d-a841-02495ccfd0d4,80017
b55783b5-489c-4878-a0aa-c81825d0ae80,b154fd49-3672-4066-8fe1-a9993e912518,67067
47cd9c20-4d9e-4b8a-813b-7cf5ccc918cd,8536988f-ed41-448c-97ce-9555c75abfaa,124005
400beeb3-50ab-4b56-8775-3b2b07aedbc3,759c268e-84f7-4975-a0d9-19b2cd8f0dde,115039
8a5a20aa-c7aa-4e06-b3af-7285634af283,3628d3b6-b07f-41cd-8c09-8c99afa414ba,10670
07f047c6-eec0-4f71-98d8-0b06fac54ea9,2993ded9-071e-45bc-9b13-accdf5d3ebec,330893
d3f7b752-a107-4df3-9795-14db35826c73,d9dbc87f-1fec-4d78-bf2b-ec41887dfd44,449315
65d47575-b37f-4501-841e-142b28a09398,1dc801b8-53d9-46a5-85fd-164140883dd0,39652
10949264-8492-44d9-ba5c-65c4b7838df4,e121b8a7-f238-42b9-8457-181650d599f1,264410
cb0c31f6-0fd6-46de-af02-5d25005aa5bb,67a1a352-63c6-43f9-9d71-ce28a20ae21c,330603
d3f7b752-a107-4df3-9795-14db35826c73,4e6f9bb8-78a5-4e09-9673-cce1f5489a5b,210901
78560cc8-0cca-433a-8291-89c80601bf63,0a48b595-c065-4fc3-81fc-25305be2e919,40265
04d0fe46-e270-4bf0-b721-ee363d6a6e2f,3628d3b6-b07f-41cd-8c09-8c99afa414ba,198806
1db7abdf-2504-4e24-99b3-3dffe16ee8eb,1dc801b8-53d9-46a5-85fd-164140883dd0,349382
119ea857-b60b-491c-8e01-ab437e50f26e,2c9eb637-701c-47c0-86f9-52df6517d923,254533
22a5a25e-618e-456a-b80a-9cbef2c43460,180627e6-0c19-44ba-82b6-4ec97d3ad85d,32400
245f557e-4c75-4015-b6b5-3a52111e716f,cb0c31f6-0fd6-46de-af02-5d25005aa5bb,182677
384df65c-8611-4041-99a2-9b5a19d87245,7fba12e8-f336-4a99-a479-dbcb1fc058b8,66982
4e6f9bb8-78a5-4e09-9673-cce1f5489a5b,ea73977d-dcbd-4fd4-81c2-5ac84fa64cac,173355
14d26f53-dd5e-4cfa-aada-67c21bb5d939,87d34d56-3bfc-4b8e-b3cf-5f8fc1df2732,60157
310f8c32-4e53-4985-bd1b-6da805a969db,14d26f53-dd5e-4cfa-aada-67c21bb5d939,49037
3628d3b6-b07f-41cd-8c09-8c99afa414ba,12ff259b-fcec-4111-8a3e-92f1b34ef005,275235
8a5a20aa-c7aa-4e06-b3af-7285634af283,1ab2769c-a290-4b2f-9e27-da26985f69d8,7840
3628d3b6-b07f-41cd-8c09-8c99afa414ba,2130aa47-2aba-4a23-b3ca-a4360325ae32,225759
15ba1443-4cf1-4367-93b6-60fbb95a5b5e,a8a3a809-1348-41fe-b334-afa6e29e0493,401532
d7ea63f6-7280-453f-83c2-3f8ddc60ef79,0a672532-6002-4b7d-bee3-274a62a9fb5a,290928
b54ac68a-3eca-435c-8902-200a1a1b09ff,1dc801b8-53d9-46a5-85fd-164140883dd0,218450
58207bba-605a-4b23-98aa-9ac09a28437f,1db7abdf-2504-4e24-99b3-3dffe16ee8eb,15772
4e6f9bb8-78a5-4e09-9673-cce1f5489a5b,cd4373fe-0091-4421-898d-1322bb7921e8,89915
a730d385-0f71-42a3-8b8c-b4195bfa8f1f,b391f9a6-4399-4069-9150-100fa9423b03,324720
e313b334-d8e0-4f9d-a841-02495ccfd0d4,400beeb3-50ab-4b56-8775-3b2b07aedbc3,247891
a8fe04d7-c6e9-4857-be39-37559d653f33,384df65c-8611-4041-99a2-9b5a19d87245,39074
8c6f7203-3c40-4766-9212-79d89260e8e9,98eab8e7-ae72-4457-9ea0-742b7ae8093d,304550
54835b8a-a27f-4145-a0f6-df40badc1d0e,11e6699e-09c0-4e83-aa27-821896ae0c18,86932
12ff259b-fcec-4111-8a3e-92f1b34ef005,5f9a0ffa-c748-4fbb-95a5-8eab94c05210,249572
01961663-3143-4f5c-92e7-965eec12a0f9,54835b8a-a27f-4145-a0f6-df40badc1d0e,275837
e731b69c-eeaf-4cae-8db6-e0cb7a703579,cd4373fe-0091-4421-898d-1322bb7921e8,20448
b391f9a6-4399-4069-9150-100fa9423b03,a8a3a809-1348-41fe-b334-afa6e29e0493,425907
d7ea63f6-7280-453f-83c2-3f8ddc60ef79,394c6a7f-f4e5-40b8-bf5b-a953d624f184,256491
b391f9a6-4399-4069-9150-100fa9423b03,9eddc067-b8c5-418d-8707-e41b27dafb46,380140
310f8c32-4e53-4985-bd1b-6da805a969db,384df65c-8611-4041-99a2-9b5a19d87245,113916
b2063c94-d6ff-4b99-9b1a-191d9fc22602,9bb7ec36-dda1-4ff9-a738-6f7f2e9f7630,219289
1a445f91-2ead-438a-9157-e2306187972a,e7338740-b7ee-469c-9c74-bee7dd5f18d2,351851
310f8c32-4e53-4985-bd1b-6da805a969db,b54ac68a-3eca-435c-8902-200a1a1b09ff,40646
87fcf9bd-c496-499a-8ddd-b5f35af99931,5d4da318-295f-43fd-b303-bbd5fc786145,52608
18036c84-0da6-4c1e-9b11-126a55b485c7,853a8faf-f277-4783-a080-1a32165bdc6e,221562
cb0c31f6-0fd6-46de-af02-5d25005aa5bb,01961663-3143-4f5c-92e7-965eec12a0f9,129134
58207bba-605a-4b23-98aa-9ac09a28437f,54d734a2-73fa-4c9d-8cf3-7a39eaef3b2d,17345
cf8d0727-06ae-41b7-a2bf-c14ea6affcfa,87fcf9bd-c496-499a-8ddd-b5f35af99931,27684
98eab8e7-ae72-4457-9ea0-742b7ae8093d,25b1246f-0e37-44e9-a053-8fa48c7f8e1e,41735
f5a4a30f-bf41-44c8-b3b3-283ffe260a60,245f557e-4c75-4015-b6b5-3a52111e716f,103072
d7ea63f6-7280-453f-83c2-3f8ddc60ef79,245f557e-4c75-4015-b6b5-3a52111e716f,135502
14d26f53-dd5e-4cfa-aada-67c21bb5d939,25b1246f-0e37-44e9-a053-8fa48c7f8e1e,185509
7e557ea8-c91d-46eb-8ca1-0358f43dcabe,d7ea63f6-7280-453f-83c2-3f8ddc60ef79,185694
cd4373fe-0091-4421-898d-1322bb7921e8,7d7c80c6-da3d-482a-87d2-4323b489f08b,560949
11e6699e-09c0-4e83-aa27-821896ae0c18,7cc6cfa4-c1e9-494a-986b-bbf607bc5550,70890
245f557e-4c75-4015-b6b5-3a52111e716f,839cc007-0190-43a3-a229-b97fe0fdddd1,126324
14d26f53-dd5e-4cfa-aada-67c21bb5d939,15ba1443-4cf1-4367-93b6-60fbb95a5b5e,66155
08610465-eb20-4cef-a770-ee3cd8e75508,0e73205f-4f6a-4208-ad93-9e5206df13c7,163076
6603d019-cf11-4464-af83-d73a6114d7d9,0305e738-0366-4b59-9641-5036465d07cd,23872
1ab2769c-a290-4b2f-9e27-da26985f69d8,08610465-eb20-4cef-a770-ee3cd8e75508,276632
095d08c2-5199-4d31-a548-12b5955c61a1,12ff259b-fcec-4111-8a3e-92f1b34ef005,281893
25b1246f-0e37-44e9-a053-8fa48c7f8e1e,4e6f9bb8-78a5-4e09-9673-cce1f5489a5b,221083
14d26f53-dd5e-4cfa-aada-67c21bb5d939,6c6bed17-97db-4220-bcd7-9c74bb5c30a0,188342
8c6f7203-3c40-4766-9212-79d89260e8e9,0a672532-6002-4b7d-bee3-274a62a9fb5a,435966
7e557ea8-c91d-46eb-8ca1-0358f43dcabe,8536988f-ed41-448c-97ce-9555c75abfaa,78875
01961663-3143-4f5c-92e7-965eec12a0f9,2130aa47-2aba-4a23-b3ca-a4360325ae32,281664
e731b69c-eeaf-4cae-8db6-e0cb7a703579,3628d3b6-b07f-41cd-8c09-8c99afa414ba,23731
d59927c9-8f84-405f-b928-2ec21f8c6eb1,0305e738-0366-4b59-9641-5036465d07cd,77116
8a1eb4a2-9b78-44bf-bb1e-2556e0dab34c,464300eb-3855-4132-b377-6fe93a794fee,145347
54d734a2-73fa-4c9d-8cf3-7a39eaef3b2d,e121b8a7-f238-42b9-8457-181650d599f1,55952
58207bba-605a-4b23-98aa-9ac09a28437f,a9b5bf1c-cbe0-4d26-9be9-e219091870fb,12316
d1f46208-0958-4793-bf89-39afc8da5c85,3628d3b6-b07f-41cd-8c09-8c99afa414ba,278013
01961663-3143-4f5c-92e7-965eec12a0f9,558c8707-3d8a-4375-8e7e-998395fb46e5,202343
a43c454e-eaae-4ccf-ba48-24cf178c0031,e413f084-e90e-424a-b205-f3dd75142edc,3689
a9b5bf1c-cbe0-4d26-9be9-e219091870fb,9303996d-4078-4c79-80db-6a3eaa36104a,76204
4b2c12b4-cdf9-4dc2-b23a-09610cc147eb,1277cc00-3031-42e9-bb55-37ca86bbfb7c,292482
5d4da318-295f-43fd-b303-bbd5fc786145,180627e6-0c19-44ba-82b6-4ec97d3ad85d,88087
d3f7b752-a107-4df3-9795-14db35826c73,e121b8a7-f238-42b9-8457-181650d599f1,338115
095d08c2-5199-4d31-a548-12b5955c61a1,f52dd1ff-6bbf-4473-8f2f-718db4a10f87,261162
180627e6-0c19-44ba-82b6-4ec97d3ad85d,1dc801b8-53d9-46a5-85fd-164140883dd0,119453
b31626b2-19f3-473f-8056-240a12f26768,e413f084-e90e-424a-b205-f3dd75142edc,556949
d59927c9-8f84-405f-b928-2ec21f8c6eb1,180627e6-0c19-44ba-82b6-4ec97d3ad85d,65106
400beeb3-50ab-4b56-8775-3b2b07aedbc3,12ff259b-fcec-4111-8a3e-92f1b34ef005,141671
29e9ab61-e061-4d94-8cd3-c99446d51c55,2c9eb637-701c-47c0-86f9-52df6517d923,287033
5d4da318-295f-43fd-b303-bbd5fc786145,78699c1e-3234-4c39-a2d4-5e6e545dc68e,116552
06e59082-1be0-4c86-87a5-ccf1f9fea164,e313b334-d8e0-4f9d-a841-02495ccfd0d4,102632
68dd02c1-3e68-4d4d-8773-fe9569808537,400beeb3-50ab-4b56-8775-3b2b07aedbc3,361670
2c754a65-ff58-47e6-85c1-78eb1aca2225,99d5f7aa-2bc3-4aab-be55-528b049579c6,209002
4b3124e8-5fe8-4c26-8e72-8f6ba2766978,1dc801b8-53d9-46a5-85fd-164140883dd0,96823
cb0c31f6-0fd6-46de-af02-5d25005aa5bb,2993ded9-071e-45bc-9b13-accdf5d3ebec,194976
cd0aac86-7ac4-4828-8feb-b4a36d4f517c,5065fc4a-0d76-4ae7-84f0-b17d57bc7ce8,123920
67a1a352-63c6-43f9-9d71-ce28a20ae21c,25b1246f-0e37-44e9-a053-8fa48c7f8e1e,19761
3b07c7ff-6fed-490a-a9e1-f5bafebc6f0b,400beeb3-50ab-4b56-8775-3b2b07aedbc3,353027
cd0aac86-7ac4-4828-8feb-b4a36d4f517c,9bb7ec36-dda1-4ff9-a738-6f7f2e9f7630,252046
32fffa33-1cd7-46d6-8e2e-e98450886d01,b2063c94-d6ff-4b99-9b1a-191d9fc22602,39154
464300eb-3855-4132-b377-6fe93a794fee,b55783b5-489c-4878-a0aa-c81825d0ae80,135125
d59927c9-8f84-405f-b928-2ec21f8c6eb1,6603d019-cf11-4464-af83-d73a6114d7d9,60569
db21b201-6b2e-4e52-ad8d-d44123fc5c63,8a1eb4a2-9b78-44bf-bb1e-2556e0dab34c,133116
a730d385-0f71-42a3-8b8c-b4195bfa8f1f,87d34d56-3bfc-4b8e-b3cf-5f8fc1df2732,327555
c9fc8fa1-ca0e-4b1e-904c-80e5d80b2e39,e731b69c-eeaf-4cae-8db6-e0cb7a703579,213316
464300eb-3855-4132-b377-6fe93a794fee,5065fc4a-0d76-4ae7-84f0-b17d57bc7ce8,98678
b35a5f3e-d9e7-47bf-a5f8-e8abdc9166c0,db21b201-6b2e-4e52-ad8d-d44123fc5c63,128887
5065fc4a-0d76-4ae7-84f0-b17d57bc7ce8,a43c454e-eaae-4ccf-ba48-24cf178c0031,245423
7e557ea8-c91d-46eb-8ca1-0358f43dcabe,78560cc8-0cca-433a-8291-89c80601bf63,365867
d9dbc87f-1fec-4d78-bf2b-ec41887dfd44,a44a2fb9-565b-468e-a23d-5956fdd2e744,234612
cd0aac86-7ac4-4828-8feb-b4a36d4f517c,fadaa8d2-d11e-48f4-b113-7ae97265e717,172717
1db7abdf-2504-4e24-99b3-3dffe16ee8eb,a43c454e-eaae-4ccf-ba48-24cf178c0031,290921
7e557ea8-c91d-46eb-8ca1-0358f43dcabe,d7ea63f6-7280-453f-83c2-3f8ddc60ef79,259875
245f557e-4c75-4015-b6b5-3a52111e716f,b5dc2142-0bad-4987-be8e-d11f22d9ea51,137942
cd0aac86-7ac4-4828-8feb-b4a36d4f517c,10949264-8492-44d9-ba5c-65c4b7838df4,188664
0e73205f-4f6a-4208-ad93-9e5206df13c7,98eab8e7-ae72-4457-9ea0-742b7ae8093d,349986
4b3124e8-5fe8-4c26-8e72-8f6ba2766978,7e557ea8-c91d-46eb-8ca1-0358f43dcabe,375449
4d871fb3-f0e1-4dc9-8415-2546e8723250,c63bfa5b-d5bb-461c-b9eb-e8744301a90e,193219
400beeb3-50ab-4b56-8775-3b2b07aedbc3,d7ea63f6-7280-453f-83c2-3f8ddc60ef79,101630
245f557e-4c75-4015-b6b5-3a52111e716f,6e279e72-004f-470e-8bb4-0999c3fc6164,169583
11e6699e-09c0-4e83-aa27-821896ae0c18,98eab8e7-ae72-4457-9ea0-742b7ae8093d,32613
65d47575-b37f-4501-841e-142b28a09398,78699c1e-3234-4c39-a2d4-5e6e545dc68e,52760
8c6f7203-3c40-4766-9212-79d89260e8e9,db21b201-6b2e-4e52-ad8d-d44123fc5c63,91259
85b8f4a0-8132-49e1-8991-32d3b09d6b71,d3f7b752-a107-4df3-9795-14db35826c73,304128
98eab8e7-ae72-4457-9ea0-742b7ae8093d,5e62c6a4-2bb4-4e1c-8488-e10c7b1c3f63,36411
7e557ea8-c91d-46eb-8ca1-0358f43dcabe,1ab2769c-a290-4b2f-9e27-da26985f69d8,288841
b2063c94-d6ff-4b99-9b1a-191d9fc22602,f5a4a30f-bf41-44c8-b3b3-283ffe260a60,190512
d1f46208-0958-4793-bf89-39afc8da5c85,3628d3b6-b07f-41cd-8c09-8c99afa414ba,264424
b5c5b6ab-0337-4187-afc3-a1ec6230064f,b2063c94-d6ff-4b99-9b1a-191d9fc22602,165295
400beeb3-50ab-4b56-8775-3b2b07aedbc3,4130354e-87e6-4255-9189-522263c3027f,126180
e7338740-b7ee-469c-9c74-bee7dd5f18d2,1db7abdf-2504-4e24-99b3-3dffe16ee8eb,254502
c9fc8fa1-ca0e-4b1e-904c-80e5d80b2e39,10949264-8492-44d9-ba5c-65c4b7838df4,192048
cf8d0727-06ae-41b7-a2bf-c14ea6affcfa,25b1246f-0e37-44e9-a053-8fa48c7f8e1e,119490
558c8707-3d8a-4375-8e7e-998395fb46e5,54835b8a-a27f-4145-a0f6-df40badc1d0e,112626
558c8707-3d8a-4375-8e7e-998395fb46e5,f38f3d11-ca55-4e14-9b7a-3c41774011e1,73316
c9fc8fa1-ca0e-4b1e-904c-80e5d80b2e39,d3f7b752-a107-4df3-9795-14db35826c73,180054
4130354e-87e6-4255-9189-522263c3027f,10949264-8492-44d9-ba5c-65c4b7838df4,558595
e731b69c-eeaf-4cae-8db6-e0cb7a703579,2c9eb637-701c-47c0-86f9-52df6517d923,25309
78699c1e-3234-4c39-a2d4-5e6e545dc68e,78fd87d1-526d-4b18-8de8-c4c281977037,303830
8c6f7203-3c40-4766-9212-79d89260e8e9,180627e6-0c19-44ba-82b6-4ec97d3ad85d,401581
51d7b18f-7c8c-4230-a198-36ad0e73f79d,fadaa8d2-d11e-48f4-b113-7ae97265e717,209549
a43c454e-eaae-4ccf-ba48-24cf178c0031,7d7d78f3-acce-4f6a-9cea-2a3afcde3e8f,2745
28be9ff8-6e8b-486b-bf5d-0d5f62c0c810,b5dc2142-0bad-4987-be8e-d11f22d9ea51,219465
fadaa8d2-d11e-48f4-b113-7ae97265e717,b31626b2-19f3-473f-8056-240a12f26768,17632
45e57df9-772b-40ca-aafc-898162c69844,d7ea63f6-7280-453f-83c2-3f8ddc60ef79,459091
67a1a352-63c6-43f9-9d71-ce28a20ae21c,21140c1d-976c-4879-8bdc-a2a06014a372,28387
10949264-8492-44d9-ba5c-65c4b7838df4,b5c5b6ab-0337-4187-afc3-a1ec6230064f,89721
dbc42853-f1be-402c-845f-6452bea1fcf0,58207bba-605a-4b23-98aa-9ac09a28437f,482221
01961663-3143-4f5c-92e7-965eec12a0f9,839cc007-0190-43a3-a229-b97fe0fdddd1,141000
47cd9c20-4d9e-4b8a-813b-7cf5ccc918cd,f52dd1ff-6bbf-4473-8f2f-718db4a10f87,146050
839cc007-0190-43a3-a229-b97fe0fdddd1,a8fe04d7-c6e9-4857-be39-37559d653f33,31326
0e73205f-4f6a-4208-ad93-9e5206df13c7,67a1a352-63c6-43f9-9d71-ce28a20ae21c,302382
9303996d-4078-4c79-80db-6a3eaa36104a,9eddc067-b8c5-418d-8707-e41b27dafb46,322109
384df65c-8611-4041-99a2-9b5a19d87245,9eddc067-b8c5-418d-8707-e41b27dafb46,166544
25b1246f-0e37-44e9-a053-8fa48c7f8e1e,87d34d56-3bfc-4b8e-b3cf-5f8fc1df2732,120957
b2063c94-d6ff-4b99-9b1a-191d9fc22602,14d26f53-dd5e-4cfa-aada-67c21bb5d939,231283
d3f7b752-a107-4df3-9795-14db35826c73,4130354e-87e6-4255-9189-522263c3027f,544622
cce1aaa6-a333-477e-8c63-815bef486b25,8536988f-ed41-448c-97ce-9555c75abfaa,149063
853a8faf-f277-4783-a080-1a32165bdc6e,b31626b2-19f3-473f-8056-240a12f26768,374039
b31626b2-19f3-473f-8056-240a12f26768,11e6699e-09c0-4e83-aa27-821896ae0c18,143536
2c754a65-ff58-47e6-85c1-78eb1aca2225,18036c84-0da6-4c1e-9b11-126a55b485c7,273914
5f9a0ffa-c748-4fbb-95a5-8eab94c05210,8536988f-ed41-448c-97ce-9555c75abfaa,246557
6c6bed17-97db-4220-bcd7-9c74bb5c30a0,d7ea63f6-7280-453f-83c2-3f8ddc60ef79,118705
853a8faf-f277-4783-a080-1a32165bdc6e,e3dc7114-400f-4423-b05f-d6c737c28279,431547
9303996d-4078-4c79-80db-6a3eaa36104a,54d734a2-73fa-4c9d-8cf3-7a39eaef3b2d,519053
12ff259b-fcec-4111-8a3e-92f1b34ef005,1a445f91-2ead-438a-9157-e2306187972a,196079
8c6f7203-3c40-4766-9212-79d89260e8e9,78699c1e-3234-4c39-a2d4-5e6e545dc68e,359201
11e6699e-09c0-4e83-aa27-821896ae0c18,6603d019-cf11-4464-af83-d73a6114d7d9,102872
759c268e-84f7-4975-a0d9-19b2cd8f0dde,0e73205f-4f6a-4208-ad93-9e5206df13c7,155645
64afb508-3fdb-4f14-a721-040f46ad6d54,7d7d78f3-acce-4f6a-9cea-2a3afcde3e8f,357078
f38f3d11-ca55-4e14-9b7a-3c41774011e1,d1f46208-0958-4793-bf89-39afc8da5c85,138858
f5a4a30f-bf41-44c8-b3b3-283ffe260a60,15ba1443-4cf1-4367-93b6-60fbb95a5b5e,268365
60daa3ab-6065-4f2b-830b-86b36bb4afe8,54d734a2-73fa-4c9d-8cf3-7a39eaef3b2d,129236
21140c1d-976c-4879-8bdc-a2a06014a372,394c6a7f-f4e5-40b8-bf5b-a953d624f184,97861
759c268e-84f7-4975-a0d9-19b2cd8f0dde,f52dd1ff-6bbf-4473-8f2f-718db4a10f87,103065
b154fd49-3672-4066-8fe1-a9993e912518,f38f3d11-ca55-4e14-9b7a-3c41774011e1,40306
394c6a7f-f4e5-40b8-bf5b-a953d624f184,b54ac68a-3eca-435c-8902-200a1a1b09ff,200301
0305e738-0366-4b59-9641-5036465d07cd,a8fe04d7-c6e9-4857-be39-37559d653f33,249576
d7ea63f6-7280-453f-83c2-3f8ddc60ef79,b5c5b6ab-0337-4187-afc3-a1ec6230064f,241968
25b1246f-0e37-44e9-a053-8fa48c7f8e1e,4b2c12b4-cdf9-4dc2-b23a-09610cc147eb,114899
27a6c30d-3dd4-430c-9b72-6a22b6bc28be,32fffa33-1cd7-46d6-8e2e-e98450886d01,318604
e731b69c-eeaf-4cae-8db6-e0cb7a703579,8c6f7203-3c40-4766-9212-79d89260e8e9,59387
394c6a7f-f4e5-40b8-bf5b-a953d624f184,3fe4fa6b-719c-428e-ab19-ac1e5a83f0f1,46841
25cf4233-39d3-47dc-bf10-51d2687e74de,3fe4fa6b-719c-428e-ab19-ac1e5a83f0f1,51911
4b2c12b4-cdf9-4dc2-b23a-09610cc147eb,4130354e-87e6-4255-9189-522263c3027f,555147
119ea857-b60b-491c-8e01-ab437e50f26e,b391f9a6-4399-4069-9150-100fa9423b03,167918
28be9ff8-6e8b-486b-bf5d-0d5f62c0c810,8c6f7203-3c40-4766-9212-79d89260e8e9,219491
4b3124e8-5fe8-4c26-8e72-8f6ba2766978,7cc6cfa4-c1e9-494a-986b-bbf607bc5550,427884
01961663-3143-4f5c-92e7-965eec12a0f9,83ca04ab-5096-4031-b64a-163ca57dfb1b,124228
5e62c6a4-2bb4-4e1c-8488-e10c7b1c3f63,cf8d0727-06ae-41b7-a2bf-c14ea6affcfa,69189
b5dc2142-0bad-4987-be8e-d11f22d9ea51,e3dc7114-400f-4423-b05f-d6c737c28279,99973
78699c1e-3234-4c39-a2d4-5e6e545dc68e,db21b201-6b2e-4e52-ad8d-d44123fc5c63,72985
58207bba-605a-4b23-98aa-9ac09a28437f,0a48b595-c065-4fc3-81fc-25305be2e919,17986
3535f85d-9583-4470-ac4c-9afdc1038270,6e279e72-004f-470e-8bb4-0999c3fc6164,73718
1a445f91-2ead-438a-9157-e2306187972a,87fcf9bd-c496-499a-8ddd-b5f35af99931,432496
d9dbc87f-1fec-4d78-bf2b-ec41887dfd44,6c6bed17-97db-4220-bcd7-9c74bb5c30a0,141048
310f8c32-4e53-4985-bd1b-6da805a969db,385ddbb9-9e74-4532-b04a-de4e304cf8a7,85843
22a5a25e-618e-456a-b80a-9cbef2c43460,119ea857-b60b-491c-8e01-ab437e50f26e,33447
8a1eb4a2-9b78-44bf-bb1e-2556e0dab34c,f52dd1ff-6bbf-4473-8f2f-718db4a10f87,147582
fadaa8d2-d11e-48f4-b113-7ae97265e717,2daeec3a-f864-4eba-bdf5-03ccf9feb992,45782
384df65c-8611-4041-99a2-9b5a19d87245,58207bba-605a-4b23-98aa-9ac09a28437f,166247
8a5a20aa-c7aa-4e06-b3af-7285634af283,06e59082-1be0-4c86-87a5-ccf1f9fea164,7841
28be9ff8-6e8b-486b-bf5d-0d5f62c0c810,87d34d56-3bfc-4b8e-b3cf-5f8fc1df2732,210679
b2063c94-d6ff-4b99-9b1a-191d9fc22602,839cc007-0190-43a3-a229-b97fe0fdddd1,316433
cce1aaa6-a333-477e-8c63-815bef486b25,e121b8a7-f238-42b9-8457-181650d599f1,125359
7e557ea8-c91d-46eb-8ca1-0358f43dcabe,1a445f91-2ead-438a-9157-e2306187972a,279950
b154fd49-3672-4066-8fe1-a9993e912518,b5dc2142-0bad-4987-be8e-d11f22d9ea51,57830
b31626b2-19f3-473f-8056-240a12f26768,0e73205f-4f6a-4208-ad93-9e5206df13c7,148566
245f557e-4c75-4015-b6b5-3a52111e716f,759c268e-84f7-4975-a0d9-19b2cd8f0dde,71078
245f557e-4c75-4015-b6b5-3a52111e716f,e121b8a7-f238-42b9-8457-181650d599f1,135100
b391f9a6-4399-4069-9150-100fa9423b03,48ad0f18-b76e-4483-9afc-cd7e59be5f3a,113486
1cf3a191-a526-4d97-a3d3-434d14f60ce3,f5a4a30f-bf41-44c8-b3b3-283ffe260a60,307225
64afb508-3fdb-4f14-a721-040f46ad6d54,67a1a352-63c6-43f9-9d71-ce28a20ae21c,434882
2daeec3a-f864-4eba-bdf5-03ccf9feb992,e731b69c-eeaf-4cae-8db6-e0cb7a703579,204115
18036c84-0da6-4c1e-9b11-126a55b485c7,11e6699e-09c0-4e83-aa27-821896ae0c18,111196
99d5f7aa-2bc3-4aab-be55-528b049579c6,2130aa47-2aba-4a23-b3ca-a4360325ae32,465908
a44a2fb9-565b-468e-a23d-5956fdd2e744,400beeb3-50ab-4b56-8775-3b2b07aedbc3,62058
87d34d56-3bfc-4b8e-b3cf-5f8fc1df2732,3535f85d-9583-4470-ac4c-9afdc1038270,209974
245f557e-4c75-4015-b6b5-3a52111e716f,558c8707-3d8a-4375-8e7e-998395fb46e5,161932
22a5a25e-618e-456a-b80a-9cbef2c43460,78fd87d1-526d-4b18-8de8-c4c281977037,34541
9eddc067-b8c5-418d-8707-e41b27dafb46,27a6c30d-3dd4-430c-9b72-6a22b6bc28be,51504
3535f85d-9583-4470-ac4c-9afdc1038270,b31626b2-19f3-473f-8056-240a12f26768,192567
b2063c94-d6ff-4b99-9b1a-191d9fc22602,b5dc2142-0bad-4987-be8e-d11f22d9ea51,361448
83ca04ab-5096-4031-b64a-163ca57dfb1b,08610465-eb20-4cef-a770-ee3cd8e75508,440106
3628d3b6-b07f-41cd-8c09-8c99afa414ba,245f557e-4c75-4015-b6b5-3a52111e716f,472113
b5dc2142-0bad-4987-be8e-d11f22d9ea51,32fffa33-1cd7-46d6-8e2e-e98450886d01,519424
a43c454e-eaae-4ccf-ba48-24cf178c0031,d9dbc87f-1fec-4d78-bf2b-ec41887dfd44,1971
a44a2fb9-565b-468e-a23d-5956fdd2e744,d1f46208-0958-4793-bf89-39afc8da5c85,87689
cd4373fe-0091-4421-898d-1322bb7921e8,6603d019-cf11-4464-af83-d73a6114d7d9,129592
3b07c7ff-6fed-490a-a9e1-f5bafebc6f0b,99d5f7aa-2bc3-4aab-be55-528b049579c6,237432
cd0aac86-7ac4-4828-8feb-b4a36d4f517c,1dc801b8-53d9-46a5-85fd-164140883dd0,152406
54835b8a-a27f-4145-a0f6-df40badc1d0e,c63bfa5b-d5bb-461c-b9eb-e8744301a90e,64231
2c754a65-ff58-47e6-85c1-78eb1aca2225,65d47575-b37f-4501-841e-142b28a09398,270729
1277cc00-3031-42e9-bb55-37ca86bbfb7c,e731b69c-eeaf-4cae-8db6-e0cb7a703579,200861
b54ac68a-3eca-435c-8902-200a1a1b09ff,a90a0979-3d6a-4c77-b2ce-81ba1f5311a5,361101
e121b8a7-f238-42b9-8457-181650d599f1,a44a2fb9-565b-468e-a23d-5956fdd2e744,3797
78560cc8-0cca-433a-8291-89c80601bf63,310f8c32-4e53-4985-bd1b-6da805a969db,75063
1db7abdf-2504-4e24-99b3-3dffe16ee8eb,87d34d56-3bfc-4b8e-b3cf-5f8fc1df2732,211468
01961663-3143-4f5c-92e7-965eec12a0f9,54835b8a-a27f-4145-a0f6-df40badc1d0e,196330
d3f7b752-a107-4df3-9795-14db35826c73,a8a3a809-1348-41fe-b334-afa6e29e0493,162215
3fe4fa6b-719c-428e-ab19-ac1e5a83f0f1,2daeec3a-f864-4eba-bdf5-03ccf9feb992,40750
14d26f53-dd5e-4cfa-aada-67c21bb5d939,fadaa8d2-d11e-48f4-b113-7ae97265e717,96219
65d47575-b37f-4501-841e-142b28a09398,25cf4233-39d3-47dc-bf10-51d2687e74de,84830
b154fd49-3672-4066-8fe1-a9993e912518,3628d3b6-b07f-41cd-8c09-8c99afa414ba,25407
8536988f-ed41-448c-97ce-9555c75abfaa,180627e6-0c19-44ba-82b6-4ec97d3ad85d,156058
08610465-eb20-4cef-a770-ee3cd8e75508,58207bba-605a-4b23-98aa-9ac09a28437f,212897
d9dbc87f-1fec-4d78-bf2b-ec41887dfd44,400beeb3-50ab-4b56-8775-3b2b07aedbc3,274359
cd0aac86-7ac4-4828-8feb-b4a36d4f517c,64afb508-3fdb-4f14-a721-040f46ad6d54,114607
839cc007-0190-43a3-a229-b97fe0fdddd1,9bb7ec36-dda1-4ff9-a738-6f7f2e9f7630,38792
2130aa47-2aba-4a23-b3ca-a4360325ae32,2c9eb637-701c-47c0-86f9-52df6517d923,260035
2c754a65-ff58-47e6-85c1-78eb1aca2225,01961663-3143-4f5c-92e7-965eec12a0f9,135290
d7ea63f6-7280-453f-83c2-3f8ddc60ef79,15ba1443-4cf1-4367-93b6-60fbb95a5b5e,223106
4d871fb3-f0e1-4dc9-8415-2546e8723250,3535f85d-9583-4470-ac4c-9afdc1038270,317665
fadaa8d2-d11e-48f4-b113-7ae97265e717,b5dc2142-0bad-4987-be8e-d11f22d9ea51,49048
095d08c2-5199-4d31-a548-12b5955c61a1,48ad0f18-b76e-4483-9afc-cd7e59be5f3a,240809
b54ac68a-3eca-435c-8902-200a1a1b09ff,cce1aaa6-a333-477e-8c63-815bef486b25,272592
1277cc00-3031-42e9-bb55-37ca86bbfb7c,7cc6cfa4-c1e9-494a-986b-bbf607bc5550,224458
83ca04ab-5096-4031-b64a-163ca57dfb1b,2c9eb637-701c-47c0-86f9-52df6517d923,139415
8a5a20aa-c7aa-4e06-b3af-7285634af283,0e73205f-4f6a-4208-ad93-9e5206df13c7,8766
7fba12e8-f336-4a99-a479-dbcb1fc058b8,d3f7b752-a107-4df3-9795-14db35826c73,337451
b55783b5-489c-4878-a0aa-c81825d0ae80,29e9ab61-e061-4d94-8cd3-c99446d51c55,71486
d1f46208-0958-4793-bf89-39afc8da5c85,fadaa8d2-d11e-48f4-b113-7ae97265e717,231785
b2063c94-d6ff-4b99-9b1a-191d9fc22602,e121b8a7-f238-42b9-8457-181650d599f1,103887
18036c84-0da6-4c1e-9b11-126a55b485c7,08610465-eb20-4cef-a770-ee3cd8e75508,407161
99d5f7aa-2bc3-4aab-be55-528b049579c6,f52dd1ff-6bbf-4473-8f2f-718db4a10f87,168613
400beeb3-50ab-4b56-8775-3b2b07aedbc3,04d0fe46-e270-4bf0-b721-ee363d6a6e2f,61951
78fd87d1-526d-4b18-8de8-c4c281977037,759c268e-84f7-4975-a0d9-19b2cd8f0dde,12735
9bb7ec36-dda1-4ff9-a738-6f7f2e9f7630,b5dc2142-0bad-4987-be8e-d11f22d9ea51,205959
32fffa33-1cd7-46d6-8e2e-e98450886d01,64afb508-3fdb-4f14-a721-040f46ad6d54,46540
d7ea63f6-7280-453f-83c2-3f8ddc60ef79,2c9eb637-701c-47c0-86f9-52df6517d923,228208
c63bfa5b-d5bb-461c-b9eb-e8744301a90e,dbc42853-f1be-402c-845f-6452bea1fcf0,46450
15ba1443-4cf1-4367-93b6-60fbb95a5b5e,a44a2fb9-565b-468e-a23d-5956fdd2e744,179711
6c6bed17-97db-4220-bcd7-9c74bb5c30a0,68dd02c1-3e68-4d4d-8773-fe9569808537,242733
f38f3d11-ca55-4e14-9b7a-3c41774011e1,06e59082-1be0-4c86-87a5-ccf1f9fea164,462999
c63bfa5b-d5bb-461c-b9eb-e8744301a90e,7d7d78f3-acce-4f6a-9cea-2a3afcde3e8f,98831
d59927c9-8f84-405f-b928-2ec21f8c6eb1,e413f084-e90e-424a-b205-f3dd75142edc,111184
7fba12e8-f336-4a99-a479-dbcb1fc058b8,32fffa33-1cd7-46d6-8e2e-e98450886d01,121860
58207bba-605a-4b23-98aa-9ac09a28437f,67a1a352-63c6-43f9-9d71-ce28a20ae21c,14095
25cf4233-39d3-47dc-bf10-51d2687e74de,47cd9c20-4d9e-4b8a-813b-7cf5ccc918cd,47534
a9b5bf1c-cbe0-4d26-9be9-e219091870fb,8a1eb4a2-9b78-44bf-bb1e-2556e0dab34c,69721
d59927c9-8f84-405f-b928-2ec21f8c6eb1,6c6bed17-97db-4220-bcd7-9c74bb5c30a0,24175
b31626b2-19f3-473f-8056-240a12f26768,cce1aaa6-a333-477e-8c63-815bef486b25,419085
d7ea63f6-7280-453f-83c2-3f8ddc60ef79,a90a0979-3d6a-4c77-b2ce-81ba1f5311a5,207126
78699c1e-3234-4c39-a2d4-5e6e545dc68e,2993ded9-071e-45bc-9b13-accdf5d3ebec,224194
54835b8a-a27f-4145-a0f6-df40badc1d0e,a90a0979-3d6a-4c77-b2ce-81ba1f5311a5,45680
58207bba-605a-4b23-98aa-9ac09a28437f,0a672532-6002-4b7d-bee3-274a62a9fb5a,14358
759c268e-84f7-4975-a0d9-19b2cd8f0dde,ea73977d-dcbd-4fd4-81c2-5ac84fa64cac,346627
384df65c-8611-4041-99a2-9b5a19d87245,6603d019-cf11-4464-af83-d73a6114d7d9,85406
464300eb-3855-4132-b377-6fe93a794fee,78699c1e-3234-4c39-a2d4-5e6e545dc68e,129217
8536988f-ed41-448c-97ce-9555c75abfaa,12ff259b-fcec-4111-8a3e-92f1b34ef005,189547
1277cc00-3031-42e9-bb55-37ca86bbfb7c,d9dbc87f-1fec-4d78-bf2b-ec41887dfd44,65903
64afb508-3fdb-4f14-a721-040f46ad6d54,58207bba-605a-4b23-98aa-9ac09a28437f,106560
65d47575-b37f-4501-841e-142b28a09398,b5c5b6ab-0337-4187-afc3-a1ec6230064f,124863
5f9a0ffa-c748-4fbb-95a5-8eab94c05210,25b1246f-0e37-44e9-a053-8fa48c7f8e1e,183045
cce1aaa6-a333-477e-8c63-815bef486b25,78560cc8-0cca-433a-8291-89c80601bf63,199964
e121b8a7-f238-42b9-8457-181650d599f1,4e6f9bb8-78a5-4e09-9673-cce1f5489a5b,13032
1a445f91-2ead-438a-9157-e2306187972a,4e6f9bb8-78a5-4e09-9673-cce1f5489a5b,160663
a8fe04d7-c6e9-4857-be39-37559d653f33,54d734a2-73fa-4c9d-8cf3-7a39eaef3b2d,119544
78560cc8-0cca-433a-8291-89c80601bf63,47cd9c20-4d9e-4b8a-813b-7cf5ccc918cd,68113
a44a2fb9-565b-468e-a23d-5956fdd2e744,87fcf9bd-c496-499a-8ddd-b5f35af99931,73361
b154fd49-3672-4066-8fe1-a9993e912518,a8a3a809-1348-41fe-b334-afa6e29e0493,37301
a730d385-0f71-42a3-8b8c-b4195bfa8f1f,51d7b18f-7c8c-4230-a198-36ad0e73f79d,100874
51d7b18f-7c8c-4230-a198-36ad0e73f79d,384df65c-8611-4041-99a2-9b5a19d87245,301049
fadaa8d2-d11e-48f4-b113-7ae97265e717,b5c5b6ab-0337-4187-afc3-a1ec6230064f,37231
f5a4a30f-bf41-44c8-b3b3-283ffe260a60,a90a0979-3d6a-4c77-b2ce-81ba1f5311a5,83089
4b2c12b4-cdf9-4dc2-b23a-09610cc147eb,2130aa47-2aba-4a23-b3ca-a4360325ae32,165566
310f8c32-4e53-4985-bd1b-6da805a969db,9eddc067-b8c5-418d-8707-e41b27dafb46,173433
51d7b18f-7c8c-4230-a198-36ad0e73f79d,dbc42853-f1be-402c-845f-6452bea1fcf0,541490
14d26f53-dd5e-4cfa-aada-67c21bb5d939,15ba1443-4cf1-4367-93b6-60fbb95a5b5e,183009
4d871fb3-f0e1-4dc9-8415-2546e8723250,01961663-3143-4f5c-92e7-965eec12a0f9,206749
8a5a20aa-c7aa-4e06-b3af-7285634af283,28be9ff8-6e8b-486b-bf5d-0d5f62c0c810,2935
3535f85d-9583-4470-ac4c-9afdc1038270,119ea857-b60b-491c-8e01-ab437e50f26e,215266
c855958a-64c0-4592-b32a-d7a4c8b2b733,a90a0979-3d6a-4c77-b2ce-81ba1f5311a5,213982
83ca04ab-5096-4031-b64a-163ca57dfb1b,cf8d0727-06ae-41b7-a2bf-c14ea6affcfa,314154
a730d385-0f71-42a3-8b8c-b4195bfa8f1f,b31626b2-19f3-473f-8056-240a12f26768,449220
78fd87d1-526d-4b18-8de8-c4c281977037,8a5a20aa-c7aa-4e06-b3af-7285634af283,12890
08610465-eb20-4cef-a770-ee3cd8e75508,11e6699e-09c0-4e83-aa27-821896ae0c18,129277
fadaa8d2-d11e-48f4-b113-7ae97265e717,58207bba-605a-4b23-98aa-9ac09a28437f,49221
7d7d78f3-acce-4f6a-9cea-2a3afcde3e8f,cb0c31f6-0fd6-46de-af02-5d25005aa5bb,8669
3628d3b6-b07f-41cd-8c09-8c99afa414ba,d1f46208-0958-4793-bf89-39afc8da5c85,370475
cd0aac86-7ac4-4828-8feb-b4a36d4f517c,8536988f-ed41-448c-97ce-9555c75abfaa,322192
0a672532-6002-4b7d-bee3-274a62a9fb5a,51d7b18f-7c8c-4230-a198-36ad0e73f79d,61964
a43c454e-eaae-4ccf-ba48-24cf178c0031,67a1a352-63c6-43f9-9d71-ce28a20ae21c,6343
a43c454e-eaae-4ccf-ba48-24cf178c0031,9eddc067-b8c5-418d-8707-e41b27dafb46,4478
0305e738-0366-4b59-9641-5036465d07cd,cf8d0727-06ae-41b7-a2bf-c14ea6affcfa,177365
f52dd1ff-6bbf-4473-8f2f-718db4a10f87,01961663-3143-4f5c-92e7-965eec12a0f9,234196
385ddbb9-9e74-4532-b04a-de4e304cf8a7,d1f46208-0958-4793-bf89-39afc8da5c85,86547
7e557ea8-c91d-46eb-8ca1-0358f43dcabe,c63bfa5b-d5bb-461c-b9eb-e8744301a90e,381726
0a672532-6002-4b7d-bee3-274a62a9fb5a,1cf3a191-a526-4d97-a3d3-434d14f60ce3,243080
45e57df9-772b-40ca-aafc-898162c69844,4e6f9bb8-78a5-4e09-9673-cce1f5489a5b,454425
47cd9c20-4d9e-4b8a-813b-7cf5ccc918cd,27a6c30d-3dd4-430c-9b72-6a22b6bc28be,99545
e3dc7114-400f-4423-b05f-d6c737c28279,2c9eb637-701c-47c0-86f9-52df6517d923,256785
1277cc00-3031-42e9-bb55-37ca86bbfb7c,07f047c6-eec0-4f71-98d8-0b06fac54ea9,182771
83ca04ab-5096-4031-b64a-163ca57dfb1b,464300eb-3855-4132-b377-6fe93a794fee,252046
759c268e-84f7-4975-a0d9-19b2cd8f0dde,4b3124e8-5fe8-4c26-8e72-8f6ba2766978,238426
1277cc00-3031-42e9-bb55-37ca86bbfb7c,15ba1443-4cf1-4367-93b6-60fbb95a5b5e,295343
4130354e-87e6-4255-9189-522263c3027f,1cf3a191-a526-4d97-a3d3-434d14f60ce3,550705
0e73205f-4f6a-4208-ad93-9e5206df13c7,853a8faf-f277-4783-a080-1a32165bdc6e,316822
cd0aac86-7ac4-4828-8feb-b4a36d4f517c,45e57df9-772b-40ca-aafc-898162c69844,200822
08610465-eb20-4cef-a770-ee3cd8e75508,0a672532-6002-4b7d-bee3-274a62a9fb5a,167667
8c6f7203-3c40-4766-9212-79d89260e8e9,a730d385-0f71-42a3-8b8c-b4195bfa8f1f,270486
3535f85d-9583-4470-ac4c-9afdc1038270,310f8c32-4e53-4985-bd1b-6da805a969db,152063
cf8d0727-06ae-41b7-a2bf-c14ea6affcfa,a8a3a809-1348-41fe-b334-afa6e29e0493,49245
c63bfa5b-d5bb-461c-b9eb-e8744301a90e,e3dc7114-400f-4423-b05f-d6c737c28279,49276
a8fe04d7-c6e9-4857-be39-37559d653f33,5d4da318-295f-43fd-b303-bbd5fc786145,154252
4130354e-87e6-4255-9189-522263c3027f,14d26f53-dd5e-4cfa-aada-67c21bb5d939,415299
51d7b18f-7c8c-4230-a198-36ad0e73f79d,ea73977d-dcbd-4fd4-81c2-5ac84fa64cac,184729
0e73205f-4f6a-4208-ad93-9e5206df13c7,180627e6-0c19-44ba-82b6-4ec97d3ad85d,324430
8c6f7203-3c40-4766-9212-79d89260e8e9,04d0fe46-e270-4bf0-b721-ee363d6a6e2f,107489
310f8c32-4e53-4985-bd1b-6da805a969db,7e557ea8-c91d-46eb-8ca1-0358f43dcabe,106297
48ad0f18-b76e-4483-9afc-cd7e59be5f3a,7e557ea8-c91d-46eb-8ca1-0358f43dcabe,237384
3535f85d-9583-4470-ac4c-9afdc1038270,21140c1d-976c-4879-8bdc-a2a06014a372,202935
385ddbb9-9e74-4532-b04a-de4e304cf8a7,d7ea63f6-7280-453f-83c2-3f8ddc60ef79,116411
cce1aaa6-a333-477e-8c63-815bef486b25,7fba12e8-f336-4a99-a479-dbcb1fc058b8,150666
8c6f7203-3c40-4766-9212-79d89260e8e9,e413f084-e90e-424a-b205-f3dd75142edc,319873
78699c1e-3234-4c39-a2d4-5e6e545dc68e,2c754a65-ff58-47e6-85c1-78eb1aca2225,162207
8a5a20aa-c7aa-4e06-b3af-7285634af283,c855958a-64c0-4592-b32a-d7a4c8b2b733,9180
3fe4fa6b-719c-428e-ab19-ac1e5a83f0f1,7fba12e8-f336-4a99-a479-dbcb1fc058b8,60744
83ca04ab-5096-4031-b64a-163ca57dfb1b,cb0c31f6-0fd6-46de-af02-5d25005aa5bb,274037
1cf3a191-a526-4d97-a3d3-434d14f60ce3,4e6f9bb8-78a5-4e09-9673-cce1f5489a5b,373940
cd0aac86-7ac4-4828-8feb-b4a36d4f517c,6e279e72-004f-470e-8bb4-0999c3fc6164,302012
119ea857-b60b-491c-8e01-ab437e50f26e,e121b8a7-f238-42b9-8457-181650d599f1,112749
67a1a352-63c6-43f9-9d71-ce28a20ae21c,2993ded9-071e-45bc-9b13-accdf5d3ebec,34998
1db7abdf-2504-4e24-99b3-3dffe16ee8eb,e313b334-d8e0-4f9d-a841-02495ccfd0d4,144072
45e57df9-772b-40ca-aafc-898162c69844,310f8c32-4e53-4985-bd1b-6da805a969db,268905
cf8d0727-06ae-41b7-a2bf-c14ea6affcfa,e121b8a7-f238-42b9-8457-181650d599f1,39649
2c9eb637-701c-47c0-86f9-52df6517d923,839cc007-0190-43a3-a229-b97fe0fdddd1,92627
b5c5b6ab-0337-4187-afc3-a1ec6230064f,d7ea63f6-7280-453f-83c2-3f8ddc60ef79,171702
9bb7ec36-dda1-4ff9-a738-6f7f2e9f7630,9303996d-4078-4c79-80db-6a3eaa36104a,251496
21140c1d-976c-4879-8bdc-a2a06014a372,6c6bed17-97db-4220-bcd7-9c74bb5c30a0,189427
8536988f-ed41-448c-97ce-9555c75abfaa,5f9a0ffa-c748-4fbb-95a5-8eab94c05210,153030
c855958a-64c0-4592-b32a-d7a4c8b2b733,29e9ab61-e061-4d94-8cd3-c99446d51c55,279981
2130aa47-2aba-4a23-b3ca-a4360325ae32,25b1246f-0e37-44e9-a053-8fa48c7f8e1e,214744
78699c1e-3234-4c39-a2d4-5e6e545dc68e,9303996d-4078-4c79-80db-6a3eaa36104a,72103
d9dbc87f-1fec-4d78-bf2b-ec41887dfd44,04d0fe46-e270-4bf0-b721-ee363d6a6e2f,120922
245f557e-4c75-4015-b6b5-3a52111e716f,cd0aac86-7ac4-4828-8feb-b4a36d4f517c,133776
65d47575-b37f-4501-841e-142b28a09398,5e62c6a4-2bb4-4e1c-8488-e10c7b1c3f63,84431
54d734a2-73fa-4c9d-8cf3-7a39eaef3b2d,9eddc067-b8c5-418d-8707-e41b27dafb46,47124
3fe4fa6b-719c-428e-ab19-ac1e5a83f0f1,e3dc7114-400f-4423-b05f-d6c737c28279,80751
45e57df9-772b-40ca-aafc-898162c69844,d59927c9-8f84-405f-b928-2ec21f8c6eb1,401346
06e59082-1be0-4c86-87a5-ccf1f9fea164,45e57df9-772b-40ca-aafc-898162c69844,221264
b154fd49-3672-4066-8fe1-a9993e912518,c9fc8fa1-ca0e-4b1e-904c-80e5d80b2e39,50516
cd4373fe-0091-4421-898d-1322bb7921e8,1277cc00-3031-42e9-bb55-37ca86bbfb7c,300266
85b8f4a0-8132-49e1-8991-32d3b09d6b71,2c9eb637-701c-47c0-86f9-52df6517d923,106423
8a5a20aa-c7aa-4e06-b3af-7285634af283,06e59082-1be0-4c86-87a5-ccf1f9fea164,2778
01961663-3143-4f5c-92e7-965eec12a0f9,a8fe04d7-c6e9-4857-be39-37559d653f33,76007
310f8c32-4e53-4985-bd1b-6da805a969db,a9b5bf1c-cbe0-4d26-9be9-e219091870fb,131289
759c268e-84f7-4975-a0d9-19b2cd8f0dde,8c6f7203-3c40-4766-9212-79d89260e8e9,215495
b2063c94-d6ff-4b99-9b1a-191d9fc22602,21140c1d-976c-4879-8bdc-a2a06014a372,168305
b5c5b6ab-0337-4187-afc3-a1ec6230064f,78699c1e-3234-4c39-a2d4-5e6e545dc68e,202702
60daa3ab-6065-4f2b-830b-86b36bb4afe8,2c754a65-ff58-47e6-85c1-78eb1aca2225,418967
2130aa47-2aba-4a23-b3ca-a4360325ae32,01961663-3143-4f5c-92e7-965eec12a0f9,204667
558c8707-3d8a-4375-8e7e-998395fb46e5,98eab8e7-ae72-4457-9ea0-742b7ae8093d,33910
839cc007-0190-43a3-a229-b97fe0fdddd1,5e62c6a4-2bb4-4e1c-8488-e10c7b1c3f63,32069
6e279e72-004f-470e-8bb4-0999c3fc6164,8a5a20aa-c7aa-4e06-b3af-7285634af283,72427
87fcf9bd-c496-499a-8ddd-b5f35af99931,6c6bed17-97db-4220-bcd7-9c74bb5c30a0,33496
12ff259b-fcec-4111-8a3e-92f1b34ef005,3b07c7ff-6fed-490a-a9e1-f5bafebc6f0b,364627
5e62c6a4-2bb4-4e1c-8488-e10c7b1c3f63,11e6699e-09c0-4e83-aa27-821896ae0c18,170983
7e557ea8-c91d-46eb-8ca1-0358f43dcabe,a8a3a809-1348-41fe-b334-afa6e29e0493,215349
99d5f7aa-2bc3-4aab-be55-528b049579c6,3b07c7ff-6fed-490a-a9e1-f5bafebc6f0b,210485
4d871fb3-f0e1-4dc9-8415-2546e8723250,cf8d0727-06ae-41b7-a2bf-c14ea6affcfa,172258
47cd9c20-4d9e-4b8a-813b-7cf5ccc918cd,095d08c2-5199-4d31-a548-12b5955c61a1,124960
65d47575-b37f-4501-841e-142b28a09398,22a5a25e-618e-456a-b80a-9cbef2c43460,140019
b35a5f3e-d9e7-47bf-a5f8-e8abdc9166c0,6603d019-cf11-4464-af83-d73a6114d7d9,123673
14d26f53-dd5e-4cfa-aada-67c21bb5d939,e121b8a7-f238-42b9-8457-181650d599f1,57286
c9fc8fa1-ca0e-4b1e-904c-80e5d80b2e39,1a445f91-2ead-438a-9157-e2306187972a,69100
65d47575-b37f-4501-841e-142b28a09398,83ca04ab-5096-4031-b64a-163ca57dfb1b,46843
cd0aac86-7ac4-4828-8feb-b4a36d4f517c,0a672532-6002-4b7d-bee3-274a62a9fb5a,317568
5f9a0ffa-c748-4fbb-95a5-8eab94c05210,85b8f4a0-8132-49e1-8991-32d3b09d6b71,196934
67a1a352-63c6-43f9-9d71-ce28a20ae21c,0a672532-6002-4b7d-bee3-274a62a9fb5a,61578
54835b8a-a27f-4145-a0f6-df40badc1d0e,dbc42853-f1be-402c-845f-6452bea1fcf0,146861
b31626b2-19f3-473f-8056-240a12f26768,32fffa33-1cd7-46d6-8e2e-e98450886d01,543103
1db7abdf-2504-4e24-99b3-3dffe16ee8eb,d9dbc87f-1fec-4d78-bf2b-ec41887dfd44,179933
c855958a-64c0-4592-b32a-d7a4c8b2b733,87fcf9bd-c496-499a-8ddd-b5f35af99931,63376
04d0fe46-e270-4bf0-b721-ee363d6a6e2f,a43c454e-eaae-4ccf-ba48-24cf178c0031,306071
464300eb-3855-4132-b377-6fe93a794fee,60daa3ab-6065-4f2b-830b-86b36bb4afe8,121575
06e59082-1be0-4c86-87a5-ccf1f9fea164,1277cc00-3031-42e9-bb55-37ca86bbfb7c,301501
400beeb3-50ab-4b56-8775-3b2b07aedbc3,b391f9a6-4399-4069-9150-100fa9423b03,144608
64afb508-3fdb-4f14-a721-040f46ad6d54,cb0c31f6-0fd6-46de-af02-5d25005aa5bb,394623
6c6bed17-97db-4220-bcd7-9c74bb5c30a0,1ab2769c-a290-4b2f-9e27-da26985f69d8,229363
b31626b2-19f3-473f-8056-240a12f26768,2c754a65-ff58-47e6-85c1-78eb1aca2225,541407
3628d3b6-b07f-41cd-8c09-8c99afa414ba,a9b5bf1c-cbe0-4d26-9be9-e219091870fb,354914
119ea857-b60b-491c-8e01-ab437e50f26e,b54ac68a-3eca-435c-8902-200a1a1b09ff,117897
b31626b2-19f3-473f-8056-240a12f26768,4e6f9bb8-78a5-4e09-9673-cce1f5489a5b,329610
759c268e-84f7-4975-a0d9-19b2cd8f0dde,9bb7ec36-dda1-4ff9-a738-6f7f2e9f7630,173480
cf8d0727-06ae-41b7-a2bf-c14ea6affcfa,9bb7ec36-dda1-4ff9-a738-6f7f2e9f7630,42859
384df65c-8611-4041-99a2-9b5a19d87245,25b1246f-0e37-44e9-a053-8fa48c7f8e1e,170520
98eab8e7-ae72-4457-9ea0-742b7ae8093d,1277cc00-3031-42e9-bb55-37ca86bbfb7c,50185
5e62c6a4-2bb4-4e1c-8488-e10c7b1c3f63,68dd02c1-3e68-4d4d-8773-fe9569808537,204704
e121b8a7-f238-42b9-8457-181650d599f1,c63bfa5b-d5bb-461c-b9eb-e8744301a90e,20388
7d7c80c6-da3d-482a-87d2-4323b489f08b,cd0aac86-7ac4-4828-8feb-b4a36d4f517c,38077
07f047c6-eec0-4f71-98d8-0b06fac54ea9,15ba1443-4cf1-4367-93b6-60fbb95a5b5e,129504
d1f46208-0958-4793-bf89-39afc8da5c85,f38f3d11-ca55-4e14-9b7a-3c41774011e1,181315
22a5a25e-618e-456a-b80a-9cbef2c43460,25b1246f-0e37-44e9-a053-8fa48c7f8e1e,37103
b35a5f3e-d9e7-47bf-a5f8-e8abdc9166c0,25cf4233-39d3-47dc-bf10-51d2687e74de,47007
25cf4233-39d3-47dc-bf10-51d2687e74de,5065fc4a-0d76-4ae7-84f0-b17d57bc7ce8,56978
5f9a0ffa-c748-4fbb-95a5-8eab94c05210,e413f084-e90e-424a-b205-f3dd75142edc,240290
67a1a352-63c6-43f9-9d71-ce28a20ae21c,51d7b18f-7c8c-4230-a198-36ad0e73f79d,35766
45e57df9-772b-40ca-aafc-898162c69844,e7338740-b7ee-469c-9c74-bee7dd5f18d2,471825
54d734a2-73fa-4c9d-8cf3-7a39eaef3b2d,8536988f-ed41-448c-97ce-9555c75abfaa,18133
0532f619-2dfb-4ed2-8656-ce67a56128aa,b54ac68a-3eca-435c-8902-200a1a1b09ff,42789
a43c454e-eaae-4ccf-ba48-24cf178c0031,08610465-eb20-4cef-a770-ee3cd8e75508,4209
310f8c32-4e53-4985-bd1b-6da805a969db,5f9a0ffa-c748-4fbb-95a5-8eab94c05210,94519
8536988f-ed41-448c-97ce-9555c75abfaa,d9dbc87f-1fec-4d78-bf2b-ec41887dfd44,182749
78560cc8-0cca-433a-8291-89c80601bf63,a9b5bf1c-cbe0-4d26-9be9-e219091870fb,33075
b2063c94-d6ff-4b99-9b1a-191d9fc22602,b35a5f3e-d9e7-47bf-a5f8-e8abdc9166c0,133538
7d7c80c6-da3d-482a-87d2-4323b489f08b,60daa3ab-6065-4f2b-830b-86b36bb4afe8,34751
1cf3a191-a526-4d97-a3d3-434d14f60ce3,3628d3b6-b07f-41cd-8c09-8c99afa414ba,198069
7cc6cfa4-c1e9-494a-986b-bbf607bc5550,29e9ab61-e061-4d94-8cd3-c99446d51c55,480024
14d26f53-dd5e-4cfa-aada-67c21bb5d939,9303996d-4078-4c79-80db-6a3eaa36104a,169738
1277cc00-3031-42e9-bb55-37ca86bbfb7c,a9b5bf1c-cbe0-4d26-9be9-e219091870fb,96947
98eab8e7-ae72-4457-9ea0-742b7ae8093d,99d5f7aa-2bc3-4aab-be55-528b049579c6,25083
11e6699e-09c0-4e83-aa27-821896ae0c18,cd4373fe-0091-4421-898d-1322bb7921e8,76621
64afb508-3fdb-4f14-a721-040f46ad6d54,78699c1e-3234-4c39-a2d4-5e6e545dc68e,451265
4e6f9bb8-78a5-4e09-9673-cce1f5489a5b,558c8707-3d8a-4375-8e7e-998395fb46e5,106707
ea73977d-dcbd-4fd4-81c2-5ac84fa64cac,99d5f7aa-2bc3-4aab-be55-528b049579c6,116460
b55783b5-489c-4878-a0aa-c81825d0ae80,10949264-8492-44d9-ba5c-65c4b7838df4,92173
a9b5bf1c-cbe0-4d26-9be9-e219091870fb,1a445f91-2ead-438a-9157-e2306187972a,413880
b154fd49-3672-4066-8fe1-a9993e912518,0532f619-2dfb-4ed2-8656-ce67a56128aa,51141
384df65c-8611-4041-99a2-9b5a19d87245,78fd87d1-526d-4b18-8de8-c4c281977037,87208
ea73977d-dcbd-4fd4-81c2-5ac84fa64cac,b5dc2142-0bad-4987-be8e-d11f22d9ea51,114649
ea73977d-dcbd-4fd4-81c2-5ac84fa64cac,47cd9c20-4d9e-4b8a-813b-7cf5ccc918cd,85971
c63bfa5b-d5bb-461c-b9eb-e8744301a90e,d9dbc87f-1fec-4d78-bf2b-ec41887dfd44,118346
a9b5bf1c-cbe0-4d26-9be9-e219091870fb,e7338740-b7ee-469c-9c74-bee7dd5f18d2,298738
1db7abdf-2504-4e24-99b3-3dffe16ee8eb,385ddbb9-9e74-4532-b04a-de4e304cf8a7,122409
245f557e-4c75-4015-b6b5-3a52111e716f,58207bba-605a-4b23-98aa-9ac09a28437f,166093
54d734a2-73fa-4c9d-8cf3-7a39eaef3b2d,48ad0f18-b76e-4483-9afc-cd7e59be5f3a,43196
9303996d-4078-4c79-80db-6a3eaa36104a,14d26f53-dd5e-4cfa-aada-67c21bb5d939,540770
a8a3a809-1348-41fe-b334-afa6e29e0493,5e62c6a4-2bb4-4e1c-8488-e10c7b1c3f63,473628
29e9ab61-e061-4d94-8cd3-c99446d51c55,9eddc067-b8c5-418d-8707-e41b27dafb46,91788
5f9a0ffa-c748-4fbb-95a5-8eab94c05210,a730d385-0f71-42a3-8b8c-b4195bfa8f1f,175030
15ba1443-4cf1-4367-93b6-60fbb95a5b5e,0e73205f-4f6a-4208-ad93-9e5206df13c7,336944
2130aa47-2aba-4a23-b3ca-a4360325ae32,c63bfa5b-d5bb-461c-b9eb-e8744301a90e,325097
83ca04ab-5096-4031-b64a-163ca57dfb1b,310f8c32-4e53-4985-bd1b-6da805a969db,145113
4b3124e8-5fe8-4c26-8e72-8f6ba2766978,8a5a20aa-c7aa-4e06-b3af-7285634af283,442724
78fd87d1-526d-4b18-8de8-c4c281977037,99d5f7aa-2bc3-4aab-be55-528b049579c6,46532
cb0c31f6-0fd6-46de-af02-5d25005aa5bb,b35a5f3e-d9e7-47bf-a5f8-e8abdc9166c0,185921
e3dc7114-400f-4423-b05f-d6c737c28279,d9dbc87f-1fec-4d78-bf2b-ec41887dfd44,419774
cd4373fe-0091-4421-898d-1322bb7921e8,f52dd1ff-6bbf-4473-8f2f-718db4a10f87,303654
2daeec3a-f864-4eba-bdf5-03ccf9feb992,2c9eb637-701c-47c0-86f9-52df6517d923,264997
d9dbc87f-1fec-4d78-bf2b-ec41887dfd44,e3dc7114-400f-4423-b05f-d6c737c28279,264050
10949264-8492-44d9-ba5c-65c4b7838df4,22a5a25e-618e-456a-b80a-9cbef2c43460,332292
b5c5b6ab-0337-4187-afc3-a1ec6230064f,0a672532-6002-4b7d-bee3-274a62a9fb5a,193887
6603d019-cf11-4464-af83-d73a6114d7d9,9303996d-4078-4c79-80db-6a3eaa36104a,18312
1cf3a191-a526-4d97-a3d3-434d14f60ce3,5e62c6a4-2bb4-4e1c-8488-e10c7b1c3f63,301754
9eddc067-b8c5-418d-8707-e41b27dafb46,d3f7b752-a107-4df3-9795-14db35826c73,29781
1277cc00-3031-42e9-bb55-37ca86bbfb7c,25b1246f-0e37-44e9-a053-8fa48c7f8e1e,105186
cd4373fe-0091-4421-898d-1322bb7921e8,d7ea63f6-7280-453f-83c2-3f8ddc60ef79,591791
78699c1e-3234-4c39-a2d4-5e6e545dc68e,a44a2fb9-565b-468e-a23d-5956fdd2e744,286524
14d26f53-dd5e-4cfa-aada-67c21bb5d939,7fba12e8-f336-4a99-a479-dbcb1fc058b8,139682
f38f3d11-ca55-4e14-9b7a-3c41774011e1,08610465-eb20-4cef-a770-ee3cd8e75508,124861
48ad0f18-b76e-4483-9afc-cd7e59be5f3a,2130aa47-2aba-4a23-b3ca-a4360325ae32,394487
d1f46208-0958-4793-bf89-39afc8da5c85,119ea857-b60b-491c-8e01-ab437e50f26e,278959
8a1eb4a2-9b78-44bf-bb1e-2556e0dab34c,f5a4a30f-bf41-44c8-b3b3-283ffe260a60,284322
2130aa47-2aba-4a23-b3ca-a4360325ae32,1a445f91-2ead-438a-9157-e2306187972a,176433
385ddbb9-9e74-4532-b04a-de4e304cf8a7,4d871fb3-f0e1-4dc9-8415-2546e8723250,34392
87fcf9bd-c496-499a-8ddd-b5f35af99931,27a6c30d-3dd4-430c-9b72-6a22b6bc28be,113171
5e62c6a4-2bb4-4e1c-8488-e10c7b1c3f63,b2063c94-d6ff-4b99-9b1a-191d9fc22602,59075
2130aa47-2aba-4a23-b3ca-a4360325ae32,2c754a65-ff58-47e6-85c1-78eb1aca2225,266271
180627e6-0c19-44ba-82b6-4ec97d3ad85d,c9fc8fa1-ca0e-4b1e-904c-80e5d80b2e39,100227
0a48b595-c065-4fc3-81fc-25305be2e919,e3dc7114-400f-4423-b05f-d6c737c28279,453265
07f047c6-eec0-4f71-98d8-0b06fac54ea9,ea73977d-dcbd-4fd4-81c2-5ac84fa64cac,247569
cf8d0727-06ae-41b7-a2bf-c14ea6affcfa,310f8c32-4e53-4985-bd1b-6da805a969db,157536
4b2c12b4-cdf9-4dc2-b23a-09610cc147eb,a43c454e-eaae-4ccf-ba48-24cf178c0031,449852
b35a5f3e-d9e7-47bf-a5f8-e8abdc9166c0,11e6699e-09c0-4e83-aa27-821896ae0c18,73356
4e6f9bb8-78a5-4e09-9673-cce1f5489a5b,3628d3b6-b07f-41cd-8c09-8c99afa414ba,138074
83ca04ab-5096-4031-b64a-163ca57dfb1b,3628d3b6-b07f-41cd-8c09-8c99afa414ba,200192
4d871fb3-f0e1-4dc9-8415-2546e8723250,54835b8a-a27f-4145-a0f6-df40badc1d0e,257150
b35a5f3e-d9e7-47bf-a5f8-e8abdc9166c0,a730d385-0f71-42a3-8b8c-b4195bfa8f1f,43344
11e6699e-09c0-4e83-aa27-821896ae0c18,29e9ab61-e061-4d94-8cd3-c99446d51c55,82248
12ff259b-fcec-4111-8a3e-92f1b34ef005,1dc801b8-53d9-46a5-85fd-164140883dd0,209604
1277cc00-3031-42e9-bb55-37ca86bbfb7c,10949264-8492-44d9-ba5c-65c4b7838df4,83619
7e557ea8-c91d-46eb-8ca1-0358f43dcabe,e413f084-e90e-424a-b205-f3dd75142edc,109358
cd4373fe-0091-4421-898d-1322bb7921e8,e7338740-b7ee-469c-9c74-bee7dd5f18d2,518848
4d871fb3-f0e1-4dc9-8415-2546e8723250,cce1aaa6-a333-477e-8c63-815bef486b25,78842
22a5a25e-618e-456a-b80a-9cbef2c43460,b5c5b6ab-0337-4187-afc3-a1ec6230064f,35162
d1f46208-0958-4793-bf89-39afc8da5c85,8a1eb4a2-9b78-44bf-bb1e-2556e0dab34c,225726
5e62c6a4-2bb4-4e1c-8488-e10c7b1c3f63,b5c5b6ab-0337-4187-afc3-a1ec6230064f,213058
5e62c6a4-2bb4-4e1c-8488-e10c7b1c3f63,5d4da318-295f-43fd-b303-bbd5fc786145,224473
3fe4fa6b-719c-428e-ab19-ac1e5a83f0f1,1277cc00-3031-42e9-bb55-37ca86bbfb7c,48165
dbc42853-f1be-402c-845f-6452bea1fcf0,5e62c6a4-2bb4-4e1c-8488-e10c7b1c3f63,143304
a44a2fb9-565b-468e-a23d-5956fdd2e744,1cf3a191-a526-4d97-a3d3-434d14f60ce3,60978
4e6f9bb8-78a5-4e09-9673-cce1f5489a5b,1db7abdf-2504-4e24-99b3-3dffe16ee8eb,45174
21140c1d-976c-4879-8bdc-a2a06014a372,0305e738-0366-4b59-9641-5036465d07cd,77578
99d5f7aa-2bc3-4aab-be55-528b049579c6,96e28973-b877-402f-b3ae-36ec55c8844e,414570
0e73205f-4f6a-4208-ad93-9e5206df13c7,c63bfa5b-d5bb-461c-b9eb-e8744301a90e,322839
fadaa8d2-d11e-48f4-b113-7ae97265e717,b5c5b6ab-0337-4187-afc3-a1ec6230064f,12910
32fffa33-1cd7-46d6-8e2e-e98450886d01,6603d019-cf11-4464-af83-d73a6114d7d9,18865
b391f9a6-4399-4069-9150-100fa9423b03,78560cc8-0cca-433a-8291-89c80601bf63,373925
cf8d0727-06ae-41b7-a2bf-c14ea6affcfa,b5c5b6ab-0337-4187-afc3-a1ec6230064f,107769
d59927c9-8f84-405f-b928-2ec21f8c6eb1,f5a4a30f-bf41-44c8-b3b3-283ffe260a60,78675
08610465-eb20-4cef-a770-ee3cd8e75508,b391f9a6-4399-4069-9150-100fa9423b03,55156
a730d385-0f71-42a3-8b8c-b4195bfa8f1f,10949264-8492-44d9-ba5c-65c4b7838df4,213495
a9b5bf1c-cbe0-4d26-9be9-e219091870fb,3b07c7ff-6fed-490a-a9e1-f5bafebc6f0b,353374
b5dc2142-0bad-4987-be8e-d11f22d9ea51,d3f7b752-a107-4df3-9795-14db35826c73,214349
394c6a7f-f4e5-40b8-bf5b-a953d624f184,11e6699e-09c0-4e83-aa27-821896ae0c18,83182
c855958a-64c0-4592-b32a-d7a4c8b2b733,4e6f9bb8-78a5-4e09-9673-cce1f5489a5b,77036
e731b69c-eeaf-4cae-8db6-e0cb7a703579,78560cc8-0cca-433a-8291-89c80601bf63,75658
c63bfa5b-d5bb-461c-b9eb-e8744301a90e,7e557ea8-c91d-46eb-8ca1-0358f43dcabe,71259
853a8faf-f277-4783-a080-1a32165bdc6e,51d7b18f-7c8c-4230-a198-36ad0e73f79d,225458
78560cc8-0cca-433a-8291-89c80601bf63,2daeec3a-f864-4eba-bdf5-03ccf9feb992,71664
8a5a20aa-c7aa-4e06-b3af-7285634af283,60daa3ab-6065-4f2b-830b-86b36bb4afe8,6687
0532f619-2dfb-4ed2-8656-ce67a56128aa,dbc42853-f1be-402c-845f-6452bea1fcf0,79936
3b07c7ff-6fed-490a-a9e1-f5bafebc6f0b,d3f7b752-a107-4df3-9795-14db35826c73,298726
e313b334-d8e0-4f9d-a841-02495ccfd0d4,4b2c12b4-cdf9-4dc2-b23a-09610cc147eb,396968
0a672532-6002-4b7d-bee3-274a62a9fb5a,96e28973-b877-402f-b3ae-36ec55c8844e,307585
58207bba-605a-4b23-98aa-9ac09a28437f,15ba1443-4cf1-4367-93b6-60fbb95a5b5e,15549
b35a5f3e-d9e7-47bf-a5f8-e8abdc9166c0,cd4373fe-0091-4421-898d-1322bb7921e8,76656
4130354e-87e6-4255-9189-522263c3027f,ea73977d-dcbd-4fd4-81c2-5ac84fa64cac,575320
384df65c-8611-4041-99a2-9b5a19d87245,1277cc00-3031-42e9-bb55-37ca86bbfb7c,97559
07f047c6-eec0-4f71-98d8-0b06fac54ea9,45e57df9-772b-40ca-aafc-898162c69844,119311
8a1eb4a2-9b78-44bf-bb1e-2556e0dab34c,cb0c31f6-0fd6-46de-af02-5d25005aa5bb,116479
b55783b5-489c-4878-a0aa-c81825d0ae80,394c6a7f-f4e5-40b8-bf5b-a953d624f184,142333
e413f084-e90e-424a-b205-f3dd75142edc,fadaa8d2-d11e-48f4-b113-7ae97265e717,26814
98eab8e7-ae72-4457-9ea0-742b7ae8093d,25cf4233-39d3-47dc-bf10-51d2687e74de,27427
7d7c80c6-da3d-482a-87d2-4323b489f08b,08610465-eb20-4cef-a770-ee3cd8e75508,18736
4b3124e8-5fe8-4c26-8e72-8f6ba2766978,78fd87d1-526d-4b18-8de8-c4c281977037,142606
07f047c6-eec0-4f71-98d8-0b06fac54ea9,b31626b2-19f3-473f-8056-240a12f26768,181359
96e28973-b877-402f-b3ae-36ec55c8844e,48ad0f18-b76e-4483-9afc-cd7e59be5f3a,252071
1277cc00-3031-42e9-bb55-37ca86bbfb7c,c63bfa5b-d5bb-461c-b9eb-e8744301a90e,250121
b2063c94-d6ff-4b99-9b1a-191d9fc22602,8a1eb4a2-9b78-44bf-bb1e-2556e0dab34c,231176
3535f85d-9583-4470-ac4c-9afdc1038270,2130aa47-2aba-4a23-b3ca-a4360325ae32,179341
18036c84-0da6-4c1e-9b11-126a55b485c7,1ab2769c-a290-4b2f-9e27-da26985f69d8,97973
1ab2769c-a290-4b2f-9e27-da26985f69d8,7d7c80c6-da3d-482a-87d2-4323b489f08b,339067
119ea857-b60b-491c-8e01-ab437e50f26e,6c6bed17-97db-4220-bcd7-9c74bb5c30a0,109074
9eddc067-b8c5-418d-8707-e41b27dafb46,a8fe04d7-c6e9-4857-be39-37559d653f33,65418
e731b69c-eeaf-4cae-8db6-e0cb7a703579,51d7b18f-7c8c-4230-a198-36ad0e73f79d,68692
07f047c6-eec0-4f71-98d8-0b06fac54ea9,400beeb3-50ab-4b56-8775-3b2b07aedbc3,321067
12ff259b-fcec-4111-8a3e-92f1b34ef005,e7338740-b7ee-469c-9c74-bee7dd5f18d2,209562
dbc42853-f1be-402c-845f-6452bea1fcf0,54835b8a-a27f-4145-a0f6-df40badc1d0e,415240
28be9ff8-6e8b-486b-bf5d-0d5f62c0c810,47cd9c20-4d9e-4b8a-813b-7cf5ccc918cd,433812
d7ea63f6-7280-453f-83c2-3f8ddc60ef79,29e9ab61-e061-4d94-8cd3-c99446d51c55,296226
78699c1e-3234-4c39-a2d4-5e6e545dc68e,12ff259b-fcec-4111-8a3e-92f1b34ef005,90332
759c268e-84f7-4975-a0d9-19b2cd8f0dde,06e59082-1be0-4c86-87a5-ccf1f9fea164,300136
2c9eb637-701c-47c0-86f9-52df6517d923,384df65c-8611-4041-99a2-9b5a19d87245,125227
cce1aaa6-a333-477e-8c63-815bef486b25,119ea857-b60b-491c-8e01-ab437e50f26e,104827
22a5a25e-618e-456a-b80a-9cbef2c43460,2daeec3a-f864-4eba-bdf5-03ccf9feb992,36062
f52dd1ff-6bbf-4473-8f2f-718db4a10f87,310f8c32-4e53-4985-bd1b-6da805a969db,373385
3fe4fa6b-719c-428e-ab19-ac1e5a83f0f1,08610465-eb20-4cef-a770-ee3cd8e75508,65287
87d34d56-3bfc-4b8e-b3cf-5f8fc1df2732,83ca04ab-5096-4031-b64a-163ca57dfb1b,200523
d59927c9-8f84-405f-b928-2ec21f8c6eb1,f5a4a30f-bf41-44c8-b3b3-283ffe260a60,29342
85b8f4a0-8132-49e1-8991-32d3b09d6b71,b391f9a6-4399-4069-9150-100fa9423b03,106895
a90a0979-3d6a-4c77-b2ce-81ba1f5311a5,8a1eb4a2-9b78-44bf-bb1e-2556e0dab34c,36559
5e62c6a4-2bb4-4e1c-8488-e10c7b1c3f63,32fffa33-1cd7-46d6-8e2e-e98450886d01,180882
29e9ab61-e061-4d94-8cd3-c99446d51c55,cd4373fe-0091-4421-898d-1322bb7921e8,258401
e731b69c-eeaf-4cae-8db6-e0cb7a703579,6603d019-cf11-4464-af83-d73a6114d7d9,58113
10949264-8492-44d9-ba5c-65c4b7838df4,58207bba-605a-4b23-98aa-9ac09a28437f,303872
48ad0f18-b76e-4483-9afc-cd7e59be5f3a,4b2c12b4-cdf9-4dc2-b23a-09610cc147eb,222256
2daeec3a-f864-4eba-bdf5-03ccf9feb992,f5a4a30f-bf41-44c8-b3b3-283ffe260a60,71002
96e28973-b877-402f-b3ae-36ec55c8844e,310f8c32-4e53-4985-bd1b-6da805a969db,343194
384df65c-8611-4041-99a2-9b5a19d87245,c63bfa5b-d5bb-461c-b9eb-e8744301a90e,206301
d7ea63f6-7280-453f-83c2-3f8ddc60ef79,7d7d78f3-acce-4f6a-9cea-2a3afcde3e8f,99878
8a1eb4a2-9b78-44bf-bb1e-2556e0dab34c,11e6699e-09c0-4e83-aa27-821896ae0c18,244961
cb0c31f6-0fd6-46de-af02-5d25005aa5bb,0305e738-0366-4b59-9641-5036465d07cd,305924
cd4373fe-0091-4421-898d-1322bb7921e8,a44a2fb9-565b-468e-a23d-5956fdd2e744,286800
08610465-eb20-4cef-a770-ee3cd8e75508,e313b334-d8e0-4f9d-a841-02495ccfd0d4,81971
dbc42853-f1be-402c-845f-6452bea1fcf0,a8fe04d7-c6e9-4857-be39-37559d653f33,554688
839cc007-0190-43a3-a229-b97fe0fdddd1,22a5a25e-618e-456a-b80a-9cbef2c43460,11279
5d4da318-295f-43fd-b303-bbd5fc786145,65d47575-b37f-4501-841e-142b28a09398,269433
464300eb-3855-4132-b377-6fe93a794fee,245f557e-4c75-4015-b6b5-3a52111e716f,37364
a8fe04d7-c6e9-4857-be39-37559d653f33,0a672532-6002-4b7d-bee3-274a62a9fb5a,80565
1dc801b8-53d9-46a5-85fd-164140883dd0,a44a2fb9-565b-468e-a23d-5956fdd2e744,260900
22a5a25e-618e-456a-b80a-9cbef2c43460,5d4da318-295f-43fd-b303-bbd5fc786145,20192
a90a0979-3d6a-4c77-b2ce-81ba1f5311a5,e3dc7114-400f-4423-b05f-d6c737c28279,134334
e7338740-b7ee-469c-9c74-bee7dd5f18d2,3b07c7ff-6fed-490a-a9e1-f5bafebc6f0b,169986
87d34d56-3bfc-4b8e-b3cf-5f8fc1df2732,d7ea63f6-7280-453f-83c2-3f8ddc60ef79,190646
c9fc8fa1-ca0e-4b1e-904c-80e5d80b2e39,394c6a7f-f4e5-40b8-bf5b-a953d624f184,143989
08610465-eb20-4cef-a770-ee3cd8e75508,8c6f7203-3c40-4766-9212-79d89260e8e9,94811
07f047c6-eec0-4f71-98d8-0b06fac54ea9,3b07c7ff-6fed-490a-a9e1-f5bafebc6f0b,277825
54835b8a-a27f-4145-a0f6-df40badc1d0e,9303996d-4078-4c79-80db-6a3eaa36104a,119378
0e73205f-4f6a-4208-ad93-9e5206df13c7,11e6699e-09c0-4e83-aa27-821896ae0c18,405688
08610465-eb20-4cef-a770-ee3cd8e75508,18036c84-0da6-4c1e-9b11-126a55b485c7,105471
64afb508-3fdb-4f14-a721-040f46ad6d54,51d7b18f-7c8c-4230-a198-36ad0e73f79d,558909
22a5a25e-618e-456a-b80a-9cbef2c43460,25cf4233-39d3-47dc-bf10-51d2687e74de,46343
095d08c2-5199-4d31-a548-12b5955c61a1,2993ded9-071e-45bc-9b13-accdf5d3ebec,288390
b31626b2-19f3-473f-8056-240a12f26768,87fcf9bd-c496-499a-8ddd-b5f35af99931,441208
68dd02c1-3e68-4d4d-8773-fe9569808537,180627e6-0c19-44ba-82b6-4ec97d3ad85d,361710
385ddbb9-9e74-4532-b04a-de4e304cf8a7,07f047c6-eec0-4f71-98d8-0b06fac54ea9,30147
60daa3ab-6065-4f2b-830b-86b36bb4afe8,a9b5bf1c-cbe0-4d26-9be9-e219091870fb,442143
11e6699e-09c0-4e83-aa27-821896ae0c18,400beeb3-50ab-4b56-8775-3b2b07aedbc3,78248
b5c5b6ab-0337-4187-afc3-a1ec6230064f,25cf4233-39d3-47dc-bf10-51d2687e74de,100911
54835b8a-a27f-4145-a0f6-df40badc1d0e,51d7b18f-7c8c-4230-a198-36ad0e73f79d,70132
06e59082-1be0-4c86-87a5-ccf1f9fea164,7d7d78f3-acce-4f6a-9cea-2a3afcde3e8f,343974
3535f85d-9583-4470-ac4c-9afdc1038270,87d34d56-3bfc-4b8e-b3cf-5f8fc1df2732,111433
68dd02c1-3e68-4d4d-8773-fe9569808537,464300eb-3855-4132-b377-6fe93a794fee,275231
180627e6-0c19-44ba-82b6-4ec97d3ad85d,2c9eb637-701c-47c0-86f9-52df6517d923,146578
310f8c32-4e53-4985-bd1b-6da805a969db,54d734a2-73fa-4c9d-8cf3-7a39eaef3b2d,153412
ea73977d-dcbd-4fd4-81c2-5ac84fa64cac,2daeec3a-f864-4eba-bdf5-03ccf9feb992,90530
cd0aac86-7ac4-4828-8feb-b4a36d4f517c,e121b8a7-f238-42b9-8457-181650d599f1,135275
25cf4233-39d3-47dc-bf10-51d2687e74de,7d7c80c6-da3d-482a-87d2-4323b489f08b,45808
54d734a2-73fa-4c9d-8cf3-7a39eaef3b2d,3b07c7ff-6fed-490a-a9e1-f5bafebc6f0b,30995
5f9a0ffa-c748-4fbb-95a5-8eab94c05210,f5a4a30f-bf41-44c8-b3b3-283ffe260a60,68831
1ab2769c-a290-4b2f-9e27-da26985f69d8,9bb7ec36-dda1-4ff9-a738-6f7f2e9f7630,400252
b2063c94-d6ff-4b99-9b1a-191d9fc22602,a8fe04d7-c6e9-4857-be39-37559d653f33,98815
e7338740-b7ee-469c-9c74-bee7dd5f18d2,cf8d0727-06ae-41b7-a2bf-c14ea6affcfa,298424
dbc42853-f1be-402c-845f-6452bea1fcf0,f52dd1ff-6bbf-4473-8f2f-718db4a10f87,266664
b31626b2-19f3-473f-8056-240a12f26768,54d734a2-73fa-4c9d-8cf3-7a39eaef3b2d,512981
2c754a65-ff58-47e6-85c1-78eb1aca2225,b35a5f3e-d9e7-47bf-a5f8-e8abdc9166c0,117813
cd0aac86-7ac4-4828-8feb-b4a36d4f517c,0a48b595-c065-4fc3-81fc-25305be2e919,372355
14d26f53-dd5e-4cfa-aada-67c21bb5d939,3b07c7ff-6fed-490a-a9e1-f5bafebc6f0b,69813
3535f85d-9583-4470-ac4c-9afdc1038270,8a1eb4a2-9b78-44bf-bb1e-2556e0dab34c,212844
839cc007-0190-43a3-a229-b97fe0fdddd1,99d5f7aa-2bc3-4aab-be55-528b049579c6,18283
1ab2769c-a290-4b2f-9e27-da26985f69d8,5065fc4a-0d76-4ae7-84f0-b17d57bc7ce8,302938
01961663-3143-4f5c-92e7-965eec12a0f9,cf8d0727-06ae-41b7-a2bf-c14ea6affcfa,190346
245f557e-4c75-4015-b6b5-3a52111e716f,54d734a2-73fa-4c9d-8cf3-7a39eaef3b2d,144476
65d47575-b37f-4501-841e-142b28a09398,a8fe04d7-c6e9-4857-be39-37559d653f33,79409
58207bba-605a-4b23-98aa-9ac09a28437f,e7338740-b7ee-469c-9c74-bee7dd5f18d2,12498
a9b5bf1c-cbe0-4d26-9be9-e219091870fb,18036c84-0da6-4c1e-9b11-126a55b485c7,159595
1a445f91-2ead-438a-9157-e2306187972a,32fffa33-1cd7-46d6-8e2e-e98450886d01,216811
1dc801b8-53d9-46a5-85fd-164140883dd0,cd4373fe-0091-4421-898d-1322bb7921e8,161790
7cc6cfa4-c1e9-494a-986b-bbf607bc5550,558c8707-3d8a-4375-8e7e-998395fb46e5,171129
7d7c80c6-da3d-482a-87d2-4323b489f08b,7fba12e8-f336-4a99-a479-dbcb1fc058b8,36002
464300eb-3855-4132-b377-6fe93a794fee,759c268e-84f7-4975-a0d9-19b2cd8f0dde,104911
1db7abdf-2504-4e24-99b3-3dffe16ee8eb,2c9eb637-701c-47c0-86f9-52df6517d923,451038
558c8707-3d8a-4375-8e7e-998395fb46e5,51d7b18f-7c8c-4230-a198-36ad0e73f79d,33328
54d734a2-73fa-4c9d-8cf3-7a39eaef3b2d,b55783b5-489c-4878-a0aa-c81825d0ae80,30091
310f8c32-4e53-4985-bd1b-6da805a969db,54835b8a-a27f-4145-a0f6-df40badc1d0e,124444
9303996d-4078-4c79-80db-6a3eaa36104a,b55783b5-489c-4878-a0aa-c81825d0ae80,116599
2daeec3a-f864-4eba-bdf5-03ccf9feb992,245f557e-4c75-4015-b6b5-3a52111e716f,128067
27a6c30d-3dd4-430c-9b72-6a22b6bc28be,47cd9c20-4d9e-4b8a-813b-7cf5ccc918cd,306003
0532f619-2dfb-4ed2-8656-ce67a56128aa,d7ea63f6-7280-453f-83c2-3f8ddc60ef79,95257
85b8f4a0-8132-49e1-8991-32d3b09d6b71,9eddc067-b8c5-418d-8707-e41b27dafb46,62598
e121b8a7-f238-42b9-8457-181650d599f1,a9b5bf1c-cbe0-4d26-9be9-e219091870fb,15606
464300eb-3855-4132-b377-6fe93a794fee,5e62c6a4-2bb4-4e1c-8488-e10c7b1c3f63,47364
54d734a2-73fa-4c9d-8cf3-7a39eaef3b2d,8536988f-ed41-448c-97ce-9555c75abfaa,63521
06e59082-1be0-4c86-87a5-ccf1f9fea164,60daa3ab-6065-4f2b-830b-86b36bb4afe8,380885
7d7c80c6-da3d-482a-87d2-4323b489f08b,28be9ff8-6e8b-486b-bf5d-0d5f62c0c810,30313
06e59082-1be0-4c86-87a5-ccf1f9fea164,a9b5bf1c-cbe0-4d26-9be9-e219091870fb,94575
db21b201-6b2e-4e52-ad8d-d44123fc5c63,b2063c94-d6ff-4b99-9b1a-191d9fc22602,72814
68dd02c1-3e68-4d4d-8773-fe9569808537,27a6c30d-3dd4-430c-9b72-6a22b6bc28be,134490
58207bba-605a-4b23-98aa-9ac09a28437f,dbc42853-f1be-402c-845f-6452bea1fcf0,9032
9303996d-4078-4c79-80db-6a3eaa36104a,5065fc4a-0d76-4ae7-84f0-b17d57bc7ce8,294191
7d7c80c6-da3d-482a-87d2-4323b489f08b,d59927c9-8f84-405f-b928-2ec21f8c6eb1,8712
8536988f-ed41-448c-97ce-9555c75abfaa,99d5f7aa-2bc3-4aab-be55-528b049579c6,246360
83ca04ab-5096-4031-b64a-163ca57dfb1b,b5dc2142-0bad-4987-be8e-d11f22d9ea51,231826
a730d385-0f71-42a3-8b8c-b4195bfa8f1f,fadaa8d2-d11e-48f4-b113-7ae97265e717,306218
0a48b595-c065-4fc3-81fc-25305be2e919,9303996d-4078-4c79-80db-6a3eaa36104a,349107
6e279e72-004f-470e-8bb4-0999c3fc6164,b5dc2142-0bad-4987-be8e-d11f22d9ea51,93126
b35a5f3e-d9e7-47bf-a5f8-e8abdc9166c0,54d734a2-73fa-4c9d-8cf3-7a39eaef3b2d,112580
558c8707-3d8a-4375-8e7e-998395fb46e5,cd0aac86-7ac4-4828-8feb-b4a36d4f517c,35940
c9fc8fa1-ca0e-4b1e-904c-80e5d80b2e39,08610465-eb20-4cef-a770-ee3cd8e75508,125703
04d0fe46-e270-4bf0-b721-ee363d6a6e2f,3628d3b6-b07f-41cd-8c09-8c99afa414ba,190767
85b8f4a0-8132-49e1-8991-32d3b09d6b71,0a48b595-c065-4fc3-81fc-25305be2e919,76445
9bb7ec36-dda1-4ff9-a738-6f7f2e9f7630,464300eb-3855-4132-b377-6fe93a794fee,53020
78560cc8-0cca-433a-8291-89c80601bf63,cf8d0727-06ae-41b7-a2bf-c14ea6affcfa,15341
b5dc2142-0bad-4987-be8e-d11f22d9ea51,cce1aaa6-a333-477e-8c63-815bef486b25,491532
3628d3b6-b07f-41cd-8c09-8c99afa414ba,1dc801b8-53d9-46a5-85fd-164140883dd0,138305
0305e738-0366-4b59-9641-5036465d07cd,12ff259b-fcec-4111-8a3e-92f1b34ef005,154864
87fcf9bd-c496-499a-8ddd-b5f35af99931,5d4da318-295f-43fd-b303-bbd5fc786145,117925
9bb7ec36-dda1-4ff9-a738-6f7f2e9f7630,180627e6-0c19-44ba-82b6-4ec97d3ad85d,71431
3535f85d-9583-4470-ac4c-9afdc1038270,e313b334-d8e0-4f9d-a841-02495ccfd0d4,130493
1a445f91-2ead-438a-9157-e2306187972a,8536988f-ed41-448c-97ce-9555c75abfaa,327360
83ca04ab-5096-4031-b64a-163ca57dfb1b,9bb7ec36-dda1-4ff9-a738-6f7f2e9f7630,458519
98eab8e7-ae72-4457-9ea0-742b7ae8093d,b391f9a6-4399-4069-9150-100fa9423b03,50466
464300eb-3855-4132-b377-6fe93a794fee,4b3124e8-5fe8-4c26-8e72-8f6ba2766978,109664
3fe4fa6b-719c-428e-ab19-ac1e5a83f0f1,2993ded9-071e-45bc-9b13-accdf5d3ebec,36224
a9b5bf1c-cbe0-4d26-9be9-e219091870fb,25cf4233-39d3-47dc-bf10-51d2687e74de,172717
e731b69c-eeaf-4cae-8db6-e0cb7a703579,8a1eb4a2-9b78-44bf-bb1e-2556e0dab34c,67731
0e73205f-4f6a-4208-ad93-9e5206df13c7,a8a3a809-1348-41fe-b334-afa6e29e0493,197971
a8a3a809-1348-41fe-b334-afa6e29e0493,385ddbb9-9e74-4532-b04a-de4e304cf8a7,295898
78699c1e-3234-4c39-a2d4-5e6e545dc68e,51d7b18f-7c8c-4230-a198-36ad0e73f79d,175097
fadaa8d2-d11e-48f4-b113-7ae97265e717,0e73205f-4f6a-4208-ad93-9e5206df13c7,25039
4b2c12b4-cdf9-4dc2-b23a-09610cc147eb,fadaa8d2-d11e-48f4-b113-7ae97265e717,297490
c9fc8fa1-ca0e-4b1e-904c-80e5d80b2e39,58207bba-605a-4b23-98aa-9ac09a28437f,218835
c63bfa5b-d5bb-461c-b9eb-e8744301a90e,245f557e-4c75-4015-b6b5-3a52111e716f,133320
fadaa8d2-d11e-48f4-b113-7ae97265e717,3535f85d-9583-4470-ac4c-9afdc1038270,42736
c855958a-64c0-4592-b32a-d7a4c8b2b733,47cd9c20-4d9e-4b8a-813b-7cf5ccc918cd,132637
45e57df9-772b-40ca-aafc-898162c69844,8a5a20aa-c7aa-4e06-b3af-7285634af283,109078
a730d385-0f71-42a3-8b8c-b4195bfa8f1f,0a672532-6002-4b7d-bee3-274a62a9fb5a,357733
1cf3a191-a526-4d97-a3d3-434d14f60ce3,b54ac68a-3eca-435c-8902-200a1a1b09ff,367961
b54ac68a-3eca-435c-8902-200a1a1b09ff,cd4373fe-0091-4421-898d-1322bb7921e8,61680
b5c5b6ab-0337-4187-afc3-a1ec6230064f,0532f619-2dfb-4ed2-8656-ce67a56128aa,230643
3b07c7ff-6fed-490a-a9e1-f5bafebc6f0b,60daa3ab-6065-4f2b-830b-86b36bb4afe8,469698
4b3124e8-5fe8-4c26-8e72-8f6ba2766978,095d08c2-5199-4d31-a548-12b5955c61a1,212322
b391f9a6-4399-4069-9150-100fa9423b03,8a1eb4a2-9b78-44bf-bb1e-2556e0dab34c,412793
96e28973-b877-402f-b3ae-36ec55c8844e,3b07c7ff-6fed-490a-a9e1-f5bafebc6f0b,488113
558c8707-3d8a-4375-8e7e-998395fb46e5,9eddc067-b8c5-418d-8707-e41b27dafb46,26005
8c6f7203-3c40-4766-9212-79d89260e8e9,21140c1d-976c-4879-8bdc-a2a06014a372,435503
65d47575-b37f-4501-841e-142b28a09398,8536988f-ed41-448c-97ce-9555c75abfaa,120730
8c6f7203-3c40-4766-9212-79d89260e8e9,d7ea63f6-7280-453f-83c2-3f8ddc60ef79,127607
9bb7ec36-dda1-4ff9-a738-6f7f2e9f7630,5f9a0ffa-c748-4fbb-95a5-8eab94c05210,223678
60daa3ab-6065-4f2b-830b-86b36bb4afe8,8c6f7203-3c40-4766-9212-79d89260e8e9,183675
87fcf9bd-c496-499a-8ddd-b5f35af99931,759c268e-84f7-4975-a0d9-19b2cd8f0dde,147036
08610465-eb20-4cef-a770-ee3cd8e75508,a44a2fb9-565b-468e-a23d-5956fdd2e744,135620
22a5a25e-618e-456a-b80a-9cbef2c43460,e413f084-e90e-424a-b205-f3dd75142edc,47882
14d26f53-dd5e-4cfa-aada-67c21bb5d939,a9b5bf1c-cbe0-4d26-9be9-e219091870fb,81603
fadaa8d2-d11e-48f4-b113-7ae97265e717,b54ac68a-3eca-435c-8902-200a1a1b09ff,54673
e313b334-d8e0-4f9d-a841-02495ccfd0d4,7cc6cfa4-c1e9-494a-986b-bbf607bc5550,141537
b55783b5-489c-4878-a0aa-c81825d0ae80,15ba1443-4cf1-4367-93b6-60fbb95a5b5e,94509
1db7abdf-2504-4e24-99b3-3dffe16ee8eb,b5dc2142-0bad-4987-be8e-d11f22d9ea51,311128
c9fc8fa1-ca0e-4b1e-904c-80e5d80b2e39,1277cc00-3031-42e9-bb55-37ca86bbfb7c,172334
47cd9c20-4d9e-4b8a-813b-7cf5ccc918cd,b2063c94-d6ff-4b99-9b1a-191d9fc22602,88355
0e73205f-4f6a-4208-ad93-9e5206df13c7,21140c1d-976c-4879-8bdc-a2a06014a372,403143
a8a3a809-1348-41fe-b334-afa6e29e0493,cd4373fe-0091-4421-898d-1322bb7921e8,384067
b35a5f3e-d9e7-47bf-a5f8-e8abdc9166c0,6c6bed17-97db-4220-bcd7-9c74bb5c30a0,156023
310f8c32-4e53-4985-bd1b-6da805a969db,7fba12e8-f336-4a99-a479-dbcb1fc058b8,40134
a43c454e-eaae-4ccf-ba48-24cf178c0031,400beeb3-50ab-4b56-8775-3b2b07aedbc3,5079
54835b8a-a27f-4145-a0f6-df40badc1d0e,c9fc8fa1-ca0e-4b1e-904c-80e5d80b2e39,145607
cd4373fe-0091-4421-898d-1322bb7921e8,28be9ff8-6e8b-486b-bf5d-0d5f62c0c810,523923
1277cc00-3031-42e9-bb55-37ca86bbfb7c,1cf3a191-a526-4d97-a3d3-434d14f60ce3,280669
a730d385-0f71-42a3-8b8c-b4195bfa8f1f,180627e6-0c19-44ba-82b6-4ec97d3ad85d,140132
119ea857-b60b-491c-8e01-ab437e50f26e,0a48b595-c065-4fc3-81fc-25305be2e919,205949
839cc007-0190-43a3-a229-b97fe0fdddd1,07f047c6-eec0-4f71-98d8-0b06fac54ea9,31214
3628d3b6-b07f-41cd-8c09-8c99afa414ba,d1f46208-0958-4793-bf89-39afc8da5c85,269385
8c6f7203-3c40-4766-9212-79d89260e8e9,18036c84-0da6-4c1e-9b11-126a55b485c7,185267
d9dbc87f-1fec-4d78-bf2b-ec41887dfd44,85b8f4a0-8132-49e1-8991-32d3b09d6b71,250044
a8a3a809-1348-41fe-b334-afa6e29e0493,04d0fe46-e270-4bf0-b721-ee363d6a6e2f,384444
0e73205f-4f6a-4208-ad93-9e5206df13c7,2130aa47-2aba-4a23-b3ca-a4360325ae32,161865
464300eb-3855-4132-b377-6fe93a794fee,cb0c31f6-0fd6-46de-af02-5d25005aa5bb,168175
464300eb-3855-4132-b377-6fe93a794fee,a730d385-0f71-42a3-8b8c-b4195bfa8f1f,78176
cb0c31f6-0fd6-46de-af02-5d25005aa5bb,a90a0979-3d6a-4c77-b2ce-81ba1f5311a5,78693
180627e6-0c19-44ba-82b6-4ec97d3ad85d,08610465-eb20-4cef-a770-ee3cd8e75508,101799
5065fc4a-0d76-4ae7-84f0-b17d57bc7ce8,2130aa47-2aba-4a23-b3ca-a4360325ae32,99307
d59927c9-8f84-405f-b928-2ec21f8c6eb1,3fe4fa6b-719c-428e-ab19-ac1e5a83f0f1,94691
67a1a352-63c6-43f9-9d71-ce28a20ae21c,b2063c94-d6ff-4b99-9b1a-191d9fc22602,51014
6c6bed17-97db-4220-bcd7-9c74bb5c30a0,2130aa47-2aba-4a23-b3ca-a4360325ae32,262865
b55783b5-489c-4878-a0aa-c81825d0ae80,10949264-8492-44d9-ba5c-65c4b7838df4,46281
4b2c12b4-cdf9-4dc2-b23a-09610cc147eb,d9dbc87f-1fec-4d78-bf2b-ec41887dfd44,279873
cd4373fe-0091-4421-898d-1322bb7921e8,e3dc7114-400f-4423-b05f-d6c737c28279,119340
c63bfa5b-d5bb-461c-b9eb-e8744301a90e,11e6699e-09c0-4e83-aa27-821896ae0c18,49369
d9dbc87f-1fec-4d78-bf2b-ec41887dfd44,cd0aac86-7ac4-4828-8feb-b4a36d4f517c,140881
87fcf9bd-c496-499a-8ddd-b5f35af99931,78fd87d1-526d-4b18-8de8-c4c281977037,145573
5f9a0ffa-c748-4fbb-95a5-8eab94c05210,839cc007-0190-43a3-a229-b97fe0fdddd1,130787
10949264-8492-44d9-ba5c-65c4b7838df4,2c9eb637-701c-47c0-86f9-52df6517d923,160415
0a672532-6002-4b7d-bee3-274a62a9fb5a,db21b201-6b2e-4e52-ad8d-d44123fc5c63,170381
cd4373fe-0091-4421-898d-1322bb7921e8,180627e6-0c19-44ba-82b6-4ec97d3ad85d,442748
60daa3ab-6065-4f2b-830b-86b36bb4afe8,dbc42853-f1be-402c-845f-6452bea1fcf0,125149
9bb7ec36-dda1-4ff9-a738-6f7f2e9f7630,b31626b2-19f3-473f-8056-240a12f26768,232828
06e59082-1be0-4c86-87a5-ccf1f9fea164,99d5f7aa-2bc3-4aab-be55-528b049579c6,367055
a730d385-0f71-42a3-8b8c-b4195bfa8f1f,3535f85d-9583-4470-ac4c-9afdc1038270,293049
7d7d78f3-acce-4f6a-9cea-2a3afcde3e8f,cd4373fe-0091-4421-898d-1322bb7921e8,5115
83ca04ab-5096-4031-b64a-163ca57dfb1b,96e28973-b877-402f-b3ae-36ec55c8844e,267444
87d34d56-3bfc-4b8e-b3cf-5f8fc1df2732,5d4da318-295f-43fd-b303-bbd5fc786145,371868
b5dc2142-0bad-4987-be8e-d11f22d9ea51,d9dbc87f-1fec-4d78-bf2b-ec41887dfd44,279869
29e9ab61-e061-4d94-8cd3-c99446d51c55,65d47575-b37f-4501-841e-142b28a09398,128916
b2063c94-d6ff-4b99-9b1a-191d9fc22602,7fba12e8-f336-4a99-a479-dbcb1fc058b8,290697
28be9ff8-6e8b-486b-bf5d-0d5f62c0c810,a9b5bf1c-cbe0-4d26-9be9-e219091870fb,227403
07f047c6-eec0-4f71-98d8-0b06fac54ea9,cb0c31f6-0fd6-46de-af02-5d25005aa5bb,352420
7cc6cfa4-c1e9-494a-986b-bbf607bc5550,095d08c2-5199-4d31-a548-12b5955c61a1,501983
47cd9c20-4d9e-4b8a-813b-7cf5ccc918cd,25b1246f-0e37-44e9-a053-8fa48c7f8e1e,25029
0305e738-0366-4b59-9641-5036465d07cd,8c6f7203-3c40-4766-9212-79d89260e8e9,68750
27a6c30d-3dd4-430c-9b72-6a22b6bc28be,1cf3a191-a526-4d97-a3d3-434d14f60ce3,188429
5f9a0ffa-c748-4fbb-95a5-8eab94c05210,464300eb-3855-4132-b377-6fe93a794fee,51944
e413f084-e90e-424a-b205-f3dd75142edc,db21b201-6b2e-4e52-ad8d-d44123fc5c63,14169
04d0fe46-e270-4bf0-b721-ee363d6a6e2f,1ab2769c-a290-4b2f-9e27-da26985f69d8,275237
d7ea63f6-7280-453f-83c2-3f8ddc60ef79,0a672532-6002-4b7d-bee3-274a62a9fb5a,305595
47cd9c20-4d9e-4b8a-813b-7cf5ccc918cd,01961663-3143-4f5c-92e7-965eec12a0f9,59323
b35a5f3e-d9e7-47bf-a5f8-e8abdc9166c0,1ab2769c-a290-4b2f-9e27-da26985f69d8,80625
7d7d78f3-acce-4f6a-9cea-2a3afcde3e8f,25cf4233-39d3-47dc-bf10-51d2687e74de,1997
ea73977d-dcbd-4fd4-81c2-5ac84fa64cac,9eddc067-b8c5-418d-8707-e41b27dafb46,46366
dbc42853-f1be-402c-845f-6452bea1fcf0,d1f46208-0958-4793-bf89-39afc8da5c85,194377
4d871fb3-f0e1-4dc9-8415-2546e8723250,27a6c30d-3dd4-430c-9b72-6a22b6bc28be,251853
2993ded9-071e-45bc-9b13-accdf5d3ebec,4b2c12b4-cdf9-4dc2-b23a-09610cc147eb,2871
47cd9c20-4d9e-4b8a-813b-7cf5ccc918cd,a730d385-0f71-42a3-8b8c-b4195bfa8f1f,58394
25cf4233-39d3-47dc-bf10-51d2687e74de,51d7b18f-7c8c-4230-a198-36ad0e73f79d,15328
fadaa8d2-d11e-48f4-b113-7ae97265e717,dbc42853-f1be-402c-845f-6452bea1fcf0,53740
32fffa33-1cd7-46d6-8e2e-e98450886d01,21140c1d-976c-4879-8bdc-a2a06014a372,21631
a730d385-0f71-42a3-8b8c-b4195bfa8f1f,7e557ea8-c91d-46eb-8ca1-0358f43dcabe,174435
3628d3b6-b07f-41cd-8c09-8c99afa414ba,1ab2769c-a290-4b2f-9e27-da26985f69d8,222159
21140c1d-976c-4879-8bdc-a2a06014a372,2993ded9-071e-45bc-9b13-accdf5d3ebec,220853
8c6f7203-3c40-4766-9212-79d89260e8e9,4d871fb3-f0e1-4dc9-8415-2546e8723250,307654
385ddbb9-9e74-4532-b04a-de4e304cf8a7,2130aa47-2aba-4a23-b3ca-a4360325ae32,78909
14d26f53-dd5e-4cfa-aada-67c21bb5d939,32fffa33-1cd7-46d6-8e2e-e98450886d01,136394
2993ded9-071e-45bc-9b13-accdf5d3ebec,2c754a65-ff58-47e6-85c1-78eb1aca2225,6109
07f047c6-eec0-4f71-98d8-0b06fac54ea9,b35a5f3e-d9e7-47bf-a5f8-e8abdc9166c0,265066
07f047c6-eec0-4f71-98d8-0b06fac54ea9,4130354e-87e6-4255-9189-522263c3027f,187123
4d871fb3-f0e1-4dc9-8415-2546e8723250,01961663-3143-4f5c-92e7-965eec12a0f9,240506
4d871fb3-f0e1-4dc9-8415-2546e8723250,cb0c31f6-0fd6-46de-af02-5d25005aa5bb,210557
8a5a20aa-c7aa-4e06-b3af-7285634af283,119ea857-b60b-491c-8e01-ab437e50f26e,4017
853a8faf-f277-4783-a080-1a32165bdc6e,d59927c9-8f84-405f-b928-2ec21f8c6eb1,172838
384df65c-8611-4041-99a2-9b5a19d87245,32fffa33-1cd7-46d6-8e2e-e98450886d01,53409
15ba1443-4cf1-4367-93b6-60fbb95a5b5e,32fffa33-1cd7-46d6-8e2e-e98450886d01,114724
c63bfa5b-d5bb-461c-b9eb-e8744301a90e,b31626b2-19f3-473f-8056-240a12f26768,87478
dbc42853-f1be-402c-845f-6452bea1fcf0,3535f85d-9583-4470-ac4c-9afdc1038270,563665
b391f9a6-4399-4069-9150-100fa9423b03,cd4373fe-0091-4421-898d-1322bb7921e8,320728
b154fd49-3672-4066-8fe1-a9993e912518,83ca04ab-5096-4031-b64a-163ca57dfb1b,46709
25cf4233-39d3-47dc-bf10-51d2687e74de,4d871fb3-f0e1-4dc9-8415-2546e8723250,70750
c855958a-64c0-4592-b32a-d7a4c8b2b733,25cf4233-39d3-47dc-bf10-51d2687e74de,321699
b154fd49-3672-4066-8fe1-a9993e912518,0a48b595-c065-4fc3-81fc-25305be2e919,47316
a43c454e-eaae-4ccf-ba48-24cf178c0031,51d7b18f-7c8c-4230-a198-36ad0e73f79d,1440
c855958a-64c0-4592-b32a-d7a4c8b2b733,a8a3a809-1348-41fe-b334-afa6e29e0493,175987
47cd9c20-4d9e-4b8a-813b-7cf5ccc918cd,99d5f7aa-2bc3-4aab-be55-528b049579c6,72539
3628d3b6-b07f-41cd-8c09-8c99afa414ba,1cf3a191-a526-4d97-a3d3-434d14f60ce3,582980
7d7d78f3-acce-4f6a-9cea-2a3afcde3e8f,45e57df9-772b-40ca-aafc-898162c69844,8024
32fffa33-1cd7-46d6-8e2e-e98450886d01,ea73977d-dcbd-4fd4-81c2-5ac84fa64cac,38004
01961663-3143-4f5c-92e7-965eec12a0f9,65d47575-b37f-4501-841e-142b28a09398,58605
e313b334-d8e0-4f9d-a841-02495ccfd0d4,3535f85d-9583-4470-ac4c-9afdc1038270,320379
29e9ab61-e061-4d94-8cd3-c99446d51c55,b35a5f3e-d9e7-47bf-a5f8-e8abdc9166c0,419792
c855958a-64c0-4592-b32a-d7a4c8b2b733,759c268e-84f7-4975-a0d9-19b2cd8f0dde,144834
6e279e72-004f-470e-8bb4-0999c3fc6164,c63bfa5b-d5bb-461c-b9eb-e8744301a90e,269478
0305e738-0366-4b59-9641-5036465d07cd,7fba12e8-f336-4a99-a479-dbcb1fc058b8,173168
6c6bed17-97db-4220-bcd7-9c74bb5c30a0,ea73977d-dcbd-4fd4-81c2-5ac84fa64cac,84833
7d7c80c6-da3d-482a-87d2-4323b489f08b,a730d385-0f71-42a3-8b8c-b4195bfa8f1f,21364
c9fc8fa1-ca0e-4b1e-904c-80e5d80b2e39,08610465-eb20-4cef-a770-ee3cd8e75508,77462
4e6f9bb8-78a5-4e09-9673-cce1f5489a5b,7cc6cfa4-c1e9-494a-986b-bbf607bc5550,80520
0305e738-0366-4b59-9641-5036465d07cd,7e557ea8-c91d-46eb-8ca1-0358f43dcabe,198630
b391f9a6-4399-4069-9150-100fa9423b03,7d7d78f3-acce-4f6a-9cea-2a3afcde3e8f,230183
db21b201-6b2e-4e52-ad8d-d44123fc5c63,558c8707-3d8a-4375-8e7e-998395fb46e5,98700
839cc007-0190-43a3-a229-b97fe0fdddd1,78699c1e-3234-4c39-a2d4-5e6e545dc68e,40828
6c6bed17-97db-4220-bcd7-9c74bb5c30a0,b2063c94-d6ff-4b99-9b1a-191d9fc22602,276993
4b3124e8-5fe8-4c26-8e72-8f6ba2766978,14d26f53-dd5e-4cfa-aada-67c21bb5d939,189910
78560cc8-0cca-433a-8291-89c80601bf63,b2063c94-d6ff-4b99-9b1a-191d9fc22602,16771
a730d385-0f71-42a3-8b8c-b4195bfa8f1f,cb0c31f6-0fd6-46de-af02-5d25005aa5bb,197024
3fe4fa6b-719c-428e-ab19-ac1e5a83f0f1,12ff259b-fcec-4111-8a3e-92f1b34ef005,149132
9bb7ec36-dda1-4ff9-a738-6f7f2e9f7630,db21b201-6b2e-4e52-ad8d-d44123fc5c63,89721
07f047c6-eec0-4f71-98d8-0b06fac54ea9,6603d019-cf11-4464-af83-d73a6114d7d9,315218
83ca04ab-5096-4031-b64a-163ca57dfb1b,06e59082-1be0-4c86-87a5-ccf1f9fea164,164508
01961663-3143-4f5c-92e7-965eec12a0f9,5e62c6a4-2bb4-4e1c-8488-e10c7b1c3f63,257115
25b1246f-0e37-44e9-a053-8fa48c7f8e1e,d59927c9-8f84-405f-b928-2ec21f8c6eb1,204536
1cf3a191-a526-4d97-a3d3-434d14f60ce3,54d734a2-73fa-4c9d-8cf3-7a39eaef3b2d,401517
cb0c31f6-0fd6-46de-af02-5d25005aa5bb,b5c5b6ab-0337-4187-afc3-a1ec6230064f,142928
b55783b5-489c-4878-a0aa-c81825d0ae80,e413f084-e90e-424a-b205-f3dd75142edc,144425
0e73205f-4f6a-4208-ad93-9e5206df13c7,8c6f7203-3c40-4766-9212-79d89260e8e9,383790
a44a2fb9-565b-468e-a23d-5956fdd2e744,83ca04ab-5096-4031-b64a-163ca57dfb1b,41527
cce1aaa6-a333-477e-8c63-815bef486b25,27a6c30d-3dd4-430c-9b72-6a22b6bc28be,271472
180627e6-0c19-44ba-82b6-4ec97d3ad85d,2993ded9-071e-45bc-9b13-accdf5d3ebec,162040
d1f46208-0958-4793-bf89-39afc8da5c85,11e6699e-09c0-4e83-aa27-821896ae0c18,177320
7cc6cfa4-c1e9-494a-986b-bbf607bc5550,558c8707-3d8a-4375-8e7e-998395fb46e5,504358
cd0aac86-7ac4-4828-8feb-b4a36d4f517c,f52dd1ff-6bbf-4473-8f2f-718db4a10f87,160828
58207bba-605a-4b23-98aa-9ac09a28437f,b2063c94-d6ff-4b99-9b1a-191d9fc22602,16528
cd4373fe-0091-4421-898d-1322bb7921e8,a44a2fb9-565b-468e-a23d-5956fdd2e744,472679
8a5a20aa-c7aa-4e06-b3af-7285634af283,0305e738-0366-4b59-9641-5036465d07cd,5952
9bb7ec36-dda1-4ff9-a738-6f7f2e9f7630,853a8faf-f277-4783-a080-1a32165bdc6e,252594
4d871fb3-f0e1-4dc9-8415-2546e8723250,e121b8a7-f238-42b9-8457-181650d599f1,226515
a90a0979-3d6a-4c77-b2ce-81ba1f5311a5,0532f619-2dfb-4ed2-8656-ce67a56128aa,31442
15ba1443-4cf1-4367-93b6-60fbb95a5b5e,2c9eb637-701c-47c0-86f9-52df6517d923,137454
3628d3b6-b07f-41cd-8c09-8c99afa414ba,e313b334-d8e0-4f9d-a841-02495ccfd0d4,389491
2c754a65-ff58-47e6-85c1-78eb1aca2225,cf8d0727-06ae-41b7-a2bf-c14ea6affcfa,124096
119ea857-b60b-491c-8e01-ab437e50f26e,5f9a0ffa-c748-4fbb-95a5-8eab94c05210,285099
cb0c31f6-0fd6-46de-af02-5d25005aa5bb,85b8f4a0-8132-49e1-8991-32d3b09d6b71,281221
2daeec3a-f864-4eba-bdf5-03ccf9feb992,15ba1443-4cf1-4367-93b6-60fbb95a5b5e,181554
b2063c94-d6ff-4b99-9b1a-191d9fc22602,839cc007-0190-43a3-a229-b97fe0fdddd1,327872
a90a0979-3d6a-4c77-b2ce-81ba1f5311a5,67a1a352-63c6-43f9-9d71-ce28a20ae21c,138540
58207bba-605a-4b23-98aa-9ac09a28437f,01961663-3143-4f5c-92e7-965eec12a0f9,16185
839cc007-0190-43a3-a229-b97fe0fdddd1,58207bba-605a-4b23-98aa-9ac09a28437f,49138
464300eb-3855-4132-b377-6fe93a794fee,3b07c7ff-6fed-490a-a9e1-f5bafebc6f0b,78751
b54ac68a-3eca-435c-8902-200a1a1b09ff,d3f7b752-a107-4df3-9795-14db35826c73,261344
4130354e-87e6-4255-9189-522263c3027f,2daeec3a-f864-4eba-bdf5-03ccf9feb992,109915
25b1246f-0e37-44e9-a053-8fa48c7f8e1e,60daa3ab-6065-4f2b-830b-86b36bb4afe8,96293
12ff259b-fcec-4111-8a3e-92f1b34ef005,a90a0979-3d6a-4c77-b2ce-81ba1f5311a5,93631
b55783b5-489c-4878-a0aa-c81825d0ae80,8c6f7203-3c40-4766-9212-79d89260e8e9,31414
310f8c32-4e53-4985-bd1b-6da805a969db,e121b8a7-f238-42b9-8457-181650d599f1,54145
8536988f-ed41-448c-97ce-9555c75abfaa,32fffa33-1cd7-46d6-8e2e-e98450886d01,223789
98eab8e7-ae72-4457-9ea0-742b7ae8093d,51d7b18f-7c8c-4230-a198-36ad0e73f79d,80330
e7338740-b7ee-469c-9c74-bee7dd5f18d2,385ddbb9-9e74-4532-b04a-de4e304cf8a7,368221
51d7b18f-7c8c-4230-a198-36ad0e73f79d,11e6699e-09c0-4e83-aa27-821896ae0c18,217441
83ca04ab-5096-4031-b64a-163ca57dfb1b,b154fd49-3672-4066-8fe1-a9993e912518,218264
9eddc067-b8c5-418d-8707-e41b27dafb46,b54ac68a-3eca-435c-8902-200a1a1b09ff,60472
27a6c30d-3dd4-430c-9b72-6a22b6bc28be,78560cc8-0cca-433a-8291-89c80601bf63,229445
1a445f91-2ead-438a-9157-e2306187972a,27a6c30d-3dd4-430c-9b72-6a22b6bc28be,227426
1a445f91-2ead-438a-9157-e2306187972a,1277cc00-3031-42e9-bb55-37ca86bbfb7c,434696
394c6a7f-f4e5-40b8-bf5b-a953d624f184,853a8faf-f277-4783-a080-1a32165bdc6e,169061
01961663-3143-4f5c-92e7-965eec12a0f9,87d34d56-3bfc-4b8e-b3cf-5f8fc1df2732,216365
dbc42853-f1be-402c-845f-6452bea1fcf0,87d34d56-3bfc-4b8e-b3cf-5f8fc1df2732,379943
e313b334-d8e0-4f9d-a841-02495ccfd0d4,a8fe04d7-c6e9-4857-be39-37559d653f33,92741
1db7abdf-2504-4e24-99b3-3dffe16ee8eb,1cf3a191-a526-4d97-a3d3-434d14f60ce3,307608
385ddbb9-9e74-4532-b04a-de4e304cf8a7,28be9ff8-6e8b-486b-bf5d-0d5f62c0c810,75530
68dd02c1-3e68-4d4d-8773-fe9569808537,cce1aaa6-a333-477e-8c63-815bef486b25,418762
65d47575-b37f-4501-841e-142b28a09398,25cf4233-39d3-47dc-bf10-51d2687e74de,80738
f52dd1ff-6bbf-4473-8f2f-718db4a10f87,32fffa33-1cd7-46d6-8e2e-e98450886d01,353905
d7ea63f6-7280-453f-83c2-3f8ddc60ef79,78560cc8-0cca-433a-8291-89c80601bf63,239745
5d4da318-295f-43fd-b303-bbd5fc786145,47cd9c20-4d9e-4b8a-813b-7cf5ccc918cd,270012
a90a0979-3d6a-4c77-b2ce-81ba1f5311a5,8c6f7203-3c40-4766-9212-79d89260e8e9,72600
b154fd49-3672-4066-8fe1-a9993e912518,78560cc8-0cca-433a-8291-89c80601bf63,61136
4b2c12b4-cdf9-4dc2-b23a-09610cc147eb,04d0fe46-e270-4bf0-b721-ee363d6a6e2f,472629
c9fc8fa1-ca0e-4b1e-904c-80e5d80b2e39,5e62c6a4-2bb4-4e1c-8488-e10c7b1c3f63,143614
f52dd1ff-6bbf-4473-8f2f-718db4a10f87,2daeec3a-f864-4eba-bdf5-03ccf9feb992,446832
5e62c6a4-2bb4-4e1c-8488-e10c7b1c3f63,a9b5bf1c-cbe0-4d26-9be9-e219091870fb,161380
464300eb-3855-4132-b377-6fe93a794fee,25cf4233-39d3-47dc-bf10-51d2687e74de,122957
a44a2fb9-565b-468e-a23d-5956fdd2e744,11e6699e-09c0-4e83-aa27-821896ae0c18,72234
384df65c-8611-4041-99a2-9b5a19d87245,18036c84-0da6-4c1e-9b11-126a55b485c7,138576
10949264-8492-44d9-ba5c-65c4b7838df4,51d7b18f-7c8c-4230-a198-36ad0e73f79d,124904
85b8f4a0-8132-49e1-8991-32d3b09d6b71,a9b5bf1c-cbe0-4d26-9be9-e219091870fb,222200
47cd9c20-4d9e-4b8a-813b-7cf5ccc918cd,400beeb3-50ab-4b56-8775-3b2b07aedbc3,50493
759c268e-84f7-4975-a0d9-19b2cd8f0dde,fadaa8d2-d11e-48f4-b113-7ae97265e717,291905
a8a3a809-1348-41fe-b334-afa6e29e0493,4b2c12b4-cdf9-4dc2-b23a-09610cc147eb,500997
07f047c6-eec0-4f71-98d8-0b06fac54ea9,e313b334-d8e0-4f9d-a841-02495ccfd0d4,228306
58207bba-605a-4b23-98aa-9ac09a28437f,68dd02c1-3e68-4d4d-8773-fe9569808537,11619
c63bfa5b-d5bb-461c-b9eb-e8744301a90e,12ff259b-fcec-4111-8a3e-92f1b34ef005,89692
fadaa8d2-d11e-48f4-b113-7ae97265e717,7d7c80c6-da3d-482a-87d2-4323b489f08b,25009
12ff259b-fcec-4111-8a3e-92f1b34ef005,cb0c31f6-0fd6-46de-af02-5d25005aa5bb,272294
0305e738-0366-4b59-9641-5036465d07cd,f38f3d11-ca55-4e14-9b7a-3c41774011e1,119027
b54ac68a-3eca-435c-8902-200a1a1b09ff,dbc42853-f1be-402c-845f-6452bea1fcf0,172654
853a8faf-f277-4783-a080-1a32165bdc6e,b2063c94-d6ff-4b99-9b1a-191d9fc22602,318839
0a672532-6002-4b7d-bee3-274a62a9fb5a,cb0c31f6-0fd6-46de-af02-5d25005aa5bb,233743
a9b5bf1c-cbe0-4d26-9be9-e219091870fb,b55783b5-489c-4878-a0aa-c81825d0ae80,286615
47cd9c20-4d9e-4b8a-813b-7cf5ccc918cd,fadaa8d2-d11e-48f4-b113-7ae97265e717,107262
85b8f4a0-8132-49e1-8991-32d3b09d6b71,04d0fe46-e270-4bf0-b721-ee363d6a6e2f,324094
9eddc067-b8c5-418d-8707-e41b27dafb46,b154fd49-3672-4066-8fe1-a9993e912518,22449
29e9ab61-e061-4d94-8cd3-c99446d51c55,400beeb3-50ab-4b56-8775-3b2b07aedbc3,426850
87d34d56-3bfc-4b8e-b3cf-5f8fc1df2732,2993ded9-071e-45bc-9b13-accdf5d3ebec,202750
0e73205f-4f6a-4208-ad93-9e5206df13c7,d7ea63f6-7280-453f-83c2-3f8ddc60ef79,459091
e413f084-e90e-424a-b205-f3dd75142edc,98eab8e7-ae72-4457-9ea0-742b7ae8093d,24072
245f557e-4c75-4015-b6b5-3a52111e716f,cd4373fe-0091-4421-898d-1322bb7921e8,131724
d59927c9-8f84-405f-b928-2ec21f8c6eb1,7cc6cfa4-c1e9-494a-986b-bbf607bc5550,40009
b35a5f3e-d9e7-47bf-a5f8-e8abdc9166c0,b391f9a6-4399-4069-9150-100fa9423b03,68150
a9b5bf1c-cbe0-4d26-9be9-e219091870fb,d7ea63f6-7280-453f-83c2-3f8ddc60ef79,226921
54835b8a-a27f-4145-a0f6-df40badc1d0e,b54ac68a-3eca-435c-8902-200a1a1b09ff,111508
7d7c80c6-da3d-482a-87d2-4323b489f08b,14d26f53-dd5e-4cfa-aada-67c21bb5d939,24306
0a48b595-c065-4fc3-81fc-25305be2e919,a730d385-0f71-42a3-8b8c-b4195bfa8f1f,308977
a9b5bf1c-cbe0-4d26-9be9-e219091870fb,48ad0f18-b76e-4483-9afc-cd7e59be5f3a,325340
2daeec3a-f864-4eba-bdf5-03ccf9feb992,2993ded9-071e-45bc-9b13-accdf5d3ebec,152097
1277cc00-3031-42e9-bb55-37ca86bbfb7c,3628d3b6-b07f-41cd-8c09-8c99afa414ba,81598
12ff259b-fcec-4111-8a3e-92f1b34ef005,9bb7ec36-dda1-4ff9-a738-6f7f2e9f7630,324605
9eddc067-b8c5-418d-8707-e41b27dafb46,a8a3a809-1348-41fe-b334-afa6e29e0493,46641
65d47575-b37f-4501-841e-142b28a09398,e413f084-e90e-424a-b205-f3dd75142edc,138452
ea73977d-dcbd-4fd4-81c2-5ac84fa64cac,1ab2769c-a290-4b2f-9e27-da26985f69d8,102969
b154fd49-3672-4066-8fe1-a9993e912518,e313b334-d8e0-4f9d-a841-02495ccfd0d4,41885
a90a0979-3d6a-4c77-b2ce-81ba1f5311a5,558c8707-3d8a-4375-8e7e-998395fb46e5,103815
f38f3d11-ca55-4e14-9b7a-3c41774011e1,6603d019-cf11-4464-af83-d73a6114d7d9,273477
8a1eb4a2-9b78-44bf-bb1e-2556e0dab34c,6603d019-cf11-4464-af83-d73a6114d7d9,306031
d7ea63f6-7280-453f-83c2-3f8ddc60ef79,21140c1d-976c-4879-8bdc-a2a06014a372,130799
11e6699e-09c0-4e83-aa27-821896ae0c18,0532f619-2dfb-4ed2-8656-ce67a56128aa,33435
e313b334-d8e0-4f9d-a841-02495ccfd0d4,e413f084-e90e-424a-b205-f3dd75142edc,101400
a9b5bf1c-cbe0-4d26-9be9-e219091870fb,b5c5b6ab-0337-4187-afc3-a1ec6230064f,246056
9bb7ec36-dda1-4ff9-a738-6f7f2e9f7630,e313b334-d8e0-4f9d-a841-02495ccfd0d4,252884
22a5a25e-618e-456a-b80a-9cbef2c43460,e121b8a7-f238-42b9-8457-181650d599f1,9963
2daeec3a-f864-4eba-bdf5-03ccf9feb992,1ab2769c-a290-4b2f-9e27-da26985f69d8,146452
a44a2fb9-565b-468e-a23d-5956fdd2e744,9eddc067-b8c5-418d-8707-e41b27dafb46,87538
b391f9a6-4399-4069-9150-100fa9423b03,96e28973-b877-402f-b3ae-36ec55c8844e,370904
e121b8a7-f238-42b9-8457-181650d599f1,51d7b18f-7c8c-4230-a198-36ad0e73f79d,11520
8c6f7203-3c40-4766-9212-79d89260e8e9,db21b201-6b2e-4e52-ad8d-d44123fc5c63,392106
2993ded9-071e-45bc-9b13-accdf5d3ebec,0532f619-2dfb-4ed2-8656-ce67a56128aa,8400
21140c1d-976c-4879-8bdc-a2a06014a372,a43c454e-eaae-4ccf-ba48-24cf178c0031,40707
45e57df9-772b-40ca-aafc-898162c69844,28be9ff8-6e8b-486b-bf5d-0d5f62c0c810,280012
8c6f7203-3c40-4766-9212-79d89260e8e9,0305e738-0366-4b59-9641-5036465d07cd,88866
22a5a25e-618e-456a-b80a-9cbef2c43460,78699c1e-3234-4c39-a2d4-5e6e545dc68e,25338
a8fe04d7-c6e9-4857-be39-37559d653f33,25b1246f-0e37-44e9-a053-8fa48c7f8e1e,87038
83ca04ab-5096-4031-b64a-163ca57dfb1b,a8fe04d7-c6e9-4857-be39-37559d653f33,269100
cd0aac86-7ac4-4828-8feb-b4a36d4f517c,78560cc8-0cca-433a-8291-89c80601bf63,72617
08610465-eb20-4cef-a770-ee3cd8e75508,b55783b5-489c-4878-a0aa-c81825d0ae80,173185
464300eb-3855-4132-b377-6fe93a794fee,d9dbc87f-1fec-4d78-bf2b-ec41887dfd44,148480
558c8707-3d8a-4375-8e7e-998395fb46e5,54835b8a-a27f-4145-a0f6-df40badc1d0e,95196
54d734a2-73fa-4c9d-8cf3-7a39eaef3b2d,310f8c32-4e53-4985-bd1b-6da805a969db,27207
85b8f4a0-8132-49e1-8991-32d3b09d6b71,47cd9c20-4d9e-4b8a-813b-7cf5ccc918cd,146684
01961663-3143-4f5c-92e7-965eec12a0f9,8c6f7203-3c40-4766-9212-79d89260e8e9,113283
f52dd1ff-6bbf-4473-8f2f-718db4a10f87,119ea857-b60b-491c-8e01-ab437e50f26e,141105
1a445f91-2ead-438a-9157-e2306187972a,119ea857-b60b-491c-8e01-ab437e50f26e,503553
47cd9c20-4d9e-4b8a-813b-7cf5ccc918cd,d59927c9-8f84-405f-b928-2ec21f8c6eb1,45226
2daeec3a-f864-4eba-bdf5-03ccf9feb992,3535f85d-9583-4470-ac4c-9afdc1038270,245042
e313b334-d8e0-4f9d-a841-02495ccfd0d4,04d0fe46-e270-4bf0-b721-ee363d6a6e2f,314170
245f557e-4c75-4015-b6b5-3a52111e716f,cb0c31f6-0fd6-46de-af02-5d25005aa5bb,96208
6e279e72-004f-470e-8bb4-0999c3fc6164,3b07c7ff-6fed-490a-a9e1-f5bafebc6f0b,403851
1277cc00-3031-42e9-bb55-37ca86bbfb7c,3628d3b6-b07f-41cd-8c09-8c99afa414ba,241870
b31626b2-19f3-473f-8056-240a12f26768,a90a0979-3d6a-4c77-b2ce-81ba1f5311a5,226821
1dc801b8-53d9-46a5-85fd-164140883dd0,5065fc4a-0d76-4ae7-84f0-b17d57bc7ce8,174813
cd4373fe-0091-4421-898d-1322bb7921e8,b5dc2142-0bad-4987-be8e-d11f22d9ea51,266760
6e279e72-004f-470e-8bb4-0999c3fc6164,b154fd49-3672-4066-8fe1-a9993e912518,87348
a43c454e-eaae-4ccf-ba48-24cf178c0031,2daeec3a-f864-4eba-bdf5-03ccf9feb992,3987
7cc6cfa4-c1e9-494a-986b-bbf607bc5550,27a6c30d-3dd4-430c-9b72-6a22b6bc28be,458072
fadaa8d2-d11e-48f4-b113-7ae97265e717,4b3124e8-5fe8-4c26-8e72-8f6ba2766978,56610
65d47575-b37f-4501-841e-142b28a09398,51d7b18f-7c8c-4230-a198-36ad0e73f79d,59951
a8a3a809-1348-41fe-b334-afa6e29e0493,25b1246f-0e37-44e9-a053-8fa48c7f8e1e,107610
22a5a25e-618e-456a-b80a-9cbef2c43460,78699c1e-3234-4c39-a2d4-5e6e545dc68e,24519
310f8c32-4e53-4985-bd1b-6da805a969db,4b3124e8-5fe8-4c26-8e72-8f6ba2766978,120244
2daeec3a-f864-4eba-bdf5-03ccf9feb992,759c268e-84f7-4975-a0d9-19b2cd8f0dde,185050
c855958a-64c0-4592-b32a-d7a4c8b2b733,db21b201-6b2e-4e52-ad8d-d44123fc5c63,99529
22a5a25e-618e-456a-b80a-9cbef2c43460,558c8707-3d8a-4375-8e7e-998395fb46e5,31856
a9b5bf1c-cbe0-4d26-9be9-e219091870fb,f38f3d11-ca55-4e14-9b7a-3c41774011e1,241320
14d26f53-dd5e-4cfa-aada-67c21bb5d939,ea73977d-dcbd-4fd4-81c2-5ac84fa64cac,62280
b35a5f3e-d9e7-47bf-a5f8-e8abdc9166c0,06e59082-1be0-4c86-87a5-ccf1f9fea164,77483
3b07c7ff-6fed-490a-a9e1-f5bafebc6f0b,2993ded9-071e-45bc-9b13-accdf5d3ebec,218635
d7ea63f6-7280-453f-83c2-3f8ddc60ef79,12ff259b-fcec-4111-8a3e-92f1b34ef005,323156
c855958a-64c0-4592-b32a-d7a4c8b2b733,cd0aac86-7ac4-4828-8feb-b4a36d4f517c,276103
b5dc2142-0bad-4987-be8e-d11f22d9ea51,29e9ab61-e061-4d94-8cd3-c99446d51c55,270305
64afb508-3fdb-4f14-a721-040f46ad6d54,b5dc2142-0bad-4987-be8e-d11f22d9ea51,342512
11e6699e-09c0-4e83-aa27-821896ae0c18,558c8707-3d8a-4375-8e7e-998395fb46e5,85458
10949264-8492-44d9-ba5c-65c4b7838df4,b2063c94-d6ff-4b99-9b1a-191d9fc22602,164461
d1f46208-0958-4793-bf89-39afc8da5c85,3fe4fa6b-719c-428e-ab19-ac1e5a83f0f1,130937
e313b334-d8e0-4f9d-a841-02495ccfd0d4,5065fc4a-0d76-4ae7-84f0-b17d57bc7ce8,108698
2130aa47-2aba-4a23-b3ca-a4360325ae32,9303996d-4078-4c79-80db-6a3eaa36104a,333147
12ff259b-fcec-4111-8a3e-92f1b34ef005,32fffa33-1cd7-46d6-8e2e-e98450886d01,254970
b391f9a6-4399-4069-9150-100fa9423b03,06e59082-1be0-4c86-87a5-ccf1f9fea164,233496
5d4da318-295f-43fd-b303-bbd5fc786145,e7338740-b7ee-469c-9c74-bee7dd5f18d2,63752
5f9a0ffa-c748-4fbb-95a5-8eab94c05210,2c9eb637-701c-47c0-86f9-52df6517d923,64686
1277cc00-3031-42e9-bb55-37ca86bbfb7c,2daeec3a-f864-4eba-bdf5-03ccf9feb992,260857
18036c84-0da6-4c1e-9b11-126a55b485c7,310f8c32-4e53-4985-bd1b-6da805a969db,147556
51d7b18f-7c8c-4230-a198-36ad0e73f79d,fadaa8d2-d11e-48f4-b113-7ae97265e717,225360
f52dd1ff-6bbf-4473-8f2f-718db4a10f87,1ab2769c-a290-4b2f-9e27-da26985f69d8,417210
1cf3a191-a526-4d97-a3d3-434d14f60ce3,558c8707-3d8a-4375-8e7e-998395fb46e5,173807
87d34d56-3bfc-4b8e-b3cf-5f8fc1df2732,a43c454e-eaae-4ccf-ba48-24cf178c0031,149067
7d7d78f3-acce-4f6a-9cea-2a3afcde3e8f,f52dd1ff-6bbf-4473-8f2f-718db4a10f87,2958
2993ded9-071e-45bc-9b13-accdf5d3ebec,4b3124e8-5fe8-4c26-8e72-8f6ba2766978,5412
d59927c9-8f84-405f-b928-2ec21f8c6eb1,87d34d56-3bfc-4b8e-b3cf-5f8fc1df2732,23907
cce1aaa6-a333-477e-8c63-815bef486b25,2993ded9-071e-45bc-9b13-accdf5d3ebec,141753
87d34d56-3bfc-4b8e-b3cf-5f8fc1df2732,b2063c94-d6ff-4b99-9b1a-191d9fc22602,225558
28be9ff8-6e8b-486b-bf5d-0d5f62c0c810,22a5a25e-618e-456a-b80a-9cbef2c43460,268891
e313b334-d8e0-4f9d-a841-02495ccfd0d4,1cf3a191-a526-4d97-a3d3-434d14f60ce3,407315
5f9a0ffa-c748-4fbb-95a5-8eab94c05210,fadaa8d2-d11e-48f4-b113-7ae97265e717,139246
60daa3ab-6065-4f2b-830b-86b36bb4afe8,b55783b5-489c-4878-a0aa-c81825d0ae80,316982
6c6bed17-97db-4220-bcd7-9c74bb5c30a0,464300eb-3855-4132-b377-6fe93a794fee,160389
01961663-3143-4f5c-92e7-965eec12a0f9,394c6a7f-f4e5-40b8-bf5b-a953d624f184,110724
a730d385-0f71-42a3-8b8c-b4195bfa8f1f,04d0fe46-e270-4bf0-b721-ee363d6a6e2f,185541
464300eb-3855-4132-b377-6fe93a794fee,3535f85d-9583-4470-ac4c-9afdc1038270,61142
51d7b18f-7c8c-4230-a198-36ad0e73f79d,4b3124e8-5fe8-4c26-8e72-8f6ba2766978,389512
87d34d56-3bfc-4b8e-b3cf-5f8fc1df2732,8a1eb4a2-9b78-44bf-bb1e-2556e0dab34c,108733
0532f619-2dfb-4ed2-8656-ce67a56128aa,14d26f53-dd5e-4cfa-aada-67c21bb5d939,139418
d1f46208-0958-4793-bf89-39afc8da5c85,4b2c12b4-cdf9-4dc2-b23a-09610cc147eb,71733
1cf3a191-a526-4d97-a3d3-434d14f60ce3,87fcf9bd-c496-499a-8ddd-b5f35af99931,111544
b5dc2142-0bad-4987-be8e-d11f22d9ea51,cd4373fe-0091-4421-898d-1322bb7921e8,543733
e121b8a7-f238-42b9-8457-181650d599f1,83ca04ab-5096-4031-b64a-163ca57dfb1b,15251
54d734a2-73fa-4c9d-8cf3-7a39eaef3b2d,558c8707-3d8a-4375-8e7e-998395fb46e5,13388
6e279e72-004f-470e-8bb4-0999c3fc6164,f52dd1ff-6bbf-4473-8f2f-718db4a10f87,362607
839cc007-0190-43a3-a229-b97fe0fdddd1,10949264-8492-44d9-ba5c-65c4b7838df4,13609
29e9ab61-e061-4d94-8cd3-c99446d51c55,87d34d56-3bfc-4b8e-b3cf-5f8fc1df2732,226976
095d08c2-5199-4d31-a548-12b5955c61a1,d59927c9-8f84-405f-b928-2ec21f8c6eb1,215592
5d4da318-295f-43fd-b303-bbd5fc786145,7cc6cfa4-c1e9-494a-986b-bbf607bc5550,124695
51d7b18f-7c8c-4230-a198-36ad0e73f79d,d9dbc87f-1fec-4d78-bf2b-ec41887dfd44,140880
a44a2fb9-565b-468e-a23d-5956fdd2e744,f52dd1ff-6bbf-4473-8f2f-718db4a10f87,43061
12ff259b-fcec-4111-8a3e-92f1b34ef005,464300eb-3855-4132-b377-6fe93a794fee,128846
85b8f4a0-8132-49e1-8991-32d3b09d6b71,a9b5bf1c-cbe0-4d26-9be9-e219091870fb,170759
3fe4fa6b-719c-428e-ab19-ac1e5a83f0f1,78699c1e-3234-4c39-a2d4-5e6e545dc68e,128699
e313b334-d8e0-4f9d-a841-02495ccfd0d4,45e57df9-772b-40ca-aafc-898162c69844,108547
310f8c32-4e53-4985-bd1b-6da805a969db,1dc801b8-53d9-46a5-85fd-164140883dd0,146834
68dd02c1-3e68-4d4d-8773-fe9569808537,32fffa33-1cd7-46d6-8e2e-e98450886d01,158849
7d7d78f3-acce-4f6a-9cea-2a3afcde3e8f,759c268e-84f7-4975-a0d9-19b2cd8f0dde,3726
14d26f53-dd5e-4cfa-aada-67c21bb5d939,384df65c-8611-4041-99a2-9b5a19d87245,32268
0532f619-2dfb-4ed2-8656-ce67a56128aa,a43c454e-eaae-4ccf-ba48-24cf178c0031,62945
394c6a7f-f4e5-40b8-bf5b-a953d624f184,b31626b2-19f3-473f-8056-240a12f26768,58121
1a445f91-2ead-438a-9157-e2306187972a,1277cc00-3031-42e9-bb55-37ca86bbfb7c,296101
5d4da318-295f-43fd-b303-bbd5fc786145,18036c84-0da6-4c1e-9b11-126a55b485c7,95574
3628d3b6-b07f-41cd-8c09-8c99afa414ba,83ca04ab-5096-4031-b64a-163ca57dfb1b,108150
83ca04ab-5096-4031-b64a-163ca57dfb1b,5e62c6a4-2bb4-4e1c-8488-e10c7b1c3f63,257481
5e62c6a4-2bb4-4e1c-8488-e10c7b1c3f63,fadaa8d2-d11e-48f4-b113-7ae97265e717,180987
78fd87d1-526d-4b18-8de8-c4c281977037,1277cc00-3031-42e9-bb55-37ca86bbfb7c,42608
5e62c6a4-2bb4-4e1c-8488-e10c7b1c3f63,2daeec3a-f864-4eba-bdf5-03ccf9feb992,98567
a730d385-0f71-42a3-8b8c-b4195bfa8f1f,83ca04ab-5096-4031-b64a-163ca57dfb1b,486638
180627e6-0c19-44ba-82b6-4ec97d3ad85d,a43c454e-eaae-4ccf-ba48-24cf178c0031,67406
1db7abdf-2504-4e24-99b3-3dffe16ee8eb,0a48b595-c065-4fc3-81fc-25305be2e919,434547
cb0c31f6-0fd6-46de-af02-5d25005aa5bb,b5c5b6ab-0337-4187-afc3-a1ec6230064f,154737
400beeb3-50ab-4b56-8775-3b2b07aedbc3,d3f7b752-a107-4df3-9795-14db35826c73,66667
67a1a352-63c6-43f9-9d71-ce28a20ae21c,dbc42853-f1be-402c-845f-6452bea1fcf0,28825
18036c84-0da6-4c1e-9b11-126a55b485c7,9303996d-4078-4c79-80db-6a3eaa36104a,368378
245f557e-4c75-4015-b6b5-3a52111e716f,67a1a352-63c6-43f9-9d71-ce28a20ae21c,138798
b54ac68a-3eca-435c-8902-200a1a1b09ff,04d0fe46-e270-4bf0-b721-ee363d6a6e2f,99050
cce1aaa6-a333-477e-8c63-815bef486b25,2daeec3a-f864-4eba-bdf5-03ccf9feb992,264430
6e279e72-004f-470e-8bb4-0999c3fc6164,22a5a25e-618e-456a-b80a-9cbef2c43460,120758
384df65c-8611-4041-99a2-9b5a19d87245,7e557ea8-c91d-46eb-8ca1-0358f43dcabe,94284
60daa3ab-6065-4f2b-830b-86b36bb4afe8,cb0c31f6-0fd6-46de-af02-5d25005aa5bb,368770
14d26f53-dd5e-4cfa-aada-67c21bb5d939,87fcf9bd-c496-499a-8ddd-b5f35af99931,105599
558c8707-3d8a-4375-8e7e-998395fb46e5,4e6f9bb8-78a5-4e09-9673-cce1f5489a5b,41261
a730d385-0f71-42a3-8b8c-b4195bfa8f1f,385ddbb9-9e74-4532-b04a-de4e304cf8a7,352183
853a8faf-f277-4783-a080-1a32165bdc6e,83ca04ab-5096-4031-b64a-163ca57dfb1b,496745
7d7c80c6-da3d-482a-87d2-4323b489f08b,d59927c9-8f84-405f-b928-2ec21f8c6eb1,28533
25cf4233-39d3-47dc-bf10-51d2687e74de,7fba12e8-f336-4a99-a479-dbcb1fc058b8,17786
7cc6cfa4-c1e9-494a-986b-bbf607bc5550,65d47575-b37f-4501-841e-142b28a09398,339053
853a8faf-f277-4783-a080-1a32165bdc6e,d7ea63f6-7280-453f-83c2-3f8ddc60ef79,178490
6603d019-cf11-4464-af83-d73a6114d7d9,a43c454e-eaae-4ccf-ba48-24cf178c0031,24252
a730d385-0f71-42a3-8b8c-b4195bfa8f1f,7d7c80c6-da3d-482a-87d2-4323b489f08b,306736
f38f3d11-ca55-4e14-9b7a-3c41774011e1,10949264-8492-44d9-ba5c-65c4b7838df4,326441
15ba1443-4cf1-4367-93b6-60fbb95a5b5e,119ea857-b60b-491c-8e01-ab437e50f26e,446236
e313b334-d8e0-4f9d-a841-02495ccfd0d4,a90a0979-3d6a-4c77-b2ce-81ba1f5311a5,207577
4130354e-87e6-4255-9189-522263c3027f,3b07c7ff-6fed-490a-a9e1-f5bafebc6f0b,264964
4130354e-87e6-4255-9189-522263c3027f,e731b69c-eeaf-4cae-8db6-e0cb7a703579,351118
0a672532-6002-4b7d-bee3-274a62a9fb5a,2c9eb637-701c-47c0-86f9-52df6517d923,134175
25cf4233-39d3-47dc-bf10-51d2687e74de,1ab2769c-a290-4b2f-9e27-da26985f69d8,26704
1db7abdf-2504-4e24-99b3-3dffe16ee8eb,0a48b595-c065-4fc3-81fc-25305be2e919,131509
310f8c32-4e53-4985-bd1b-6da805a969db,4d871fb3-f0e1-4dc9-8415-2546e8723250,60357
22a5a25e-618e-456a-b80a-9cbef2c43460,25cf4233-39d3-47dc-bf10-51d2687e74de,28099
d7ea63f6-7280-453f-83c2-3f8ddc60ef79,51d7b18f-7c8c-4230-a198-36ad0e73f79d,251656
83ca04ab-5096-4031-b64a-163ca57dfb1b,e731b69c-eeaf-4cae-8db6-e0cb7a703579,435584
d3f7b752-a107-4df3-9795-14db35826c73,9bb7ec36-dda1-4ff9-a738-6f7f2e9f7630,422053
1ab2769c-a290-4b2f-9e27-da26985f69d8,310f8c32-4e53-4985-bd1b-6da805a969db,160751
0305e738-0366-4b59-9641-5036465d07cd,9eddc067-b8c5-418d-8707-e41b27dafb46,259895
a8a3a809-1348-41fe-b334-afa6e29e0493,dbc42853-f1be-402c-845f-6452bea1fcf0,489557
21140c1d-976c-4879-8bdc-a2a06014a372,87fcf9bd-c496-499a-8ddd-b5f35af99931,223105
d1f46208-0958-4793-bf89-39afc8da5c85,4d871fb3-f0e1-4dc9-8415-2546e8723250,120331
b5dc2142-0bad-4987-be8e-d11f22d9ea51,1cf3a191-a526-4d97-a3d3-434d14f60ce3,115831
119ea857-b60b-491c-8e01-ab437e50f26e,3628d3b6-b07f-41cd-8c09-8c99afa414ba,329125
d3f7b752-a107-4df3-9795-14db35826c73,7fba12e8-f336-4a99-a479-dbcb1fc058b8,327009
87d34d56-3bfc-4b8e-b3cf-5f8fc1df2732,a8fe04d7-c6e9-4857-be39-37559d653f33,117552
07f047c6-eec0-4f71-98d8-0b06fac54ea9,400beeb3-50ab-4b56-8775-3b2b07aedbc3,252382
e731b69c-eeaf-4cae-8db6-e0cb7a703579,0a672532-6002-4b7d-bee3-274a62a9fb5a,30463
25cf4233-39d3-47dc-bf10-51d2687e74de,08610465-eb20-4cef-a770-ee3cd8e75508,64563
2130aa47-2aba-4a23-b3ca-a4360325ae32,32fffa33-1cd7-46d6-8e2e-e98450886d01,211838
04d0fe46-e270-4bf0-b721-ee363d6a6e2f,3535f85d-9583-4470-ac4c-9afdc1038270,70040
b5dc2142-0bad-4987-be8e-d11f22d9ea51,68dd02c1-3e68-4d4d-8773-fe9569808537,584795
4b3124e8-5fe8-4c26-8e72-8f6ba2766978,2c754a65-ff58-47e6-85c1-78eb1aca2225,407313
3fe4fa6b-719c-428e-ab19-ac1e5a83f0f1,4b3124e8-5fe8-4c26-8e72-8f6ba2766978,98149
cd4373fe-0091-4421-898d-1322bb7921e8,e3dc7114-400f-4423-b05f-d6c737c28279,543819
3b07c7ff-6fed-490a-a9e1-f5bafebc6f0b,a9b5bf1c-cbe0-4d26-9be9-e219091870fb,125318
14d26f53-dd5e-4cfa-aada-67c21bb5d939,b5dc2142-0bad-4987-be8e-d11f22d9ea51,120679
c855958a-64c0-4592-b32a-d7a4c8b2b733,cb0c31f6-0fd6-46de-af02-5d25005aa5bb,161243
48ad0f18-b76e-4483-9afc-cd7e59be5f3a,ea73977d-dcbd-4fd4-81c2-5ac84fa64cac,326065
4e6f9bb8-78a5-4e09-9673-cce1f5489a5b,4b2c12b4-cdf9-4dc2-b23a-09610cc147eb,103792
1a445f91-2ead-438a-9157-e2306187972a,85b8f4a0-8132-49e1-8991-32d3b09d6b71,224547
d1f46208-0958-4793-bf89-39afc8da5c85,c63bfa5b-d5bb-461c-b9eb-e8744301a90e,167742
b2063c94-d6ff-4b99-9b1a-191d9fc22602,b31626b2-19f3-473f-8056-240a12f26768,171839
e731b69c-eeaf-4cae-8db6-e0cb7a703579,83ca04ab-5096-4031-b64a-163ca57dfb1b,51586
87fcf9bd-c496-499a-8ddd-b5f35af99931,5f9a0ffa-c748-4fbb-95a5-8eab94c05210,68643
a43c454e-eaae-4ccf-ba48-24cf178c0031,d9dbc87f-1fec-4d78-bf2b-ec41887dfd44,3255
d7ea63f6-7280-453f-83c2-3f8ddc60ef79,fadaa8d2-d11e-48f4-b113-7ae97265e717,326698
4d871fb3-f0e1-4dc9-8415-2546e8723250,b5c5b6ab-0337-4187-afc3-a1ec6230064f,109619
759c268e-84f7-4975-a0d9-19b2cd8f0dde,2130aa47-2aba-4a23-b3ca-a4360325ae32,310758
180627e6-0c19-44ba-82b6-4ec97d3ad85d,853a8faf-f277-4783-a080-1a32165bdc6e,114103
0e73205f-4f6a-4208-ad93-9e5206df13c7,08610465-eb20-4cef-a770-ee3cd8e75508,169692
0e73205f-4f6a-4208-ad93-9e5206df13c7,c855958a-64c0-4592-b32a-d7a4c8b2b733,421860
f38f3d11-ca55-4e14-9b7a-3c41774011e1,385ddbb9-9e74-4532-b04a-de4e304cf8a7,365776
2c754a65-ff58-47e6-85c1-78eb1aca2225,3628d3b6-b07f-41cd-8c09-8c99afa414ba,190053
9303996d-4078-4c79-80db-6a3eaa36104a,c63bfa5b-d5bb-461c-b9eb-e8744301a90e,553144
5065fc4a-0d76-4ae7-84f0-b17d57bc7ce8,22a5a25e-618e-456a-b80a-9cbef2c43460,168833
99d5f7aa-2bc3-4aab-be55-528b049579c6,384df65c-8611-4041-99a2-9b5a19d87245,476762
db21b201-6b2e-4e52-ad8d-d44123fc5c63,2130aa47-2aba-4a23-b3ca-a4360325ae32,64018
e413f084-e90e-424a-b205-f3dd75142edc,47cd9c20-4d9e-4b8a-813b-7cf5ccc918cd,15157
b31626b2-19f3-473f-8056-240a12f26768,310f8c32-4e53-4985-bd1b-6da805a969db,370515
385ddbb9-9e74-4532-b04a-de4e304cf8a7,60daa3ab-6065-4f2b-830b-86b36bb4afe8,62088
b154fd49-3672-4066-8fe1-a9993e912518,2daeec3a-f864-4eba-bdf5-03ccf9feb992,32412
b55783b5-489c-4878-a0aa-c81825d0ae80,a730d385-0f71-42a3-8b8c-b4195bfa8f1f,84443
12ff259b-fcec-4111-8a3e-92f1b34ef005,4b2c12b4-cdf9-4dc2-b23a-09610cc147eb,161614
558c8707-3d8a-4375-8e7e-998395fb46e5,60daa3ab-6065-4f2b-830b-86b36bb4afe8,42872
3535f85d-9583-4470-ac4c-9afdc1038270,01961663-3143-4f5c-92e7-965eec12a0f9,94895
2130aa47-2aba-4a23-b3ca-a4360325ae32,99d5f7aa-2bc3-4aab-be55-528b049579c6,267267
a9b5bf1c-cbe0-4d26-9be9-e219091870fb,2130aa47-2aba-4a23-b3ca-a4360325ae32,123628
d1f46208-0958-4793-bf89-39afc8da5c85,1dc801b8-53d9-46a5-85fd-164140883dd0,248356
6603d019-cf11-4464-af83-d73a6114d7d9,01961663-3143-4f5c-92e7-965eec12a0f9,18577
0e73205f-4f6a-4208-ad93-9e5206df13c7,1dc801b8-53d9-46a5-85fd-164140883dd0,532705
cb0c31f6-0fd6-46de-af02-5d25005aa5bb,78699c1e-3234-4c39-a2d4-5e6e545dc68e,301188
3b07c7ff-6fed-490a-a9e1-f5bafebc6f0b,558c8707-3d8a-4375-8e7e-998395fb46e5,439341
f38f3d11-ca55-4e14-9b7a-3c41774011e1,e7338740-b7ee-469c-9c74-bee7dd5f18d2,254512
b391f9a6-4399-4069-9150-100fa9423b03,394c6a7f-f4e5-40b8-bf5b-a953d624f184,448726
51d7b18f-7c8c-4230-a198-36ad0e73f79d,47cd9c20-4d9e-4b8a-813b-7cf5ccc918cd,225057
85b8f4a0-8132-49e1-8991-32d3b09d6b71,25cf4233-39d3-47dc-bf10-51d2687e74de,214205
08610465-eb20-4cef-a770-ee3cd8e75508,78fd87d1-526d-4b18-8de8-c4c281977037,103985
cd0aac86-7ac4-4828-8feb-b4a36d4f517c,54d734a2-73fa-4c9d-8cf3-7a39eaef3b2d,315401
2c9eb637-701c-47c0-86f9-52df6517d923,e3dc7114-400f-4423-b05f-d6c737c28279,204929
d1f46208-0958-4793-bf89-39afc8da5c85,01961663-3143-4f5c-92e7-965eec12a0f9,150928
1db7abdf-2504-4e24-99b3-3dffe16ee8eb,6e279e72-004f-470e-8bb4-0999c3fc6164,431587
e7338740-b7ee-469c-9c74-bee7dd5f18d2,64afb508-3fdb-4f14-a721-040f46ad6d54,291817
cce1aaa6-a333-477e-8c63-815bef486b25,3b07c7ff-6fed-490a-a9e1-f5bafebc6f0b,263960
67a1a352-63c6-43f9-9d71-ce28a20ae21c,4130354e-87e6-4255-9189-522263c3027f,36940
7cc6cfa4-c1e9-494a-986b-bbf607bc5550,a730d385-0f71-42a3-8b8c-b4195bfa8f1f,212069
51d7b18f-7c8c-4230-a198-36ad0e73f79d,06e59082-1be0-4c86-87a5-ccf1f9fea164,316900
180627e6-0c19-44ba-82b6-4ec97d3ad85d,7cc6cfa4-c1e9-494a-986b-bbf607bc5550,97765
cd0aac86-7ac4-4828-8feb-b4a36d4f517c,2c9eb637-701c-47c0-86f9-52df6517d923,249923
7fba12e8-f336-4a99-a479-dbcb1fc058b8,0a672532-6002-4b7d-bee3-274a62a9fb5a,249488
f52dd1ff-6bbf-4473-8f2f-718db4a10f87,45e57df9-772b-40ca-aafc-898162c69844,493316
a44a2fb9-565b-468e-a23d-5956fdd2e744,47cd9c20-4d9e-4b8a-813b-7cf5ccc918cd,33188
c9fc8fa1-ca0e-4b1e-904c-80e5d80b2e39,e7338740-b7ee-469c-9c74-bee7dd5f18d2,76897
08610465-eb20-4cef-a770-ee3cd8e75508,45e57df9-772b-40ca-aafc-898162c69844,152009
f5a4a30f-bf41-44c8-b3b3-283ffe260a60,558c8707-3d8a-4375-8e7e-998395fb46e5,372414
4e6f9bb8-78a5-4e09-9673-cce1f5489a5b,cd0aac86-7ac4-4828-8feb-b4a36d4f517c,64047
1db7abdf-2504-4e24-99b3-3dffe16ee8eb,45e57df9-772b-40ca-aafc-898162c69844,424454
d7ea63f6-7280-453f-83c2-3f8ddc60ef79,3fe4fa6b-719c-428e-ab19-ac1e5a83f0f1,259768
1a445f91-2ead-438a-9157-e2306187972a,d1f46208-0958-4793-bf89-39afc8da5c85,193317
9303996d-4078-4c79-80db-6a3eaa36104a,5065fc4a-0d76-4ae7-84f0-b17d57bc7ce8,308956
04d0fe46-e270-4bf0-b721-ee363d6a6e2f,c855958a-64c0-4592-b32a-d7a4c8b2b733,247359
87d34d56-3bfc-4b8e-b3cf-5f8fc1df2732,558c8707-3d8a-4375-8e7e-998395fb46e5,120601
558c8707-3d8a-4375-8e7e-998395fb46e5,8a1eb4a2-9b78-44bf-bb1e-2556e0dab34c,57896
a90a0979-3d6a-4c77-b2ce-81ba1f5311a5,0a672532-6002-4b7d-bee3-274a62a9fb5a,120167
0a672532-6002-4b7d-bee3-274a62a9fb5a,5065fc4a-0d76-4ae7-84f0-b17d57bc7ce8,224754
4b3124e8-5fe8-4c26-8e72-8f6ba2766978,01961663-3143-4f5c-92e7-965eec12a0f9,113389
ea73977d-dcbd-4fd4-81c2-5ac84fa64cac,b35a5f3e-d9e7-47bf-a5f8-e8abdc9166c0,63694
87fcf9bd-c496-499a-8ddd-b5f35af99931,c63bfa5b-d5bb-461c-b9eb-e8744301a90e,125856
06e59082-1be0-4c86-87a5-ccf1f9fea164,29e9ab61-e061-4d94-8cd3-c99446d51c55,182440
47cd9c20-4d9e-4b8a-813b-7cf5ccc918cd,ea73977d-dcbd-4fd4-81c2-5ac84fa64cac,70150
54835b8a-a27f-4145-a0f6-df40badc1d0e,fadaa8d2-d11e-48f4-b113-7ae97265e717,97106
c63bfa5b-d5bb-461c-b9eb-e8744301a90e,0a672532-6002-4b7d-bee3-274a62a9fb5a,83370
6c6bed17-97db-4220-bcd7-9c74bb5c30a0,b5c5b6ab-0337-4187-afc3-a1ec6230064f,95578
45e57df9-772b-40ca-aafc-898162c69844,a44a2fb9-565b-468e-a23d-5956fdd2e744,302779
d7ea63f6-7280-453f-83c2-3f8ddc60ef79,f52dd1ff-6bbf-4473-8f2f-718db4a10f87,294797
d1f46208-0958-4793-bf89-39afc8da5c85,c855958a-64c0-4592-b32a-d7a4c8b2b733,241912
0a672532-6002-4b7d-bee3-274a62a9fb5a,839cc007-0190-43a3-a229-b97fe0fdddd1,207776
245f557e-4c75-4015-b6b5-3a52111e716f,58207bba-605a-4b23-98aa-9ac09a28437f,89557
d3f7b752-a107-4df3-9795-14db35826c73,4d871fb3-f0e1-4dc9-8415-2546e8723250,470913
180627e6-0c19-44ba-82b6-4ec97d3ad85d,095d08c2-5199-4d31-a548-12b5955c61a1,143587
e7338740-b7ee-469c-9c74-bee7dd5f18d2,78fd87d1-526d-4b18-8de8-c4c281977037,246750
5f9a0ffa-c748-4fbb-95a5-8eab94c05210,d9dbc87f-1fec-4d78-bf2b-ec41887dfd44,142341
464300eb-3855-4132-b377-6fe93a794fee,21140c1d-976c-4879-8bdc-a2a06014a372,121306
f5a4a30f-bf41-44c8-b3b3-283ffe260a60,394c6a7f-f4e5-40b8-bf5b-a953d624f184,355267
51d7b18f-7c8c-4230-a198-36ad0e73f79d,f38f3d11-ca55-4e14-9b7a-3c41774011e1,505247
f38f3d11-ca55-4e14-9b7a-3c41774011e1,08610465-eb20-4cef-a770-ee3cd8e75508,161591
095d08c2-5199-4d31-a548-12b5955c61a1,60daa3ab-6065-4f2b-830b-86b36bb4afe8,315833
47cd9c20-4d9e-4b8a-813b-7cf5ccc918cd,7fba12e8-f336-4a99-a479-dbcb1fc058b8,81447
558c8707-3d8a-4375-8e7e-998395fb46e5,a44a2fb9-565b-468e-a23d-5956fdd2e744,91797
4130354e-87e6-4255-9189-522263c3027f,b55783b5-489c-4878-a0aa-c81825d0ae80,174758
78fd87d1-526d-4b18-8de8-c4c281977037,0a672532-6002-4b7d-bee3-274a62a9fb5a,15008
dbc42853-f1be-402c-845f-6452bea1fcf0,8c6f7203-3c40-4766-9212-79d89260e8e9,459109
1a445f91-2ead-438a-9157-e2306187972a,54d734a2-73fa-4c9d-8cf3-7a39eaef3b2d,216982
54d734a2-73fa-4c9d-8cf3-7a39eaef3b2d,2c754a65-ff58-47e6-85c1-78eb1aca2225,17914
0305e738-0366-4b59-9641-5036465d07cd,0532f619-2dfb-4ed2-8656-ce67a56128aa,201705
7e557ea8-c91d-46eb-8ca1-0358f43dcabe,15ba1443-4cf1-4367-93b6-60fbb95a5b5e,392043
01961663-3143-4f5c-92e7-965eec12a0f9,0a672532-6002-4b7d-bee3-274a62a9fb5a,197981
68dd02c1-3e68-4d4d-8773-fe9569808537,4d871fb3-f0e1-4dc9-8415-2546e8723250,362908
1cf3a191-a526-4d97-a3d3-434d14f60ce3,a8fe04d7-c6e9-4857-be39-37559d653f33,301099
d7ea63f6-7280-453f-83c2-3f8ddc60ef79,1cf3a191-a526-4d97-a3d3-434d14f60ce3,291410
a43c454e-eaae-4ccf-ba48-24cf178c0031,cd4373fe-0091-4421-898d-1322bb7921e8,6326
4130354e-87e6-4255-9189-522263c3027f,6e279e72-004f-470e-8bb4-0999c3fc6164,283813
65d47575-b37f-4501-841e-142b28a09398,27a6c30d-3dd4-430c-9b72-6a22b6bc28be,35381
9bb7ec36-dda1-4ff9-a738-6f7f2e9f7630,d7ea63f6-7280-453f-83c2-3f8ddc60ef79,203978
60daa3ab-6065-4f2b-830b-86b36bb4afe8,853a8faf-f277-4783-a080-1a32165bdc6e,191030
99d5f7aa-2bc3-4aab-be55-528b049579c6,a8fe04d7-c6e9-4857-be39-37559d653f33,321417
394c6a7f-f4e5-40b8-bf5b-a953d624f184,4d871fb3-f0e1-4dc9-8415-2546e8723250,69858
11e6699e-09c0-4e83-aa27-821896ae0c18,f5a4a30f-bf41-44c8-b3b3-283ffe260a60,97224
11e6699e-09c0-4e83-aa27-821896ae0c18,4130354e-87e6-4255-9189-522263c3027f,102196
1277cc00-3031-42e9-bb55-37ca86bbfb7c,400beeb3-50ab-4b56-8775-3b2b07aedbc3,200289
99d5f7aa-2bc3-4aab-be55-528b049579c6,a9b5bf1c-cbe0-4d26-9be9-e219091870fb,331666
a43c454e-eaae-4ccf-ba48-24cf178c0031,0a48b595-c065-4fc3-81fc-25305be2e919,6295
5d4da318-295f-43fd-b303-bbd5fc786145,ea73977d-dcbd-4fd4-81c2-5ac84fa64cac,115565
12ff259b-fcec-4111-8a3e-92f1b34ef005,8536988f-ed41-448c-97ce-9555c75abfaa,65791
b55783b5-489c-4878-a0aa-c81825d0ae80,1dc801b8-53d9-46a5-85fd-164140883dd0,59139
9303996d-4078-4c79-80db-6a3eaa36104a,3b07c7ff-6fed-490a-a9e1-f5bafebc6f0b,538246
87d34d56-3bfc-4b8e-b3cf-5f8fc1df2732,0305e738-0366-4b59-9641-5036465d07cd,247347
d7ea63f6-7280-453f-83c2-3f8ddc60ef79,29e9ab61-e061-4d94-8cd3-c99446d51c55,112487
0a48b595-c065-4fc3-81fc-25305be2e919,8a1eb4a2-9b78-44bf-bb1e-2556e0dab34c,116438
b2063c94-d6ff-4b99-9b1a-191d9fc22602,464300eb-3855-4132-b377-6fe93a794fee,101332
c855958a-64c0-4592-b32a-d7a4c8b2b733,d59927c9-8f84-405f-b928-2ec21f8c6eb1,112109
7d7d78f3-acce-4f6a-9cea-2a3afcde3e8f,60daa3ab-6065-4f2b-830b-86b36bb4afe8,8624
9eddc067-b8c5-418d-8707-e41b27dafb46,b154fd49-3672-4066-8fe1-a9993e912518,45228
11e6699e-09c0-4e83-aa27-821896ae0c18,558c8707-3d8a-4375-8e7e-998395fb46e5,46607
385ddbb9-9e74-4532-b04a-de4e304cf8a7,7fba12e8-f336-4a99-a479-dbcb1fc058b8,124210
99d5f7aa-2bc3-4aab-be55-528b049579c6,32fffa33-1cd7-46d6-8e2e-e98450886d01,536581
b5dc2142-0bad-4987-be8e-d11f22d9ea51,b154fd49-3672-4066-8fe1-a9993e912518,317625
96e28973-b877-402f-b3ae-36ec55c8844e,65d47575-b37f-4501-841e-142b28a09398,196952
1cf3a191-a526-4d97-a3d3-434d14f60ce3,1ab2769c-a290-4b2f-9e27-da26985f69d8,411348
464300eb-3855-4132-b377-6fe93a794fee,67a1a352-63c6-43f9-9d71-ce28a20ae21c,99595
48ad0f18-b76e-4483-9afc-cd7e59be5f3a,1ab2769c-a290-4b2f-9e27-da26985f69d8,312178
22a5a25e-618e-456a-b80a-9cbef2c43460,d9dbc87f-1fec-4d78-bf2b-ec41887dfd44,34778
1cf3a191-a526-4d97-a3d3-434d14f60ce3,0a672532-6002-4b7d-bee3-274a62a9fb5a,253605
3535f85d-9583-4470-ac4c-9afdc1038270,fadaa8d2-d11e-48f4-b113-7ae97265e717,115620
3628d3b6-b07f-41cd-8c09-8c99afa414ba,e121b8a7-f238-42b9-8457-181650d599f1,197639
cb0c31f6-0fd6-46de-af02-5d25005aa5bb,7d7d78f3-acce-4f6a-9cea-2a3afcde3e8f,142670
1a445f91-2ead-438a-9157-e2306187972a,2c754a65-ff58-47e6-85c1-78eb1aca2225,141648
5d4da318-295f-43fd-b303-bbd5fc786145,c9fc8fa1-ca0e-4b1e-904c-80e5d80b2e39,247682
9303996d-4078-4c79-80db-6a3eaa36104a,8c6f7203-3c40-4766-9212-79d89260e8e9,237844
4e6f9bb8-78a5-4e09-9673-cce1f5489a5b,10949264-8492-44d9-ba5c-65c4b7838df4,146581
45e57df9-772b-40ca-aafc-898162c69844,839cc007-0190-43a3-a229-b97fe0fdddd1,257515
8a5a20aa-c7aa-4e06-b3af-7285634af283,cce1aaa6-a333-477e-8c63-815bef486b25,5330
85b8f4a0-8132-49e1-8991-32d3b09d6b71,cb0c31f6-0fd6-46de-af02-5d25005aa5bb,260761
4b3124e8-5fe8-4c26-8e72-8f6ba2766978,fadaa8d2-d11e-48f4-b113-7ae97265e717,530720
25b1246f-0e37-44e9-a053-8fa48c7f8e1e,b2063c94-d6ff-4b99-9b1a-191d9fc22602,231891
1a445f91-2ead-438a-9157-e2306187972a,400beeb3-50ab-4b56-8775-3b2b07aedbc3,497683
180627e6-0c19-44ba-82b6-4ec97d3ad85d,2993ded9-071e-45bc-9b13-accdf5d3ebec,142468
08610465-eb20-4cef-a770-ee3cd8e75508,0e73205f-4f6a-4208-ad93-9e5206df13c7,142352
cce1aaa6-a333-477e-8c63-815bef486b25,10949264-8492-44d9-ba5c-65c4b7838df4,49647
3535f85d-9583-4470-ac4c-9afdc1038270,9bb7ec36-dda1-4ff9-a738-6f7f2e9f7630,218123
32fffa33-1cd7-46d6-8e2e-e98450886d01,db21b201-6b2e-4e52-ad8d-d44123fc5c63,15399
2daeec3a-f864-4eba-bdf5-03ccf9feb992,b5c5b6ab-0337-4187-afc3-a1ec6230064f,249305
78699c1e-3234-4c39-a2d4-5e6e545dc68e,f38f3d11-ca55-4e14-9b7a-3c41774011e1,347575
ea73977d-dcbd-4fd4-81c2-5ac84fa64cac,d7ea63f6-7280-453f-83c2-3f8ddc60ef79,47939
1ab2769c-a290-4b2f-9e27-da26985f69d8,22a5a25e-618e-456a-b80a-9cbef2c43460,403699
310f8c32-4e53-4985-bd1b-6da805a969db,1277cc00-3031-42e9-bb55-37ca86bbfb7c,50430
7fba12e8-f336-4a99-a479-dbcb1fc058b8,28be9ff8-6e8b-486b-bf5d-0d5f62c0c810,75818
310f8c32-4e53-4985-bd1b-6da805a969db,3628d3b6-b07f-41cd-8c09-8c99afa414ba,106832
78fd87d1-526d-4b18-8de8-c4c281977037,27a6c30d-3dd4-430c-9b72-6a22b6bc28be,20206
7d7d78f3-acce-4f6a-9cea-2a3afcde3e8f,119ea857-b60b-491c-8e01-ab437e50f26e,4960
06e59082-1be0-4c86-87a5-ccf1f9fea164,04d0fe46-e270-4bf0-b721-ee363d6a6e2f,380082
01961663-3143-4f5c-92e7-965eec12a0f9,54d734a2-73fa-4c9d-8cf3-7a39eaef3b2d,174942
1a445f91-2ead-438a-9157-e2306187972a,fadaa8d2-d11e-48f4-b113-7ae97265e717,418137
cf8d0727-06ae-41b7-a2bf-c14ea6affcfa,a8fe04d7-c6e9-4857-be39-37559d653f33,62939
385ddbb9-9e74-4532-b04a-de4e304cf8a7,e731b69c-eeaf-4cae-8db6-e0cb7a703579,88547
839cc007-0190-43a3-a229-b97fe0fdddd1,c855958a-64c0-4592-b32a-d7a4c8b2b733,30638
07f047c6-eec0-4f71-98d8-0b06fac54ea9,32fffa33-1cd7-46d6-8e2e-e98450886d01,78791
08610465-eb20-4cef-a770-ee3cd8e75508,a44a2fb9-565b-468e-a23d-5956fdd2e744,207338
245f557e-4c75-4015-b6b5-3a52111e716f,47cd9c20-4d9e-4b8a-813b-7cf5ccc918cd,75806
9eddc067-b8c5-418d-8707-e41b27dafb46,45e57df9-772b-40ca-aafc-898162c69844,23473
cf8d0727-06ae-41b7-a2bf-c14ea6affcfa,07f047c6-eec0-4f71-98d8-0b06fac54ea9,33958
b35a5f3e-d9e7-47bf-a5f8-e8abdc9166c0,e121b8a7-f238-42b9-8457-181650d599f1,143637
51d7b18f-7c8c-4230-a198-36ad0e73f79d,c855958a-64c0-4592-b32a-d7a4c8b2b733,215633
759c268e-84f7-4975-a0d9-19b2cd8f0dde,b391f9a6-4399-4069-9150-100fa9423b03,178079
400beeb3-50ab-4b56-8775-3b2b07aedbc3,464300eb-3855-4132-b377-6fe93a794fee,115065
0305e738-0366-4b59-9641-5036465d07cd,51d7b18f-7c8c-4230-a198-36ad0e73f79d,100276
78699c1e-3234-4c39-a2d4-5e6e545dc68e,15ba1443-4cf1-4367-93b6-60fbb95a5b5e,329968
4b2c12b4-cdf9-4dc2-b23a-09610cc147eb,6603d019-cf11-4464-af83-d73a6114d7d9,451614
095d08c2-5199-4d31-a548-12b5955c61a1,cce1aaa6-a333-477e-8c63-815bef486b25,292057
15ba1443-4cf1-4367-93b6-60fbb95a5b5e,9eddc067-b8c5-418d-8707-e41b27dafb46,289501
28be9ff8-6e8b-486b-bf5d-0d5f62c0c810,5d4da318-295f-43fd-b303-bbd5fc786145,387458
10949264-8492-44d9-ba5c-65c4b7838df4,25cf4233-39d3-47dc-bf10-51d2687e74de,257180
4130354e-87e6-4255-9189-522263c3027f,7d7c80c6-da3d-482a-87d2-4323b489f08b,284452
68dd02c1-3e68-4d4d-8773-fe9569808537,b5c5b6ab-0337-4187-afc3-a1ec6230064f,229818
e121b8a7-f238-42b9-8457-181650d599f1,7d7c80c6-da3d-482a-87d2-4323b489f08b,19866
8a1eb4a2-9b78-44bf-bb1e-2556e0dab34c,0532f619-2dfb-4ed2-8656-ce67a56128aa,180139
4130354e-87e6-4255-9189-522263c3027f,e121b8a7-f238-42b9-8457-181650d599f1,153781
0e73205f-4f6a-4208-ad93-9e5206df13c7,29e9ab61-e061-4d94-8cd3-c99446d51c55,150999
a44a2fb9-565b-468e-a23d-5956fdd2e744,9eddc067-b8c5-418d-8707-e41b27dafb46,72983
7d7c80c6-da3d-482a-87d2-4323b489f08b,2130aa47-2aba-4a23-b3ca-a4360325ae32,13424
fadaa8d2-d11e-48f4-b113-7ae97265e717,1db7abdf-2504-4e24-99b3-3dffe16ee8eb,62694
b391f9a6-4399-4069-9150-100fa9423b03,51d7b18f-7c8c-4230-a198-36ad0e73f79d,389828
51d7b18f-7c8c-4230-a198-36ad0e73f79d,1a445f91-2ead-438a-9157-e2306187972a,201641
1db7abdf-2504-4e24-99b3-3dffe16ee8eb,29e9ab61-e061-4d94-8cd3-c99446d51c55,306887
96e28973-b877-402f-b3ae-36ec55c8844e,32fffa33-1cd7-46d6-8e2e-e98450886d01,296080
6e279e72-004f-470e-8bb4-0999c3fc6164,85b8f4a0-8132-49e1-8991-32d3b09d6b71,375252
d1f46208-0958-4793-bf89-39afc8da5c85,7cc6cfa4-c1e9-494a-986b-bbf607bc5550,190676
65d47575-b37f-4501-841e-142b28a09398,18036c84-0da6-4c1e-9b11-126a55b485c7,109312
0a48b595-c065-4fc3-81fc-25305be2e919,14d26f53-dd5e-4cfa-aada-67c21bb5d939,108541
b154fd49-3672-4066-8fe1-a9993e912518,b391f9a6-4399-4069-9150-100fa9423b03,52085
07f047c6-eec0-4f71-98d8-0b06fac54ea9,f5a4a30f-bf41-44c8-b3b3-283ffe260a60,271084
7e557ea8-c91d-46eb-8ca1-0358f43dcabe,25b1246f-0e37-44e9-a053-8fa48c7f8e1e,141012
1ab2769c-a290-4b2f-9e27-da26985f69d8,4e6f9bb8-78a5-4e09-9673-cce1f5489a5b,390987
e7338740-b7ee-469c-9c74-bee7dd5f18d2,67a1a352-63c6-43f9-9d71-ce28a20ae21c,353070
2c754a65-ff58-47e6-85c1-78eb1aca2225,48ad0f18-b76e-4483-9afc-cd7e59be5f3a,120016
b55783b5-489c-4878-a0aa-c81825d0ae80,98eab8e7-ae72-4457-9ea0-742b7ae8093d,100584
095d08c2-5199-4d31-a548-12b5955c61a1,7cc6cfa4-c1e9-494a-986b-bbf607bc5550,163915
8c6f7203-3c40-4766-9212-79d89260e8e9,e731b69c-eeaf-4cae-8db6-e0cb7a703579,429137
7d7d78f3-acce-4f6a-9cea-2a3afcde3e8f,dbc42853-f1be-402c-845f-6452bea1fcf0,10808
db21b201-6b2e-4e52-ad8d-d44123fc5c63,759c268e-84f7-4975-a0d9-19b2cd8f0dde,123151
6e279e72-004f-470e-8bb4-0999c3fc6164,4d871fb3-f0e1-4dc9-8415-2546e8723250,182006
d1f46208-0958-4793-bf89-39afc8da5c85,b35a5f3e-d9e7-47bf-a5f8-e8abdc9166c0,130479
b5c5b6ab-0337-4187-afc3-a1ec6230064f,3b07c7ff-6fed-490a-a9e1-f5bafebc6f0b,138717
51d7b18f-7c8c-4230-a198-36ad0e73f79d,06e59082-1be0-4c86-87a5-ccf1f9fea164,249359
385ddbb9-9e74-4532-b04a-de4e304cf8a7,a90a0979-3d6a-4c77-b2ce-81ba1f5311a5,54850
78fd87d1-526d-4b18-8de8-c4c281977037,04d0fe46-e270-4bf0-b721-ee363d6a6e2f,39641
dbc42853-f1be-402c-845f-6452bea1fcf0,5e62c6a4-2bb4-4e1c-8488-e10c7b1c3f63,294841
c63bfa5b-d5bb-461c-b9eb-e8744301a90e,d1f46208-0958-4793-bf89-39afc8da5c85,75307
245f557e-4c75-4015-b6b5-3a52111e716f,558c8707-3d8a-4375-8e7e-998395fb46e5,48426
b35a5f3e-d9e7-47bf-a5f8-e8abdc9166c0,78fd87d1-526d-4b18-8de8-c4c281977037,110438
0a672532-6002-4b7d-bee3-274a62a9fb5a,0305e738-0366-4b59-9641-5036465d07cd,297772
c855958a-64c0-4592-b32a-d7a4c8b2b733,1a445f91-2ead-438a-9157-e2306187972a,103410
180627e6-0c19-44ba-82b6-4ec97d3ad85d,3fe4fa6b-719c-428e-ab19-ac1e5a83f0f1,165615
65d47575-b37f-4501-841e-142b28a09398,3535f85d-9583-4470-ac4c-9afdc1038270,35163
a730d385-0f71-42a3-8b8c-b4195bfa8f1f,54835b8a-a27f-4145-a0f6-df40badc1d0e,483557
9eddc067-b8c5-418d-8707-e41b27dafb46,3b07c7ff-6fed-490a-a9e1-f5bafebc6f0b,12431
9eddc067-b8c5-418d-8707-e41b27dafb46,7d7c80c6-da3d-482a-87d2-4323b489f08b,69027
cd4373fe-0091-4421-898d-1322bb7921e8,45e57df9-772b-40ca-aafc-898162c69844,419759
558c8707-3d8a-4375-8e7e-998395fb46e5,2993ded9-071e-45bc-9b13-accdf5d3ebec,129329
4130354e-87e6-4255-9189-522263c3027f,a43c454e-eaae-4ccf-ba48-24cf178c0031,414148
853a8faf-f277-4783-a080-1a32165bdc6e,310f8c32-4e53-4985-bd1b-6da805a969db,289465
d3f7b752-a107-4df3-9795-14db35826c73,fadaa8d2-d11e-48f4-b113-7ae97265e717,463268
f52dd1ff-6bbf-4473-8f2f-718db4a10f87,48ad0f18-b76e-4483-9afc-cd7e59be5f3a,533537
1cf3a191-a526-4d97-a3d3-434d14f60ce3,b2063c94-d6ff-4b99-9b1a-191d9fc22602,207988
f5a4a30f-bf41-44c8-b3b3-283ffe260a60,45e57df9-772b-40ca-aafc-898162c69844,270694
e121b8a7-f238-42b9-8457-181650d599f1,d7ea63f6-7280-453f-83c2-3f8ddc60ef79,8142
28be9ff8-6e8b-486b-bf5d-0d5f62c0c810,384df65c-8611-4041-99a2-9b5a19d87245,302471
d3f7b752-a107-4df3-9795-14db35826c73,839cc007-0190-43a3-a229-b97fe0fdddd1,184326
dbc42853-f1be-402c-845f-6452bea1fcf0,d59927c9-8f84-405f-b928-2ec21f8c6eb1,514317
83ca04ab-5096-4031-b64a-163ca57dfb1b,27a6c30d-3dd4-430c-9b72-6a22b6bc28be,171324
7d7d78f3-acce-4f6a-9cea-2a3afcde3e8f,25cf4233-39d3-47dc-bf10-51d2687e74de,3535
cb0c31f6-0fd6-46de-af02-5d25005aa5bb,119ea857-b60b-491c-8e01-ab437e50f26e,268887
400beeb3-50ab-4b56-8775-3b2b07aedbc3,2c9eb637-701c-47c0-86f9-52df6517d923,56754
7fba12e8-f336-4a99-a479-dbcb1fc058b8,9303996d-4078-4c79-80db-6a3eaa36104a,451719
4b3124e8-5fe8-4c26-8e72-8f6ba2766978,cd4373fe-0091-4421-898d-1322bb7921e8,203340
25cf4233-39d3-47dc-bf10-51d2687e74de,e731b69c-eeaf-4cae-8db6-e0cb7a703579,14392
0305e738-0366-4b59-9641-5036465d07cd,11e6699e-09c0-4e83-aa27-821896ae0c18,282407
3628d3b6-b07f-41cd-8c09-8c99afa414ba,2daeec3a-f864-4eba-bdf5-03ccf9feb992,510011
b391f9a6-4399-4069-9150-100fa9423b03,54d734a2-73fa-4c9d-8cf3-7a39eaef3b2d,156324
e121b8a7-f238-42b9-8457-181650d599f1,0532f619-2dfb-4ed2-8656-ce67a56128aa,17285
8a1eb4a2-9b78-44bf-bb1e-2556e0dab34c,a90a0979-3d6a-4c77-b2ce-81ba1f5311a5,119785
f52dd1ff-6bbf-4473-8f2f-718db4a10f87,21140c1d-976c-4879-8bdc-a2a06014a372,308659
58207bba-605a-4b23-98aa-9ac09a28437f,07f047c6-eec0-4f71-98d8-0b06fac54ea9,4602
3fe4fa6b-719c-428e-ab19-ac1e5a83f0f1,119ea857-b60b-491c-8e01-ab437e50f26e,118044
0532f619-2dfb-4ed2-8656-ce67a56128aa,7d7c80c6-da3d-482a-87d2-4323b489f08b,98215
cd4373fe-0091-4421-898d-1322bb7921e8,0e73205f-4f6a-4208-ad93-9e5206df13c7,368967
2c754a65-ff58-47e6-85c1-78eb1aca2225,21140c1d-976c-4879-8bdc-a2a06014a372,247314
27a6c30d-3dd4-430c-9b72-6a22b6bc28be,8a5a20aa-c7aa-4e06-b3af-7285634af283,372252
07f047c6-eec0-4f71-98d8-0b06fac54ea9,3b07c7ff-6fed-490a-a9e1-f5bafebc6f0b,423342
384df65c-8611-4041-99a2-9b5a19d87245,6603d019-cf11-4464-af83-d73a6114d7d9,61844
d9dbc87f-1fec-4d78-bf2b-ec41887dfd44,8a5a20aa-c7aa-4e06-b3af-7285634af283,351305
5065fc4a-0d76-4ae7-84f0-b17d57bc7ce8,b35a5f3e-d9e7-47bf-a5f8-e8abdc9166c0,290750
54d734a2-73fa-4c9d-8cf3-7a39eaef3b2d,1dc801b8-53d9-46a5-85fd-164140883dd0,29710
78fd87d1-526d-4b18-8de8-c4c281977037,54835b8a-a27f-4145-a0f6-df40badc1d0e,19495
cce1aaa6-a333-477e-8c63-815bef486b25,60daa3ab-6065-4f2b-830b-86b36bb4afe8,108010
1dc801b8-53d9-46a5-85fd-164140883dd0,04d0fe46-e270-4bf0-b721-ee363d6a6e2f,161808
f38f3d11-ca55-4e14-9b7a-3c41774011e1,3628d3b6-b07f-41cd-8c09-8c99afa414ba,99635
11e6699e-09c0-4e83-aa27-821896ae0c18,06e59082-1be0-4c86-87a5-ccf1f9fea164,42428
a44a2fb9-565b-468e-a23d-5956fdd2e744,d7ea63f6-7280-453f-83c2-3f8ddc60ef79,35048
60daa3ab-6065-4f2b-830b-86b36bb4afe8,394c6a7f-f4e5-40b8-bf5b-a953d624f184,184949
87fcf9bd-c496-499a-8ddd-b5f35af99931,a43c454e-eaae-4ccf-ba48-24cf178c0031,35070
4b2c12b4-cdf9-4dc2-b23a-09610cc147eb,d7ea63f6-7280-453f-83c2-3f8ddc60ef79,172428
e313b334-d8e0-4f9d-a841-02495ccfd0d4,27a6c30d-3dd4-430c-9b72-6a22b6bc28be,193968
78560cc8-0cca-433a-8291-89c80601bf63,d59927c9-8f84-405f-b928-2ec21f8c6eb1,27966
a9b5bf1c-cbe0-4d26-9be9-e219091870fb,e731b69c-eeaf-4cae-8db6-e0cb7a703579,197897
cce1aaa6-a333-477e-8c63-815bef486b25,ea73977d-dcbd-4fd4-81c2-5ac84fa64cac,280731
54835b8a-a27f-4145-a0f6-df40badc1d0e,b391f9a6-4399-4069-9150-100fa9423b03,30174
85b8f4a0-8132-49e1-8991-32d3b09d6b71,9eddc067-b8c5-418d-8707-e41b27dafb46,127510
119ea857-b60b-491c-8e01-ab437e50f26e,f52dd1ff-6bbf-4473-8f2f-718db4a10f87,183012
cb0c31f6-0fd6-46de-af02-5d25005aa5bb,9eddc067-b8c5-418d-8707-e41b27dafb46,312619
b5dc2142-0bad-4987-be8e-d11f22d9ea51,310f8c32-4e53-4985-bd1b-6da805a969db,319186
ea73977d-dcbd-4fd4-81c2-5ac84fa64cac,400beeb3-50ab-4b56-8775-3b2b07aedbc3,63224
7cc6cfa4-c1e9-494a-986b-bbf607bc5550,99d5f7aa-2bc3-4aab-be55-528b049579c6,293688
4e6f9bb8-78a5-4e09-9673-cce1f5489a5b,60daa3ab-6065-4f2b-830b-86b36bb4afe8,167970
a730d385-0f71-42a3-8b8c-b4195bfa8f1f,095d08c2-5199-4d31-a548-12b5955c61a1,287618
dbc42853-f1be-402c-845f-6452bea1fcf0,45e57df9-772b-40ca-aafc-898162c69844,291531
25cf4233-39d3-47dc-bf10-51d2687e74de,85b8f4a0-8132-49e1-8991-32d3b09d6b71,64384
3b07c7ff-6fed-490a-a9e1-f5bafebc6f0b,83ca04ab-5096-4031-b64a-163ca57dfb1b,232779
c9fc8fa1-ca0e-4b1e-904c-80e5d80b2e39,b35a5f3e-d9e7-47bf-a5f8-e8abdc9166c0,108322
51d7b18f-7c8c-4230-a198-36ad0e73f79d,464300eb-3855-4132-b377-6fe93a794fee,547380
b5c5b6ab-0337-4187-afc3-a1ec6230064f,08610465-eb20-4cef-a770-ee3cd8e75508,160817
180627e6-0c19-44ba-82b6-4ec97d3ad85d,f38f3d11-ca55-4e14-9b7a-3c41774011e1,81991
9303996d-4078-4c79-80db-6a3eaa36104a,394c6a7f-f4e5-40b8-bf5b-a953d624f184,412781
cd4373fe-0091-4421-898d-1322bb7921e8,e7338740-b7ee-469c-9c74-bee7dd5f18d2,130682
8536988f-ed41-448c-97ce-9555c75abfaa,d3f7b752-a107-4df3-9795-14db35826c73,134592
3fe4fa6b-719c-428e-ab19-ac1e5a83f0f1,b154fd49-3672-4066-8fe1-a9993e912518,57513
87fcf9bd-c496-499a-8ddd-b5f35af99931,9303996d-4078-4c79-80db-6a3eaa36104a,78009
384df65c-8611-4041-99a2-9b5a19d87245,f5a4a30f-bf41-44c8-b3b3-283ffe260a60,210818
180627e6-0c19-44ba-82b6-4ec97d3ad85d,6e279e72-004f-470e-8bb4-0999c3fc6164,198104
f52dd1ff-6bbf-4473-8f2f-718db4a10f87,a8a3a809-1348-41fe-b334-afa6e29e0493,249680
9303996d-4078-4c79-80db-6a3eaa36104a,29e9ab61-e061-4d94-8cd3-c99446d51c55,392851
48ad0f18-b76e-4483-9afc-cd7e59be5f3a,78699c1e-3234-4c39-a2d4-5e6e545dc68e,84325
83ca04ab-5096-4031-b64a-163ca57dfb1b,ea73977d-dcbd-4fd4-81c2-5ac84fa64cac,402728
25cf4233-39d3-47dc-bf10-51d2687e74de,e7338740-b7ee-469c-9c74-bee7dd5f18d2,31779
7d7c80c6-da3d-482a-87d2-4323b489f08b,83ca04ab-5096-4031-b64a-163ca57dfb1b,12610
0a48b595-c065-4fc3-81fc-25305be2e919,cf8d0727-06ae-41b7-a2bf-c14ea6affcfa,222801
9eddc067-b8c5-418d-8707-e41b27dafb46,1ab2769c-a290-4b2f-9e27-da26985f69d8,32817
245f557e-4c75-4015-b6b5-3a52111e716f,96e28973-b877-402f-b3ae-36ec55c8844e,77131
1277cc00-3031-42e9-bb55-37ca86bbfb7c,a9b5bf1c-cbe0-4d26-9be9-e219091870fb,151006
d59927c9-8f84-405f-b928-2ec21f8c6eb1,78699c1e-3234-4c39-a2d4-5e6e545dc68e,52596
9eddc067-b8c5-418d-8707-e41b27dafb46,0532f619-2dfb-4ed2-8656-ce67a56128aa,24015
095d08c2-5199-4d31-a548-12b5955c61a1,08610465-eb20-4cef-a770-ee3cd8e75508,174692
8a5a20aa-c7aa-4e06-b3af-7285634af283,a730d385-0f71-42a3-8b8c-b4195bfa8f1f,6155
b2063c94-d6ff-4b99-9b1a-191d9fc22602,64afb508-3fdb-4f14-a721-040f46ad6d54,243681
1db7abdf-2504-4e24-99b3-3dffe16ee8eb,3628d3b6-b07f-41cd-8c09-8c99afa414ba,390093
01961663-3143-4f5c-92e7-965eec12a0f9,96e28973-b877-402f-b3ae-36ec55c8844e,276284
0a48b595-c065-4fc3-81fc-25305be2e919,07f047c6-eec0-4f71-98d8-0b06fac54ea9,485786
3fe4fa6b-719c-428e-ab19-ac1e5a83f0f1,3b07c7ff-6fed-490a-a9e1-f5bafebc6f0b,102654
45e57df9-772b-40ca-aafc-898162c69844,25b1246f-0e37-44e9-a053-8fa48c7f8e1e,234796
7d7d78f3-acce-4f6a-9cea-2a3afcde3e8f,e313b334-d8e0-4f9d-a841-02495ccfd0d4,4882
c63bfa5b-d5bb-461c-b9eb-e8744301a90e,78560cc8-0cca-433a-8291-89c80601bf63,110075
384df65c-8611-4041-99a2-9b5a19d87245,b2063c94-d6ff-4b99-9b1a-191d9fc22602,154954
67a1a352-63c6-43f9-9d71-ce28a20ae21c,01961663-3143-4f5c-92e7-965eec12a0f9,32331
27a6c30d-3dd4-430c-9b72-6a22b6bc28be,1a445f91-2ead-438a-9157-e2306187972a,274894
fadaa8d2-d11e-48f4-b113-7ae97265e717,87d34d56-3bfc-4b8e-b3cf-5f8fc1df2732,51726
385ddbb9-9e74-4532-b04a-de4e304cf8a7,1a445f91-2ead-438a-9157-e2306187972a,84317
18036c84-0da6-4c1e-9b11-126a55b485c7,85b8f4a0-8132-49e1-8991-32d3b09d6b71,370025
2c9eb637-701c-47c0-86f9-52df6517d923,8c6f7203-3c40-4766-9212-79d89260e8e9,78637
a730d385-0f71-42a3-8b8c-b4195bfa8f1f,68dd02c1-3e68-4d4d-8773-fe9569808537,352158
385ddbb9-9e74-4532-b04a-de4e304cf8a7,96e28973-b877-402f-b3ae-36ec55c8844e,79283
e731b69c-eeaf-4cae-8db6-e0cb7a703579,7d7c80c6-da3d-482a-87d2-4323b489f08b,64227
0a48b595-c065-4fc3-81fc-25305be2e919,7d7c80c6-da3d-482a-87d2-4323b489f08b,200007
0305e738-0366-4b59-9641-5036465d07cd,a8fe04d7-c6e9-4857-be39-37559d653f33,124528
cf8d0727-06ae-41b7-a2bf-c14ea6affcfa,c9fc8fa1-ca0e-4b1e-904c-80e5d80b2e39,44899
83ca04ab-5096-4031-b64a-163ca57dfb1b,1dc801b8-53d9-46a5-85fd-164140883dd0,457057
7cc6cfa4-c1e9-494a-986b-bbf607bc5550,c9fc8fa1-ca0e-4b1e-904c-80e5d80b2e39,212849
1cf3a191-a526-4d97-a3d3-434d14f60ce3,48ad0f18-b76e-4483-9afc-cd7e59be5f3a,140611
21140c1d-976c-4879-8bdc-a2a06014a372,e7338740-b7ee-469c-9c74-bee7dd5f18d2,186097
51d7b18f-7c8c-4230-a198-36ad0e73f79d,095d08c2-5199-4d31-a548-12b5955c61a1,152828
4e6f9bb8-78a5-4e09-9673-cce1f5489a5b,0a48b595-c065-4fc3-81fc-25305be2e919,127435
64afb508-3fdb-4f14-a721-040f46ad6d54,6e279e72-004f-470e-8bb4-0999c3fc6164,104179
67a1a352-63c6-43f9-9d71-ce28a20ae21c,14d26f53-dd5e-4cfa-aada-67c21bb5d939,17668
558c8707-3d8a-4375-8e7e-998395fb46e5,65d47575-b37f-4501-841e-142b28a09398,101334
54835b8a-a27f-4145-a0f6-df40badc1d0e,a9b5bf1c-cbe0-4d26-9be9-e219091870fb,142364
7cc6cfa4-c1e9-494a-986b-bbf607bc5550,10949264-8492-44d9-ba5c-65c4b7838df4,304863
e413f084-e90e-424a-b205-f3dd75142edc,f5a4a30f-bf41-44c8-b3b3-283ffe260a60,21665
12ff259b-fcec-4111-8a3e-92f1b34ef005,310f8c32-4e53-4985-bd1b-6da805a969db,248940
c63bfa5b-d5bb-461c-b9eb-e8744301a90e,119ea857-b60b-491c-8e01-ab437e50f26e,94311
32fffa33-1cd7-46d6-8e2e-e98450886d01,a43c454e-eaae-4ccf-ba48-24cf178c0031,18447
095d08c2-5199-4d31-a548-12b5955c61a1,fadaa8d2-d11e-48f4-b113-7ae97265e717,105782
2c9eb637-701c-47c0-86f9-52df6517d923,095d08c2-5199-4d31-a548-12b5955c61a1,223428
54835b8a-a27f-4145-a0f6-df40badc1d0e,85b8f4a0-8132-49e1-8991-32d3b09d6b71,110154
f38f3d11-ca55-4e14-9b7a-3c41774011e1,9bb7ec36-dda1-4ff9-a738-6f7f2e9f7630,120767
1ab2769c-a290-4b2f-9e27-da26985f69d8,5f9a0ffa-c748-4fbb-95a5-8eab94c05210,466489
28be9ff8-6e8b-486b-bf5d-0d5f62c0c810,2c754a65-ff58-47e6-85c1-78eb1aca2225,442055
78699c1e-3234-4c39-a2d4-5e6e545dc68e,4130354e-87e6-4255-9189-522263c3027f,215352
e3dc7114-400f-4423-b05f-d6c737c28279,a8fe04d7-c6e9-4857-be39-37559d653f33,401680
96e28973-b877-402f-b3ae-36ec55c8844e,853a8faf-f277-4783-a080-1a32165bdc6e,372530
45e57df9-772b-40ca-aafc-898162c69844,7fba12e8-f336-4a99-a479-dbcb1fc058b8,468413
8a5a20aa-c7aa-4e06-b3af-7285634af283,96e28973-b877-402f-b3ae-36ec55c8844e,3062
b154fd49-3672-4066-8fe1-a9993e912518,839cc007-0190-43a3-a229-b97fe0fdddd1,38025
29e9ab61-e061-4d94-8cd3-c99446d51c55,7d7d78f3-acce-4f6a-9cea-2a3afcde3e8f,289024
cce1aaa6-a333-477e-8c63-815bef486b25,b391f9a6-4399-4069-9150-100fa9423b03,191193
96e28973-b877-402f-b3ae-36ec55c8844e,1dc801b8-53d9-46a5-85fd-164140883dd0,282957
dbc42853-f1be-402c-845f-6452bea1fcf0,6e279e72-004f-470e-8bb4-0999c3fc6164,111994
759c268e-84f7-4975-a0d9-19b2cd8f0dde,0305e738-0366-4b59-9641-5036465d07cd,239152
5065fc4a-0d76-4ae7-84f0-b17d57bc7ce8,f38f3d11-ca55-4e14-9b7a-3c41774011e1,149164
839cc007-0190-43a3-a229-b97fe0fdddd1,558c8707-3d8a-4375-8e7e-998395fb46e5,23896
5f9a0ffa-c748-4fbb-95a5-8eab94c05210,1277cc00-3031-42e9-bb55-37ca86bbfb7c,175742
394c6a7f-f4e5-40b8-bf5b-a953d624f184,245f557e-4c75-4015-b6b5-3a52111e716f,46913
78699c1e-3234-4c39-a2d4-5e6e545dc68e,01961663-3143-4f5c-92e7-965eec12a0f9,316502
7cc6cfa4-c1e9-494a-986b-bbf607bc5550,28be9ff8-6e8b-486b-bf5d-0d5f62c0c810,126322
4b3124e8-5fe8-4c26-8e72-8f6ba2766978,2c754a65-ff58-47e6-85c1-78eb1aca2225,416130
b391f9a6-4399-4069-9150-100fa9423b03,7cc6cfa4-c1e9-494a-986b-bbf607bc5550,322915
180627e6-0c19-44ba-82b6-4ec97d3ad85d,67a1a352-63c6-43f9-9d71-ce28a20ae21c,128514
28be9ff8-6e8b-486b-bf5d-0d5f62c0c810,1dc801b8-53d9-46a5-85fd-164140883dd0,323401
b5c5b6ab-0337-4187-afc3-a1ec6230064f,99d5f7aa-2bc3-4aab-be55-528b049579c6,169127
0305e738-0366-4b59-9641-5036465d07cd,1cf3a191-a526-4d97-a3d3-434d14f60ce3,251334
0a48b595-c065-4fc3-81fc-25305be2e919,b55783b5-489c-4878-a0aa-c81825d0ae80,266390
464300eb-3855-4132-b377-6fe93a794fee,853a8faf-f277-4783-a080-1a32165bdc6e,183729
2993ded9-071e-45bc-9b13-accdf5d3ebec,65d47575-b37f-4501-841e-142b28a09398,7238
464300eb-3855-4132-b377-6fe93a794fee,22a5a25e-618e-456a-b80a-9cbef2c43460,140845
180627e6-0c19-44ba-82b6-4ec97d3ad85d,db21b201-6b2e-4e52-ad8d-d44123fc5c63,98652
e313b334-d8e0-4f9d-a841-02495ccfd0d4,4b3124e8-5fe8-4c26-8e72-8f6ba2766978,201267
0532f619-2dfb-4ed2-8656-ce67a56128aa,5d4da318-295f-43fd-b303-bbd5fc786145,88433
cd4373fe-0091-4421-898d-1322bb7921e8,9bb7ec36-dda1-4ff9-a738-6f7f2e9f7630,350387
3628d3b6-b07f-41cd-8c09-8c99afa414ba,a43c454e-eaae-4ccf-ba48-24cf178c0031,420483
7cc6cfa4-c1e9-494a-986b-bbf607bc5550,1ab2769c-a290-4b2f-9e27-da26985f69d8,364572
7d7d78f3-acce-4f6a-9cea-2a3afcde3e8f,65d47575-b37f-4501-841e-142b28a09398,8710
cf8d0727-06ae-41b7-a2bf-c14ea6affcfa,5f9a0ffa-c748-4fbb-95a5-8eab94c05210,45945
32fffa33-1cd7-46d6-8e2e-e98450886d01,b54ac68a-3eca-435c-8902-200a1a1b09ff,57456
d3f7b752-a107-4df3-9795-14db35826c73,8a5a20aa-c7aa-4e06-b3af-7285634af283,393107
245f557e-4c75-4015-b6b5-3a52111e716f,a44a2fb9-565b-468e-a23d-5956fdd2e744,48929
e121b8a7-f238-42b9-8457-181650d599f1,8a5a20aa-c7aa-4e06-b3af-7285634af283,19602
7e557ea8-c91d-46eb-8ca1-0358f43dcabe,21140c1d-976c-4879-8bdc-a2a06014a372,162197
c9fc8fa1-ca0e-4b1e-904c-80e5d80b2e39,b5c5b6ab-0337-4187-afc3-a1ec6230064f,254775
11e6699e-09c0-4e83-aa27-821896ae0c18,1ab2769c-a290-4b2f-9e27-da26985f69d8,71397
f5a4a30f-bf41-44c8-b3b3-283ffe260a60,839cc007-0190-43a3-a229-b97fe0fdddd1,438179
ea73977d-dcbd-4fd4-81c2-5ac84fa64cac,64afb508-3fdb-4f14-a721-040f46ad6d54,45150
65d47575-b37f-4501-841e-142b28a09398,47cd9c20-4d9e-4b8a-813b-7cf5ccc918cd,93663
10949264-8492-44d9-ba5c-65c4b7838df4,e413f084-e90e-424a-b205-f3dd75142edc,336241
14d26f53-dd5e-4cfa-aada-67c21bb5d939,8c6f7203-3c40-4766-9212-79d89260e8e9,170355
78560cc8-0cca-433a-8291-89c80601bf63,385ddbb9-9e74-4532-b04a-de4e304cf8a7,77411
095d08c2-5199-4d31-a548-12b5955c61a1,394c6a7f-f4e5-40b8-bf5b-a953d624f184,362838
245f557e-4c75-4015-b6b5-3a52111e716f,29e9ab61-e061-4d94-8cd3-c99446d51c55,71047
e313b334-d8e0-4f9d-a841-02495ccfd0d4,d3f7b752-a107-4df3-9795-14db35826c73,309774
04d0fe46-e270-4bf0-b721-ee363d6a6e2f,759c268e-84f7-4975-a0d9-19b2cd8f0dde,237491
384df65c-8611-4041-99a2-9b5a19d87245,22a5a25e-618e-456a-b80a-9cbef2c43460,98989
3fe4fa6b-719c-428e-ab19-ac1e5a83f0f1,f38f3d11-ca55-4e14-9b7a-3c41774011e1,109910
d1f46208-0958-4793-bf89-39afc8da5c85,3628d3b6-b07f-41cd-8c09-8c99afa414ba,153564
e7338740-b7ee-469c-9c74-bee7dd5f18d2,119ea857-b60b-491c-8e01-ab437e50f26e,278832
11e6699e-09c0-4e83-aa27-821896ae0c18,9bb7ec36-dda1-4ff9-a738-6f7f2e9f7630,102450
a9b5bf1c-cbe0-4d26-9be9-e219091870fb,68dd02c1-3e68-4d4d-8773-fe9569808537,154838
04d0fe46-e270-4bf0-b721-ee363d6a6e2f,8c6f7203-3c40-4766-9212-79d89260e8e9,351443
14d26f53-dd5e-4cfa-aada-67c21bb5d939,4b3124e8-5fe8-4c26-8e72-8f6ba2766978,80425
48ad0f18-b76e-4483-9afc-cd7e59be5f3a,a90a0979-3d6a-4c77-b2ce-81ba1f5311a5,89720
1ab2769c-a290-4b2f-9e27-da26985f69d8,2993ded9-071e-45bc-9b13-accdf5d3ebec,289699
b35a5f3e-d9e7-47bf-a5f8-e8abdc9166c0,8a5a20aa-c7aa-4e06-b3af-7285634af283,27495
e3dc7114-400f-4423-b05f-d6c737c28279,3535f85d-9583-4470-ac4c-9afdc1038270,88107
558c8707-3d8a-4375-8e7e-998395fb46e5,b154fd49-3672-4066-8fe1-a9993e912518,125902
a9b5bf1c-cbe0-4d26-9be9-e219091870fb,e313b334-d8e0-4f9d-a841-02495ccfd0d4,389202
9303996d-4078-4c79-80db-6a3eaa36104a,3b07c7ff-6fed-490a-a9e1-f5bafebc6f0b,396378
29e9ab61-e061-4d94-8cd3-c99446d51c55,a8a3a809-1348-41fe-b334-afa6e29e0493,123559
3535f85d-9583-4470-ac4c-9afdc1038270,b5dc2142-0bad-4987-be8e-d11f22d9ea51,151073
e731b69c-eeaf-4cae-8db6-e0cb7a703579,d59927c9-8f84-405f-b928-2ec21f8c6eb1,28388
1277cc00-3031-42e9-bb55-37ca86bbfb7c,e121b8a7-f238-42b9-8457-181650d599f1,233194
245f557e-4c75-4015-b6b5-3a52111e716f,1db7abdf-2504-4e24-99b3-3dffe16ee8eb,91796
96e28973-b877-402f-b3ae-36ec55c8844e,cf8d0727-06ae-41b7-a2bf-c14ea6affcfa,204390
e313b334-d8e0-4f9d-a841-02495ccfd0d4,4d871fb3-f0e1-4dc9-8415-2546e8723250,184976
5d4da318-295f-43fd-b303-bbd5fc786145,10949264-8492-44d9-ba5c-65c4b7838df4,100255
394c6a7f-f4e5-40b8-bf5b-a953d624f184,8a1eb4a2-9b78-44bf-bb1e-2556e0dab34c,188431
96e28973-b877-402f-b3ae-36ec55c8844e,385ddbb9-9e74-4532-b04a-de4e304cf8a7,321372
9bb7ec36-dda1-4ff9-a738-6f7f2e9f7630,67a1a352-63c6-43f9-9d71-ce28a20ae21c,121956
18036c84-0da6-4c1e-9b11-126a55b485c7,839cc007-0190-43a3-a229-b97fe0fdddd1,440539
a730d385-0f71-42a3-8b8c-b4195bfa8f1f,e7338740-b7ee-469c-9c74-bee7dd5f18d2,262278
1db7abdf-2504-4e24-99b3-3dffe16ee8eb,a9b5bf1c-cbe0-4d26-9be9-e219091870fb,484670
98eab8e7-ae72-4457-9ea0-742b7ae8093d,095d08c2-5199-4d31-a548-12b5955c61a1,60881
c855958a-64c0-4592-b32a-d7a4c8b2b733,245f557e-4c75-4015-b6b5-3a52111e716f,341193
78fd87d1-526d-4b18-8de8-c4c281977037,119ea857-b60b-491c-8e01-ab437e50f26e,45671
a44a2fb9-565b-468e-a23d-5956fdd2e744,464300eb-3855-4132-b377-6fe93a794fee,53139
a43c454e-eaae-4ccf-ba48-24cf178c0031,0532f619-2dfb-4ed2-8656-ce67a56128aa,5130
464300eb-3855-4132-b377-6fe93a794fee,1cf3a191-a526-4d97-a3d3-434d14f60ce3,136116
8a5a20aa-c7aa-4e06-b3af-7285634af283,29e9ab61-e061-4d94-8cd3-c99446d51c55,10434
cd4373fe-0091-4421-898d-1322bb7921e8,a44a2fb9-565b-468e-a23d-5956fdd2e744,210376
10949264-8492-44d9-ba5c-65c4b7838df4,67a1a352-63c6-43f9-9d71-ce28a20ae21c,207910
54835b8a-a27f-4145-a0f6-df40badc1d0e,8c6f7203-3c40-4766-9212-79d89260e8e9,125700
2c754a65-ff58-47e6-85c1-78eb1aca2225,464300eb-3855-4132-b377-6fe93a794fee,204596
1cf3a191-a526-4d97-a3d3-434d14f60ce3,cb0c31f6-0fd6-46de-af02-5d25005aa5bb,197177
7e557ea8-c91d-46eb-8ca1-0358f43dcabe,6e279e72-004f-470e-8bb4-0999c3fc6164,305916
9bb7ec36-dda1-4ff9-a738-6f7f2e9f7630,28be9ff8-6e8b-486b-bf5d-0d5f62c0c810,69858
e121b8a7-f238-42b9-8457-181650d599f1,0a672532-6002-4b7d-bee3-274a62a9fb5a,4842
48ad0f18-b76e-4483-9afc-cd7e59be5f3a,7e557ea8-c91d-46eb-8ca1-0358f43dcabe,125958
d3f7b752-a107-4df3-9795-14db35826c73,a90a0979-3d6a-4c77-b2ce-81ba1f5311a5,568390
dbc42853-f1be-402c-845f-6452bea1fcf0,3628d3b6-b07f-41cd-8c09-8c99afa414ba,287724
4d871fb3-f0e1-4dc9-8415-2546e8723250,48ad0f18-b76e-4483-9afc-cd7e59be5f3a,91013
07f047c6-eec0-4f71-98d8-0b06fac54ea9,7cc6cfa4-c1e9-494a-986b-bbf607bc5550,177612
7d7c80c6-da3d-482a-87d2-4323b489f08b,99d5f7aa-2bc3-4aab-be55-528b049579c6,21191
1db7abdf-2504-4e24-99b3-3dffe16ee8eb,245f557e-4c75-4015-b6b5-3a52111e716f,523350
85b8f4a0-8132-49e1-8991-32d3b09d6b71,cb0c31f6-0fd6-46de-af02-5d25005aa5bb,165799
f38f3d11-ca55-4e14-9b7a-3c41774011e1,28be9ff8-6e8b-486b-bf5d-0d5f62c0c810,233655
095d08c2-5199-4d31-a548-12b5955c61a1,cf8d0727-06ae-41b7-a2bf-c14ea6affcfa,309002
9bb7ec36-dda1-4ff9-a738-6f7f2e9f7630,28be9ff8-6e8b-486b-bf5d-0d5f62c0c810,128630
8536988f-ed41-448c-97ce-9555c75abfaa,e313b334-d8e0-4f9d-a841-02495ccfd0d4,170619
06e59082-1be0-4c86-87a5-ccf1f9fea164,394c6a7f-f4e5-40b8-bf5b-a953d624f184,254557
68dd02c1-3e68-4d4d-8773-fe9569808537,5f9a0ffa-c748-4fbb-95a5-8eab94c05210,136737
87d34d56-3bfc-4b8e-b3cf-5f8fc1df2732,b5dc2142-0bad-4987-be8e-d11f22d9ea51,233813
4b3124e8-5fe8-4c26-8e72-8f6ba2766978,180627e6-0c19-44ba-82b6-4ec97d3ad85d,545079
0532f619-2dfb-4ed2-8656-ce67a56128aa,464300eb-3855-4132-b377-6fe93a794fee,104281
e313b334-d8e0-4f9d-a841-02495ccfd0d4,21140c1d-976c-4879-8bdc-a2a06014a372,434160
8c6f7203-3c40-4766-9212-79d89260e8e9,25cf4233-39d3-47dc-bf10-51d2687e74de,234627
83ca04ab-5096-4031-b64a-163ca57dfb1b,9eddc067-b8c5-418d-8707-e41b27dafb46,283516
7e557ea8-c91d-46eb-8ca1-0358f43dcabe,d3f7b752-a107-4df3-9795-14db35826c73,106911
464300eb-3855-4132-b377-6fe93a794fee,98eab8e7-ae72-4457-9ea0-742b7ae8093d,170314
3fe4fa6b-719c-428e-ab19-ac1e5a83f0f1,cf8d0727-06ae-41b7-a2bf-c14ea6affcfa,86169
22a5a25e-618e-456a-b80a-9cbef2c43460,96e28973-b877-402f-b3ae-36ec55c8844e,49783
32fffa33-1cd7-46d6-8e2e-e98450886d01,99d5f7aa-2bc3-4aab-be55-528b049579c6,30603
85b8f4a0-8132-49e1-8991-32d3b09d6b71,759c268e-84f7-4975-a0d9-19b2cd8f0dde,255604
558c8707-3d8a-4375-8e7e-998395fb46e5,db21b201-6b2e-4e52-ad8d-d44123fc5c63,69605
119ea857-b60b-491c-8e01-ab437e50f26e,4b3124e8-5fe8-4c26-8e72-8f6ba2766978,98021
9eddc067-b8c5-418d-8707-e41b27dafb46,558c8707-3d8a-4375-8e7e-998395fb46e5,18817
96e28973-b877-402f-b3ae-36ec55c8844e,47cd9c20-4d9e-4b8a-813b-7cf5ccc918cd,297260
28be9ff8-6e8b-486b-bf5d-0d5f62c0c810,3628d3b6-b07f-41cd-8c09-8c99afa414ba,425927
f52dd1ff-6bbf-4473-8f2f-718db4a10f87,cd4373fe-0091-4421-898d-1322bb7921e8,169813
3628d3b6-b07f-41cd-8c09-8c99afa414ba,98eab8e7-ae72-4457-9ea0-742b7ae8093d,344307
b55783b5-489c-4878-a0aa-c81825d0ae80,e7338740-b7ee-469c-9c74-bee7dd5f18d2,33297
d59927c9-8f84-405f-b928-2ec21f8c6eb1,b31626b2-19f3-473f-8056-240a12f26768,58781
47cd9c20-4d9e-4b8a-813b-7cf5ccc918cd,ea73977d-dcbd-4fd4-81c2-5ac84fa64cac,60820
87fcf9bd-c496-499a-8ddd-b5f35af99931,2130aa47-2aba-4a23-b3ca-a4360325ae32,122508
7fba12e8-f336-4a99-a479-dbcb1fc058b8,6e279e72-004f-470e-8bb4-0999c3fc6164,449516
759c268e-84f7-4975-a0d9-19b2cd8f0dde,2130aa47-2aba-4a23-b3ca-a4360325ae32,187228
f38f3d11-ca55-4e14-9b7a-3c41774011e1,759c268e-84f7-4975-a0d9-19b2cd8f0dde,94376
b2063c94-d6ff-4b99-9b1a-191d9fc22602,cf8d0727-06ae-41b7-a2bf-c14ea6affcfa,327875
01961663-3143-4f5c-92e7-965eec12a0f9,27a6c30d-3dd4-430c-9b72-6a22b6bc28be,192491
7fba12e8-f336-4a99-a479-dbcb1fc058b8,06e59082-1be0-4c86-87a5-ccf1f9fea164,76386
0305e738-0366-4b59-9641-5036465d07cd,a8fe04d7-c6e9-4857-be39-37559d653f33,72834
db21b201-6b2e-4e52-ad8d-d44123fc5c63,cd0aac86-7ac4-4828-8feb-b4a36d4f517c,104222
095d08c2-5199-4d31-a548-12b5955c61a1,e7338740-b7ee-469c-9c74-bee7dd5f18d2,420082
f38f3d11-ca55-4e14-9b7a-3c41774011e1,9eddc067-b8c5-418d-8707-e41b27dafb46,165738
310f8c32-4e53-4985-bd1b-6da805a969db,7fba12e8-f336-4a99-a479-dbcb1fc058b8,97665
b54ac68a-3eca-435c-8902-200a1a1b09ff,f52dd1ff-6bbf-4473-8f2f-718db4a10f87,220175
10949264-8492-44d9-ba5c-65c4b7838df4,b154fd49-3672-4066-8fe1-a9993e912518,267159
3628d3b6-b07f-41cd-8c09-8c99afa414ba,a90a0979-3d6a-4c77-b2ce-81ba1f5311a5,215331
11e6699e-09c0-4e83-aa27-821896ae0c18,119ea857-b60b-491c-8e01-ab437e50f26e,20153
06e59082-1be0-4c86-87a5-ccf1f9fea164,385ddbb9-9e74-4532-b04a-de4e304cf8a7,389567
5065fc4a-0d76-4ae7-84f0-b17d57bc7ce8,119ea857-b60b-491c-8e01-ab437e50f26e,173062
3628d3b6-b07f-41cd-8c09-8c99afa414ba,fadaa8d2-d11e-48f4-b113-7ae97265e717,458159
dbc42853-f1be-402c-845f-6452bea1fcf0,3628d3b6-b07f-41cd-8c09-8c99afa414ba,420283
464300eb-3855-4132-b377-6fe93a794fee,400beeb3-50ab-4b56-8775-3b2b07aedbc3,172342
87d34d56-3bfc-4b8e-b3cf-5f8fc1df2732,f52dd1ff-6bbf-4473-8f2f-718db4a10f87,320296
7d7c80c6-da3d-482a-87d2-4323b489f08b,1cf3a191-a526-4d97-a3d3-434d14f60ce3,20924
99d5f7aa-2bc3-4aab-be55-528b049579c6,0305e738-0366-4b59-9641-5036465d07cd,525018
32fffa33-1cd7-46d6-8e2e-e98450886d01,85b8f4a0-8132-49e1-8991-32d3b09d6b71,54898
1a445f91-2ead-438a-9157-e2306187972a,06e59082-1be0-4c86-87a5-ccf1f9fea164,281634
4130354e-87e6-4255-9189-522263c3027f,83ca04ab-5096-4031-b64a-163ca57dfb1b,245906
d9dbc87f-1fec-4d78-bf2b-ec41887dfd44,9bb7ec36-dda1-4ff9-a738-6f7f2e9f7630,245937
f52dd1ff-6bbf-4473-8f2f-718db4a10f87,3628d3b6-b07f-41cd-8c09-8c99afa414ba,537156
a43c454e-eaae-4ccf-ba48-24cf178c0031,58207bba-605a-4b23-98aa-9ac09a28437f,2468
8a1eb4a2-9b78-44bf-bb1e-2556e0dab34c,07f047c6-eec0-4f71-98d8-0b06fac54ea9,249425
7fba12e8-f336-4a99-a479-dbcb1fc058b8,ea73977d-dcbd-4fd4-81c2-5ac84fa64cac,313866
99d5f7aa-2bc3-4aab-be55-528b049579c6,11e6699e-09c0-4e83-aa27-821896ae0c18,508174
4e6f9bb8-78a5-4e09-9673-cce1f5489a5b,07f047c6-eec0-4f71-98d8-0b06fac54ea9,114953
54835b8a-a27f-4145-a0f6-df40badc1d0e,2daeec3a-f864-4eba-bdf5-03ccf9feb992,133259
8536988f-ed41-448c-97ce-9555c75abfaa,310f8c32-4e53-4985-bd1b-6da805a969db,44386
27a6c30d-3dd4-430c-9b72-6a22b6bc28be,6c6bed17-97db-4220-bcd7-9c74bb5c30a0,342079
d3f7b752-a107-4df3-9795-14db35826c73,cf8d0727-06ae-41b7-a2bf-c14ea6affcfa,466887
96e28973-b877-402f-b3ae-36ec55c8844e,27a6c30d-3dd4-430c-9b72-6a22b6bc28be,108014
c9fc8fa1-ca0e-4b1e-904c-80e5d80b2e39,3535f85d-9583-4470-ac4c-9afdc1038270,140774
65d47575-b37f-4501-841e-142b28a09398,a730d385-0f71-42a3-8b8c-b4195bfa8f1f,39576
8a1eb4a2-9b78-44bf-bb1e-2556e0dab34c,b2063c94-d6ff-4b99-9b1a-191d9fc22602,334838
83ca04ab-5096-4031-b64a-163ca57dfb1b,b5c5b6ab-0337-4187-afc3-a1ec6230064f,280174
b31626b2-19f3-473f-8056-240a12f26768,1277cc00-3031-42e9-bb55-37ca86bbfb7c,251580
b391f9a6-4399-4069-9150-100fa9423b03,6e279e72-004f-470e-8bb4-0999c3fc6164,432269
10949264-8492-44d9-ba5c-65c4b7838df4,1a445f91-2ead-438a-9157-e2306187972a,280885
6c6bed17-97db-4220-bcd7-9c74bb5c30a0,21140c1d-976c-4879-8bdc-a2a06014a372,98720
5065fc4a-0d76-4ae7-84f0-b17d57bc7ce8,839cc007-0190-43a3-a229-b97fe0fdddd1,265512
b154fd49-3672-4066-8fe1-a9993e912518,a90a0979-3d6a-4c77-b2ce-81ba1f5311a5,48920
48ad0f18-b76e-4483-9afc-cd7e59be5f3a,2daeec3a-f864-4eba-bdf5-03ccf9feb992,284850
0e73205f-4f6a-4208-ad93-9e5206df13c7,98eab8e7-ae72-4457-9ea0-742b7ae8093d,538592
c9fc8fa1-ca0e-4b1e-904c-80e5d80b2e39,245f557e-4c75-4015-b6b5-3a52111e716f,180078
47cd9c20-4d9e-4b8a-813b-7cf5ccc918cd,48ad0f18-b76e-4483-9afc-cd7e59be5f3a,129911
7cc6cfa4-c1e9-494a-986b-bbf607bc5550,15ba1443-4cf1-4367-93b6-60fbb95a5b5e,303178
64afb508-3fdb-4f14-a721-040f46ad6d54,99d5f7aa-2bc3-4aab-be55-528b049579c6,525132
f52dd1ff-6bbf-4473-8f2f-718db4a10f87,385ddbb9-9e74-4532-b04a-de4e304cf8a7,450164
04d0fe46-e270-4bf0-b721-ee363d6a6e2f,119ea857-b60b-491c-8e01-ab437e50f26e,360395
87fcf9bd-c496-499a-8ddd-b5f35af99931,11e6699e-09c0-4e83-aa27-821896ae0c18,41574
06e59082-1be0-4c86-87a5-ccf1f9fea164,1a445f91-2ead-438a-9157-e2306187972a,429463
0532f619-2dfb-4ed2-8656-ce67a56128aa,e121b8a7-f238-42b9-8457-181650d599f1,199903
78560cc8-0cca-433a-8291-89c80601bf63,2daeec3a-f864-4eba-bdf5-03ccf9feb992,32694
c855958a-64c0-4592-b32a-d7a4c8b2b733,68dd02c1-3e68-4d4d-8773-fe9569808537,314590
28be9ff8-6e8b-486b-bf5d-0d5f62c0c810,b2063c94-d6ff-4b99-9b1a-191d9fc22602,459594
47cd9c20-4d9e-4b8a-813b-7cf5ccc918cd,7cc6cfa4-c1e9-494a-986b-bbf607bc5550,27833
85b8f4a0-8132-49e1-8991-32d3b09d6b71,48ad0f18-b76e-4483-9afc-cd7e59be5f3a,337495
385ddbb9-9e74-4532-b04a-de4e304cf8a7,1a445f91-2ead-438a-9157-e2306187972a,95307
b55783b5-489c-4878-a0aa-c81825d0ae80,b5dc2142-0bad-4987-be8e-d11f22d9ea51,136257
8536988f-ed41-448c-97ce-9555c75abfaa,06e59082-1be0-4c86-87a5-ccf1f9fea164,177126
9bb7ec36-dda1-4ff9-a738-6f7f2e9f7630,6603d019-cf11-4464-af83-d73a6114d7d9,103165
87d34d56-3bfc-4b8e-b3cf-5f8fc1df2732,b35a5f3e-d9e7-47bf-a5f8-e8abdc9166c0,357951
853a8faf-f277-4783-a080-1a32165bdc6e,68dd02c1-3e68-4d4d-8773-fe9569808537,156722
b391f9a6-4399-4069-9150-100fa9423b03,3fe4fa6b-719c-428e-ab19-ac1e5a83f0f1,337471
78560cc8-0cca-433a-8291-89c80601bf63,2993ded9-071e-45bc-9b13-accdf5d3ebec,66349
095d08c2-5199-4d31-a548-12b5955c61a1,f52dd1ff-6bbf-4473-8f2f-718db4a10f87,399596
96e28973-b877-402f-b3ae-36ec55c8844e,853a8faf-f277-4783-a080-1a32165bdc6e,502744
c9fc8fa1-ca0e-4b1e-904c-80e5d80b2e39,7d7c80c6-da3d-482a-87d2-4323b489f08b,113490
18036c84-0da6-4c1e-9b11-126a55b485c7,7d7c80c6-da3d-482a-87d2-4323b489f08b,327343
3fe4fa6b-719c-428e-ab19-ac1e5a83f0f1,a90a0979-3d6a-4c77-b2ce-81ba1f5311a5,100346
400beeb3-50ab-4b56-8775-3b2b07aedbc3,54835b8a-a27f-4145-a0f6-df40badc1d0e,110860
7cc6cfa4-c1e9-494a-986b-bbf607bc5550,5e62c6a4-2bb4-4e1c-8488-e10c7b1c3f63,122856
2daeec3a-f864-4eba-bdf5-03ccf9feb992,7fba12e8-f336-4a99-a479-dbcb1fc058b8,224895
15ba1443-4cf1-4367-93b6-60fbb95a5b5e,d3f7b752-a107-4df3-9795-14db35826c73,163057
07f047c6-eec0-4f71-98d8-0b06fac54ea9,0e73205f-4f6a-4208-ad93-9e5206df13c7,249058
e7338740-b7ee-469c-9c74-bee7dd5f18d2,0e73205f-4f6a-4208-ad93-9e5206df13c7,139552
853a8faf-f277-4783-a080-1a32165bdc6e,98eab8e7-ae72-4457-9ea0-742b7ae8093d,451680
54835b8a-a27f-4145-a0f6-df40badc1d0e,4b2c12b4-cdf9-4dc2-b23a-09610cc147eb,41025
a8a3a809-1348-41fe-b334-afa6e29e0493,9eddc067-b8c5-418d-8707-e41b27dafb46,478737
5e62c6a4-2bb4-4e1c-8488-e10c7b1c3f63,0a48b595-c065-4fc3-81fc-25305be2e919,96351
60daa3ab-6065-4f2b-830b-86b36bb4afe8,87fcf9bd-c496-499a-8ddd-b5f35af99931,348543
d7ea63f6-7280-453f-83c2-3f8ddc60ef79,85b8f4a0-8132-49e1-8991-32d3b09d6b71,170749
245f557e-4c75-4015-b6b5-3a52111e716f,f52dd1ff-6bbf-4473-8f2f-718db4a10f87,49728
e413f084-e90e-424a-b205-f3dd75142edc,7cc6cfa4-c1e9-494a-986b-bbf607bc5550,28409
28be9ff8-6e8b-486b-bf5d-0d5f62c0c810,2c9eb637-701c-47c0-86f9-52df6517d923,183987
b54ac68a-3eca-435c-8902-200a1a1b09ff,839cc007-0190-43a3-a229-b97fe0fdddd1,190402
21140c1d-976c-4879-8bdc-a2a06014a372,1277cc00-3031-42e9-bb55-37ca86bbfb7c,134336
e121b8a7-f238-42b9-8457-181650d599f1,25cf4233-39d3-47dc-bf10-51d2687e74de,20387
78fd87d1-526d-4b18-8de8-c4c281977037,400beeb3-50ab-4b56-8775-3b2b07aedbc3,9542
a44a2fb9-565b-468e-a23d-5956fdd2e744,7fba12e8-f336-4a99-a479-dbcb1fc058b8,58950
a44a2fb9-565b-468e-a23d-5956fdd2e744,1dc801b8-53d9-46a5-85fd-164140883dd0,75972
384df65c-8611-4041-99a2-9b5a19d87245,8536988f-ed41-448c-97ce-9555c75abfaa,40081
095d08c2-5199-4d31-a548-12b5955c61a1,cb0c31f6-0fd6-46de-af02-5d25005aa5bb,311475
22a5a25e-618e-456a-b80a-9cbef2c43460,b2063c94-d6ff-4b99-9b1a-191d9fc22602,18379
5065fc4a-0d76-4ae7-84f0-b17d57bc7ce8,a730d385-0f71-42a3-8b8c-b4195bfa8f1f,260518
e7338740-b7ee-469c-9c74-bee7dd5f18d2,48ad0f18-b76e-4483-9afc-cd7e59be5f3a,114090
83ca04ab-5096-4031-b64a-163ca57dfb1b,e313b334-d8e0-4f9d-a841-02495ccfd0d4,457256
c855958a-64c0-4592-b32a-d7a4c8b2b733,83ca04ab-5096-4031-b64a-163ca57dfb1b,94427
a43c454e-eaae-4ccf-ba48-24cf178c0031,095d08c2-5199-4d31-a548-12b5955c61a1,4612
78fd87d1-526d-4b18-8de8-c4c281977037,7d7c80c6-da3d-482a-87d2-4323b489f08b,10601
11e6699e-09c0-4e83-aa27-821896ae0c18,60daa3ab-6065-4f2b-830b-86b36bb4afe8,55939
28be9ff8-6e8b-486b-bf5d-0d5f62c0c810,25cf4233-39d3-47dc-bf10-51d2687e74de,116119
464300eb-3855-4132-b377-6fe93a794fee,d1f46208-0958-4793-bf89-39afc8da5c85,123592
85b8f4a0-8132-49e1-8991-32d3b09d6b71,f38f3d11-ca55-4e14-9b7a-3c41774011e1,284411
1db7abdf-2504-4e24-99b3-3dffe16ee8eb,245f557e-4c75-4015-b6b5-3a52111e716f,300433
cf8d0727-06ae-41b7-a2bf-c14ea6affcfa,67a1a352-63c6-43f9-9d71-ce28a20ae21c,65038
5e62c6a4-2bb4-4e1c-8488-e10c7b1c3f63,4130354e-87e6-4255-9189-522263c3027f,199433
96e28973-b877-402f-b3ae-36ec55c8844e,0a672532-6002-4b7d-bee3-274a62a9fb5a,210060
87d34d56-3bfc-4b8e-b3cf-5f8fc1df2732,310f8c32-4e53-4985-bd1b-6da805a969db,149495
ea73977d-dcbd-4fd4-81c2-5ac84fa64cac,dbc42853-f1be-402c-845f-6452bea1fcf0,56352
119ea857-b60b-491c-8e01-ab437e50f26e,27a6c30d-3dd4-430c-9b72-6a22b6bc28be,229735
5065fc4a-0d76-4ae7-84f0-b17d57bc7ce8,25b1246f-0e37-44e9-a053-8fa48c7f8e1e,232457
b391f9a6-4399-4069-9150-100fa9423b03,0e73205f-4f6a-4208-ad93-9e5206df13c7,145035
29e9ab61-e061-4d94-8cd3-c99446d51c55,27a6c30d-3dd4-430c-9b72-6a22b6bc28be,179306
c855958a-64c0-4592-b32a-d7a4c8b2b733,28be9ff8-6e8b-486b-bf5d-0d5f62c0c810,87559
11e6699e-09c0-4e83-aa27-821896ae0c18,7cc6cfa4-c1e9-494a-986b-bbf607bc5550,77556
f5a4a30f-bf41-44c8-b3b3-283ffe260a60,4d871fb3-f0e1-4dc9-8415-2546e8723250,232585
cf8d0727-06ae-41b7-a2bf-c14ea6affcfa,64afb508-3fdb-4f14-a721-040f46ad6d54,82021
27a6c30d-3dd4-430c-9b72-6a22b6bc28be,1db7abdf-2504-4e24-99b3-3dffe16ee8eb,167206
c9fc8fa1-ca0e-4b1e-904c-80e5d80b2e39,54835b8a-a27f-4145-a0f6-df40badc1d0e,256020
1277cc00-3031-42e9-bb55-37ca86bbfb7c,f38f3d11-ca55-4e14-9b7a-3c41774011e1,147935
5065fc4a-0d76-4ae7-84f0-b17d57bc7ce8,558c8707-3d8a-4375-8e7e-998395fb46e5,205051
e413f084-e90e-424a-b205-f3dd75142edc,1ab2769c-a290-4b2f-9e27-da26985f69d8,8557
4e6f9bb8-78a5-4e09-9673-cce1f5489a5b,558c8707-3d8a-4375-8e7e-998395fb46e5,191369
853a8faf-f277-4783-a080-1a32165bdc6e,64afb508-3fdb-4f14-a721-040f46ad6d54,409957
2993ded9-071e-45bc-9b13-accdf5d3ebec,cd0aac86-7ac4-4828-8feb-b4a36d4f517c,7566
0a48b595-c065-4fc3-81fc-25305be2e919,3fe4fa6b-719c-428e-ab19-ac1e5a83f0f1,340140
e121b8a7-f238-42b9-8457-181650d599f1,7e557ea8-c91d-46eb-8ca1-0358f43dcabe,11021
f38f3d11-ca55-4e14-9b7a-3c41774011e1,464300eb-3855-4132-b377-6fe93a794fee,393535
15ba1443-4cf1-4367-93b6-60fbb95a5b5e,b5dc2142-0bad-4987-be8e-d11f22d9ea51,134821
1dc801b8-53d9-46a5-85fd-164140883dd0,4e6f9bb8-78a5-4e09-9673-cce1f5489a5b,243701
4b3124e8-5fe8-4c26-8e72-8f6ba2766978,1cf3a191-a526-4d97-a3d3-434d14f60ce3,169650
15ba1443-4cf1-4367-93b6-60fbb95a5b5e,25cf4233-39d3-47dc-bf10-51d2687e74de,431983
8536988f-ed41-448c-97ce-9555c75abfaa,32fffa33-1cd7-46d6-8e2e-e98450886d01,213873
f38f3d11-ca55-4e14-9b7a-3c41774011e1,245f557e-4c75-4015-b6b5-3a52111e716f,152277
83ca04ab-5096-4031-b64a-163ca57dfb1b,385ddbb9-9e74-4532-b04a-de4e304cf8a7,87496
08610465-eb20-4cef-a770-ee3cd8e75508,245f557e-4c75-4015-b6b5-3a52111e716f,188601
22a5a25e-618e-456a-b80a-9cbef2c43460,7cc6cfa4-c1e9-494a-986b-bbf607bc5550,34611
78fd87d1-526d-4b18-8de8-c4c281977037,4d871fb3-f0e1-4dc9-8415-2546e8723250,14402
67a1a352-63c6-43f9-9d71-ce28a20ae21c,5f9a0ffa-c748-4fbb-95a5-8eab94c05210,31208
cd4373fe-0091-4421-898d-1322bb7921e8,c63bfa5b-d5bb-461c-b9eb-e8744301a90e,371349
0305e738-0366-4b59-9641-5036465d07cd,dbc42853-f1be-402c-845f-6452bea1fcf0,258194
2c9eb637-701c-47c0-86f9-52df6517d923,cd4373fe-0091-4421-898d-1322bb7921e8,76680
06e59082-1be0-4c86-87a5-ccf1f9fea164,b31626b2-19f3-473f-8056-240a12f26768,275934
12ff259b-fcec-4111-8a3e-92f1b34ef005,10949264-8492-44d9-ba5c-65c4b7838df4,258036
5e62c6a4-2bb4-4e1c-8488-e10c7b1c3f63,01961663-3143-4f5c-92e7-965eec12a0f9,141353
5f9a0ffa-c748-4fbb-95a5-8eab94c05210,64afb508-3fdb-4f14-a721-040f46ad6d54,238306
8536988f-ed41-448c-97ce-9555c75abfaa,25b1246f-0e37-44e9-a053-8fa48c7f8e1e,111419
a90a0979-3d6a-4c77-b2ce-81ba1f5311a5,7fba12e8-f336-4a99-a479-dbcb1fc058b8,105408
cce1aaa6-a333-477e-8c63-815bef486b25,d3f7b752-a107-4df3-9795-14db35826c73,161209
d7ea63f6-7280-453f-83c2-3f8ddc60ef79,6e279e72-004f-470e-8bb4-0999c3fc6164,274034
87d34d56-3bfc-4b8e-b3cf-5f8fc1df2732,45e57df9-772b-40ca-aafc-898162c69844,192370
96e28973-b877-402f-b3ae-36ec55c8844e,6603d019-cf11-4464-af83-d73a6114d7d9,186061
3628d3b6-b07f-41cd-8c09-8c99afa414ba,839cc007-0190-43a3-a229-b97fe0fdddd1,517114
54835b8a-a27f-4145-a0f6-df40badc1d0e,c9fc8fa1-ca0e-4b1e-904c-80e5d80b2e39,147460
e7338740-b7ee-469c-9c74-bee7dd5f18d2,0a672532-6002-4b7d-bee3-274a62a9fb5a,312375
095d08c2-5199-4d31-a548-12b5955c61a1,45e57df9-772b-40ca-aafc-898162c69844,318560
cd4373fe-0091-4421-898d-1322bb7921e8,e313b334-d8e0-4f9d-a841-02495ccfd0d4,433560
60daa3ab-6065-4f2b-830b-86b36bb4afe8,2c754a65-ff58-47e6-85c1-78eb1aca2225,256189
45e57df9-772b-40ca-aafc-898162c69844,310f8c32-4e53-4985-bd1b-6da805a969db,189325
a43c454e-eaae-4ccf-ba48-24cf178c0031,a8a3a809-1348-41fe-b334-afa6e29e0493,6655
06e59082-1be0-4c86-87a5-ccf1f9fea164,25cf4233-39d3-47dc-bf10-51d2687e74de,293645
01961663-3143-4f5c-92e7-965eec12a0f9,98eab8e7-ae72-4457-9ea0-742b7ae8093d,104590
ea73977d-dcbd-4fd4-81c2-5ac84fa64cac,25cf4233-39d3-47dc-bf10-51d2687e74de,127452
b54ac68a-3eca-435c-8902-200a1a1b09ff,a8a3a809-1348-41fe-b334-afa6e29e0493,302855
cce1aaa6-a333-477e-8c63-815bef486b25,c9fc8fa1-ca0e-4b1e-904c-80e5d80b2e39,130503
07f047c6-eec0-4f71-98d8-0b06fac54ea9,b54ac68a-3eca-435c-8902-200a1a1b09ff,181093
68dd02c1-3e68-4d4d-8773-fe9569808537,85b8f4a0-8132-49e1-8991-32d3b09d6b71,237567
e413f084-e90e-424a-b205-f3dd75142edc,01961663-3143-4f5c-92e7-965eec12a0f9,10173
d59927c9-8f84-405f-b928-2ec21f8c6eb1,78560cc8-0cca-433a-8291-89c80601bf63,35028
f5a4a30f-bf41-44c8-b3b3-283ffe260a60,85b8f4a0-8132-49e1-8991-32d3b09d6b71,410519
d59927c9-8f84-405f-b928-2ec21f8c6eb1,db21b201-6b2e-4e52-ad8d-d44123fc5c63,109163
65d47575-b37f-4501-841e-142b28a09398,d7ea63f6-7280-453f-83c2-3f8ddc60ef79,43962
32fffa33-1cd7-46d6-8e2e-e98450886d01,07f047c6-eec0-4f71-98d8-0b06fac54ea9,17500
06e59082-1be0-4c86-87a5-ccf1f9fea164,3628d3b6-b07f-41cd-8c09-8c99afa414ba,233474
db21b201-6b2e-4e52-ad8d-d44123fc5c63,6603d019-cf11-4464-af83-d73a6114d7d9,78419
b31626b2-19f3-473f-8056-240a12f26768,a8a3a809-1348-41fe-b334-afa6e29e0493,345324
4e6f9bb8-78a5-4e09-9673-cce1f5489a5b,98eab8e7-ae72-4457-9ea0-742b7ae8093d,96885
3628d3b6-b07f-41cd-8c09-8c99afa414ba,78fd87d1-526d-4b18-8de8-c4c281977037,294049
32fffa33-1cd7-46d6-8e2e-e98450886d01,5d4da318-295f-43fd-b303-bbd5fc786145,24295
68dd02c1-3e68-4d4d-8773-fe9569808537,b154fd49-3672-4066-8fe1-a9993e912518,398487
f52dd1ff-6bbf-4473-8f2f-718db4a10f87,400beeb3-50ab-4b56-8775-3b2b07aedbc3,350406
2daeec3a-f864-4eba-bdf5-03ccf9feb992,11e6699e-09c0-4e83-aa27-821896ae0c18,237887
d1f46208-0958-4793-bf89-39afc8da5c85,8a1eb4a2-9b78-44bf-bb1e-2556e0dab34c,230189
67a1a352-63c6-43f9-9d71-ce28a20ae21c,3fe4fa6b-719c-428e-ab19-ac1e5a83f0f1,41663
78560cc8-0cca-433a-8291-89c80601bf63,b5dc2142-0bad-4987-be8e-d11f22d9ea51,28258
4b3124e8-5fe8-4c26-8e72-8f6ba2766978,558c8707-3d8a-4375-8e7e-998395fb46e5,373768
83ca04ab-5096-4031-b64a-163ca57dfb1b,dbc42853-f1be-402c-845f-6452bea1fcf0,111943
2daeec3a-f864-4eba-bdf5-03ccf9feb992,85b8f4a0-8132-49e1-8991-32d3b09d6b71,95415
f38f3d11-ca55-4e14-9b7a-3c41774011e1,68dd02c1-3e68-4d4d-8773-fe9569808537,318530
9bb7ec36-dda1-4ff9-a738-6f7f2e9f7630,8c6f7203-3c40-4766-9212-79d89260e8e9,58664
a43c454e-eaae-4ccf-ba48-24cf178c0031,25b1246f-0e37-44e9-a053-8fa48c7f8e1e,5355
1db7abdf-2504-4e24-99b3-3dffe16ee8eb,558c8707-3d8a-4375-8e7e-998395fb46e5,335401
07f047c6-eec0-4f71-98d8-0b06fac54ea9,119ea857-b60b-491c-8e01-ab437e50f26e,382313
48ad0f18-b76e-4483-9afc-cd7e59be5f3a,a8a3a809-1348-41fe-b334-afa6e29e0493,318227
96e28973-b877-402f-b3ae-36ec55c8844e,7d7d78f3-acce-4f6a-9cea-2a3afcde3e8f,494091
78fd87d1-526d-4b18-8de8-c4c281977037,385ddbb9-9e74-4532-b04a-de4e304cf8a7,11947
25b1246f-0e37-44e9-a053-8fa48c7f8e1e,0532f619-2dfb-4ed2-8656-ce67a56128aa,100288
385ddbb9-9e74-4532-b04a-de4e304cf8a7,51d7b18f-7c8c-4230-a198-36ad0e73f79d,71304
67a1a352-63c6-43f9-9d71-ce28a20ae21c,e413f084-e90e-424a-b205-f3dd75142edc,52713
6e279e72-004f-470e-8bb4-0999c3fc6164,3b07c7ff-6fed-490a-a9e1-f5bafebc6f0b,92577
78699c1e-3234-4c39-a2d4-5e6e545dc68e,c855958a-64c0-4592-b32a-d7a4c8b2b733,128442
98eab8e7-ae72-4457-9ea0-742b7ae8093d,cd4373fe-0091-4421-898d-1322bb7921e8,73951
7d7c80c6-da3d-482a-87d2-4323b489f08b,99d5f7aa-2bc3-4aab-be55-528b049579c6,22138
e313b334-d8e0-4f9d-a841-02495ccfd0d4,d9dbc87f-1fec-4d78-bf2b-ec41887dfd44,267357
b55783b5-489c-4878-a0aa-c81825d0ae80,310f8c32-4e53-4985-bd1b-6da805a969db,105580
11e6699e-09c0-4e83-aa27-821896ae0c18,3fe4fa6b-719c-428e-ab19-ac1e5a83f0f1,27114
cce1aaa6-a333-477e-8c63-815bef486b25,0a672532-6002-4b7d-bee3-274a62a9fb5a,124177
384df65c-8611-4041-99a2-9b5a19d87245,9bb7ec36-dda1-4ff9-a738-6f7f2e9f7630,54797
7e557ea8-c91d-46eb-8ca1-0358f43dcabe,51d7b18f-7c8c-4230-a198-36ad0e73f79d,145106
b5c5b6ab-0337-4187-afc3-a1ec6230064f,98eab8e7-ae72-4457-9ea0-742b7ae8093d,144536
b154fd49-3672-4066-8fe1-a9993e912518,a9b5bf1c-cbe0-4d26-9be9-e219091870fb,50731
08610465-eb20-4cef-a770-ee3cd8e75508,78699c1e-3234-4c39-a2d4-5e6e545dc68e,46499
96e28973-b877-402f-b3ae-36ec55c8844e,e121b8a7-f238-42b9-8457-181650d599f1,336531
64afb508-3fdb-4f14-a721-040f46ad6d54,c9fc8fa1-ca0e-4b1e-904c-80e5d80b2e39,372019
11e6699e-09c0-4e83-aa27-821896ae0c18,9eddc067-b8c5-418d-8707-e41b27dafb46,66599
095d08c2-5199-4d31-a548-12b5955c61a1,0a672532-6002-4b7d-bee3-274a62a9fb5a,82174
cf8d0727-06ae-41b7-a2bf-c14ea6affcfa,a90a0979-3d6a-4c77-b2ce-81ba1f5311a5,87673
385ddbb9-9e74-4532-b04a-de4e304cf8a7,839cc007-0190-43a3-a229-b97fe0fdddd1,69488
7e557ea8-c91d-46eb-8ca1-0358f43dcabe,f38f3d11-ca55-4e14-9b7a-3c41774011e1,239450
c63bfa5b-d5bb-461c-b9eb-e8744301a90e,18036c84-0da6-4c1e-9b11-126a55b485c7,57818
48ad0f18-b76e-4483-9afc-cd7e59be5f3a,67a1a352-63c6-43f9-9d71-ce28a20ae21c,338161
f5a4a30f-bf41-44c8-b3b3-283ffe260a60,10949264-8492-44d9-ba5c-65c4b7838df4,379907
464300eb-3855-4132-b377-6fe93a794fee,2130aa47-2aba-4a23-b3ca-a4360325ae32,37382
759c268e-84f7-4975-a0d9-19b2cd8f0dde,1277cc00-3031-42e9-bb55-37ca86bbfb7c,102713
21140c1d-976c-4879-8bdc-a2a06014a372,d3f7b752-a107-4df3-9795-14db35826c73,80684
0a48b595-c065-4fc3-81fc-25305be2e919,9bb7ec36-dda1-4ff9-a738-6f7f2e9f7630,199899
e413f084-e90e-424a-b205-f3dd75142edc,25b1246f-0e37-44e9-a053-8fa48c7f8e1e,15075
180627e6-0c19-44ba-82b6-4ec97d3ad85d,a8a3a809-1348-41fe-b334-afa6e29e0493,97622
2993ded9-071e-45bc-9b13-accdf5d3ebec,8a1eb4a2-9b78-44bf-bb1e-2556e0dab34c,7145
ea73977d-dcbd-4fd4-81c2-5ac84fa64cac,65d47575-b37f-4501-841e-142b28a09398,42227
48ad0f18-b76e-4483-9afc-cd7e59be5f3a,98eab8e7-ae72-4457-9ea0-742b7ae8093d,272326
853a8faf-f277-4783-a080-1a32165bdc6e,e3dc7114-400f-4423-b05f-d6c737c28279,313180
c855958a-64c0-4592-b32a-d7a4c8b2b733,78560cc8-0cca-433a-8291-89c80601bf63,100428
385ddbb9-9e74-4532-b04a-de4e304cf8a7,c9fc8fa1-ca0e-4b1e-904c-80e5d80b2e39,69660
60daa3ab-6065-4f2b-830b-86b36bb4afe8,9bb7ec36-dda1-4ff9-a738-6f7f2e9f7630,407997
3535f85d-9583-4470-ac4c-9afdc1038270,a8fe04d7-c6e9-4857-be39-37559d653f33,43727
9303996d-4078-4c79-80db-6a3eaa36104a,0532f619-2dfb-4ed2-8656-ce67a56128aa,495158
11e6699e-09c0-4e83-aa27-821896ae0c18,9bb7ec36-dda1-4ff9-a738-6f7f2e9f7630,33932
cb0c31f6-0fd6-46de-af02-5d25005aa5bb,fadaa8d2-d11e-48f4-b113-7ae97265e717,354445
28be9ff8-6e8b-486b-bf5d-0d5f62c0c810,a90a0979-3d6a-4c77-b2ce-81ba1f5311a5,302254
5065fc4a-0d76-4ae7-84f0-b17d57bc7ce8,385ddbb9-9e74-4532-b04a-de4e304cf8a7,82628
78fd87d1-526d-4b18-8de8-c4c281977037,08610465-eb20-4cef-a770-ee3cd8e75508,12838
2c9eb637-701c-47c0-86f9-52df6517d923,4b2c12b4-cdf9-4dc2-b23a-09610cc147eb,225567
d9dbc87f-1fec-4d78-bf2b-ec41887dfd44,d1f46208-0958-4793-bf89-39afc8da5c85,121859
5f9a0ffa-c748-4fbb-95a5-8eab94c05210,180627e6-0c19-44ba-82b6-4ec97d3ad85d,153669
c63bfa5b-d5bb-461c-b9eb-e8744301a90e,4e6f9bb8-78a5-4e09-9673-cce1f5489a5b,43377
394c6a7f-f4e5-40b8-bf5b-a953d624f184,45e57df9-772b-40ca-aafc-898162c69844,235719
8a1eb4a2-9b78-44bf-bb1e-2556e0dab34c,b54ac68a-3eca-435c-8902-200a1a1b09ff,342082
2daeec3a-f864-4eba-bdf5-03ccf9feb992,12ff259b-fcec-4111-8a3e-92f1b34ef005,84701
7d7c80c6-da3d-482a-87d2-4323b489f08b,04d0fe46-e270-4bf0-b721-ee363d6a6e2f,32659
119ea857-b60b-491c-8e01-ab437e50f26e,d59927c9-8f84-405f-b928-2ec21f8c6eb1,306250
85b8f4a0-8132-49e1-8991-32d3b09d6b71,2993ded9-071e-45bc-9b13-accdf5d3ebec,233481
1277cc00-3031-42e9-bb55-37ca86bbfb7c,1ab2769c-a290-4b2f-9e27-da26985f69d8,59105
5065fc4a-0d76-4ae7-84f0-b17d57bc7ce8,14d26f53-dd5e-4cfa-aada-67c21bb5d939,162926
d3f7b752-a107-4df3-9795-14db35826c73,10949264-8492-44d9-ba5c-65c4b7838df4,288423
51d7b18f-7c8c-4230-a198-36ad0e73f79d,1dc801b8-53d9-46a5-85fd-164140883dd0,338831
c9fc8fa1-ca0e-4b1e-904c-80e5d80b2e39,2daeec3a-f864-4eba-bdf5-03ccf9feb992,204039
dbc42853-f1be-402c-845f-6452bea1fcf0,fadaa8d2-d11e-48f4-b113-7ae97265e717,507224
5f9a0ffa-c748-4fbb-95a5-8eab94c05210,cd4373fe-0091-4421-898d-1322bb7921e8,79238
60daa3ab-6065-4f2b-830b-86b36bb4afe8,e413f084-e90e-424a-b205-f3dd75142edc,265816
4b2c12b4-cdf9-4dc2-b23a-09610cc147eb,25b1246f-0e37-44e9-a053-8fa48c7f8e1e,416240
e7338740-b7ee-469c-9c74-bee7dd5f18d2,9303996d-4078-4c79-80db-6a3eaa36104a,191118
1db7abdf-2504-4e24-99b3-3dffe16ee8eb,cd4373fe-0091-4421-898d-1322bb7921e8,473190
cf8d0727-06ae-41b7-a2bf-c14ea6affcfa,87fcf9bd-c496-499a-8ddd-b5f35af99931,52213
78699c1e-3234-4c39-a2d4-5e6e545dc68e,c855958a-64c0-4592-b32a-d7a4c8b2b733,293860
11e6699e-09c0-4e83-aa27-821896ae0c18,b31626b2-19f3-473f-8056-240a12f26768,29648
48ad0f18-b76e-4483-9afc-cd7e59be5f3a,0532f619-2dfb-4ed2-8656-ce67a56128aa,166628
9eddc067-b8c5-418d-8707-e41b27dafb46,10949264-8492-44d9-ba5c-65c4b7838df4,19993
e121b8a7-f238-42b9-8457-181650d599f1,558c8707-3d8a-4375-8e7e-998395fb46e5,12486
6c6bed17-97db-4220-bcd7-9c74bb5c30a0,853a8faf-f277-4783-a080-1a32165bdc6e,161532
06e59082-1be0-4c86-87a5-ccf1f9fea164,4b2c12b4-cdf9-4dc2-b23a-09610cc147eb,249429
7e557ea8-c91d-46eb-8ca1-0358f43dcabe,f38f3d11-ca55-4e14-9b7a-3c41774011e1,218290
1ab2769c-a290-4b2f-9e27-da26985f69d8,2c9eb637-701c-47c0-86f9-52df6517d923,477172
2daeec3a-f864-4eba-bdf5-03ccf9feb992,06e59082-1be0-4c86-87a5-ccf1f9fea164,125989
119ea857-b60b-491c-8e01-ab437e50f26e,51d7b18f-7c8c-4230-a198-36ad0e73f79d,233187
8a5a20aa-c7aa-4e06-b3af-7285634af283,b5c5b6ab-0337-4187-afc3-a1ec6230064f,7559
2130aa47-2aba-4a23-b3ca-a4360325ae32,a8a3a809-1348-41fe-b334-afa6e29e0493,360821
1a445f91-2ead-438a-9157-e2306187972a,a43c454e-eaae-4ccf-ba48-24cf178c0031,533461
96e28973-b877-402f-b3ae-36ec55c8844e,b2063c94-d6ff-4b99-9b1a-191d9fc22602,507969
d1f46208-0958-4793-bf89-39afc8da5c85,ea73977d-dcbd-4fd4-81c2-5ac84fa64cac,102011
b54ac68a-3eca-435c-8902-200a1a1b09ff,7d7d78f3-acce-4f6a-9cea-2a3afcde3e8f,164560
394c6a7f-f4e5-40b8-bf5b-a953d624f184,51d7b18f-7c8c-4230-a198-36ad0e73f79d,65339
45e57df9-772b-40ca-aafc-898162c69844,759c268e-84f7-4975-a0d9-19b2cd8f0dde,101013
a43c454e-eaae-4ccf-ba48-24cf178c0031,68dd02c1-3e68-4d4d-8773-fe9569808537,5303
400beeb3-50ab-4b56-8775-3b2b07aedbc3,8536988f-ed41-448c-97ce-9555c75abfaa,152735
4d871fb3-f0e1-4dc9-8415-2546e8723250,45e57df9-772b-40ca-aafc-898162c69844,305224
c9fc8fa1-ca0e-4b1e-904c-80e5d80b2e39,87d34d56-3bfc-4b8e-b3cf-5f8fc1df2732,91254
4b2c12b4-cdf9-4dc2-b23a-09610cc147eb,853a8faf-f277-4783-a080-1a32165bdc6e,457853
d59927c9-8f84-405f-b928-2ec21f8c6eb1,d3f7b752-a107-4df3-9795-14db35826c73,25995
a730d385-0f71-42a3-8b8c-b4195bfa8f1f,18036c84-0da6-4c1e-9b11-126a55b485c7,97804
4b2c12b4-cdf9-4dc2-b23a-09610cc147eb,7e557ea8-c91d-46eb-8ca1-0358f43dcabe,191507
2c754a65-ff58-47e6-85c1-78eb1aca2225,cd0aac86-7ac4-4828-8feb-b4a36d4f517c,196760
558c8707-3d8a-4375-8e7e-998395fb46e5,29e9ab61-e061-4d94-8cd3-c99446d51c55,114654
e731b69c-eeaf-4cae-8db6-e0cb7a703579,18036c84-0da6-4c1e-9b11-126a55b485c7,42751
5065fc4a-0d76-4ae7-84f0-b17d57bc7ce8,2993ded9-071e-45bc-9b13-accdf5d3ebec,148367
1db7abdf-2504-4e24-99b3-3dffe16ee8eb,18036c84-0da6-4c1e-9b11-126a55b485c7,557800
32fffa33-1cd7-46d6-8e2e-e98450886d01,15ba1443-4cf1-4367-93b6-60fbb95a5b5e,20111
d1f46208-0958-4793-bf89-39afc8da5c85,b5c5b6ab-0337-4187-afc3-a1ec6230064f,87568
7cc6cfa4-c1e9-494a-986b-bbf607bc5550,180627e6-0c19-44ba-82b6-4ec97d3ad85d,201317
558c8707-3d8a-4375-8e7e-998395fb46e5,07f047c6-eec0-4f71-98d8-0b06fac54ea9,51504
8c6f7203-3c40-4766-9212-79d89260e8e9,b154fd49-3672-4066-8fe1-a9993e912518,173345
18036c84-0da6-4c1e-9b11-126a55b485c7,0a48b595-c065-4fc3-81fc-25305be2e919,131358
4b3124e8-5fe8-4c26-8e72-8f6ba2766978,0305e738-0366-4b59-9641-5036465d07cd,238726
558c8707-3d8a-4375-8e7e-998395fb46e5,b154fd49-3672-4066-8fe1-a9993e912518,33666
51d7b18f-7c8c-4230-a198-36ad0e73f79d,b54ac68a-3eca-435c-8902-200a1a1b09ff,550941
cce1aaa6-a333-477e-8c63-815bef486b25,394c6a7f-f4e5-40b8-bf5b-a953d624f184,75513
3fe4fa6b-719c-428e-ab19-ac1e5a83f0f1,f52dd1ff-6bbf-4473-8f2f-718db4a10f87,83569
cf8d0727-06ae-41b7-a2bf-c14ea6affcfa,1a445f91-2ead-438a-9157-e2306187972a,43979
f38f3d11-ca55-4e14-9b7a-3c41774011e1,85b8f4a0-8132-49e1-8991-32d3b09d6b71,203325
fadaa8d2-d11e-48f4-b113-7ae97265e717,4130354e-87e6-4255-9189-522263c3027f,22585
1dc801b8-53d9-46a5-85fd-164140883dd0,4b2c12b4-cdf9-4dc2-b23a-09610cc147eb,214547
b31626b2-19f3-473f-8056-240a12f26768,2130aa47-2aba-4a23-b3ca-a4360325ae32,321053
25b1246f-0e37-44e9-a053-8fa48c7f8e1e,0e73205f-4f6a-4208-ad93-9e5206df13c7,230719
a43c454e-eaae-4ccf-ba48-24cf178c0031,5f9a0ffa-c748-4fbb-95a5-8eab94c05210,2996
10949264-8492-44d9-ba5c-65c4b7838df4,cb0c31f6-0fd6-46de-af02-5d25005aa5bb,88802
5d4da318-295f-43fd-b303-bbd5fc786145,08610465-eb20-4cef-a770-ee3cd8e75508,229334
65d47575-b37f-4501-841e-142b28a09398,400beeb3-50ab-4b56-8775-3b2b07aedbc3,28986
12ff259b-fcec-4111-8a3e-92f1b34ef005,f52dd1ff-6bbf-4473-8f2f-718db4a10f87,306979
8a1eb4a2-9b78-44bf-bb1e-2556e0dab34c,8c6f7203-3c40-4766-9212-79d89260e8e9,320401
99d5f7aa-2bc3-4aab-be55-528b049579c6,3fe4fa6b-719c-428e-ab19-ac1e5a83f0f1,411765
5065fc4a-0d76-4ae7-84f0-b17d57bc7ce8,7d7d78f3-acce-4f6a-9cea-2a3afcde3e8f,66976
48ad0f18-b76e-4483-9afc-cd7e59be5f3a,27a6c30d-3dd4-430c-9b72-6a22b6bc28be,350900
db21b201-6b2e-4e52-ad8d-d44123fc5c63,384df65c-8611-4041-99a2-9b5a19d87245,135690
d7ea63f6-7280-453f-83c2-3f8ddc60ef79,c855958a-64c0-4592-b32a-d7a4c8b2b733,261108
cce1aaa6-a333-477e-8c63-815bef486b25,3fe4fa6b-719c-428e-ab19-ac1e5a83f0f1,173823
07f047c6-eec0-4f71-98d8-0b06fac54ea9,a43c454e-eaae-4ccf-ba48-24cf178c0031,238557
0a48b595-c065-4fc3-81fc-25305be2e919,d7ea63f6-7280-453f-83c2-3f8ddc60ef79,392332
9bb7ec36-dda1-4ff9-a738-6f7f2e9f7630,15ba1443-4cf1-4367-93b6-60fbb95a5b5e,230576
385ddbb9-9e74-4532-b04a-de4e304cf8a7,d3f7b752-a107-4df3-9795-14db35826c73,77738
78fd87d1-526d-4b18-8de8-c4c281977037,29e9ab61-e061-4d94-8cd3-c99446d51c55,31014
1dc801b8-53d9-46a5-85fd-164140883dd0,cb0c31f6-0fd6-46de-af02-5d25005aa5bb,262951
15ba1443-4cf1-4367-93b6-60fbb95a5b5e,310f8c32-4e53-4985-bd1b-6da805a969db,262486
d59927c9-8f84-405f-b928-2ec21f8c6eb1,f5a4a30f-bf41-44c8-b3b3-283ffe260a60,37567
c855958a-64c0-4592-b32a-d7a4c8b2b733,2c9eb637-701c-47c0-86f9-52df6517d923,248922
2c9eb637-701c-47c0-86f9-52df6517d923,7fba12e8-f336-4a99-a479-dbcb1fc058b8,52277
5065fc4a-0d76-4ae7-84f0-b17d57bc7ce8,3b07c7ff-6fed-490a-a9e1-f5bafebc6f0b,59336
7cc6cfa4-c1e9-494a-986b-bbf607bc5550,54d734a2-73fa-4c9d-8cf3-7a39eaef3b2d,170614
8a5a20aa-c7aa-4e06-b3af-7285634af283,87fcf9bd-c496-499a-8ddd-b5f35af99931,6253
87fcf9bd-c496-499a-8ddd-b5f35af99931,22a5a25e-618e-456a-b80a-9cbef2c43460,104827
45e57df9-772b-40ca-aafc-898162c69844,a44a2fb9-565b-468e-a23d-5956fdd2e744,173187
e731b69c-eeaf-4cae-8db6-e0cb7a703579,119ea857-b60b-491c-8e01-ab437e50f26e,27840
180627e6-0c19-44ba-82b6-4ec97d3ad85d,d1f46208-0958-4793-bf89-39afc8da5c85,67547
d7ea63f6-7280-453f-83c2-3f8ddc60ef79,8a5a20aa-c7aa-4e06-b3af-7285634af283,280505
0a672532-6002-4b7d-bee3-274a62a9fb5a,54d734a2-73fa-4c9d-8cf3-7a39eaef3b2d,242414
48ad0f18-b76e-4483-9afc-cd7e59be5f3a,10949264-8492-44d9-ba5c-65c4b7838df4,292001
60daa3ab-6065-4f2b-830b-86b36bb4afe8,e7338740-b7ee-469c-9c74-bee7dd5f18d2,365634
1ab2769c-a290-4b2f-9e27-da26985f69d8,64afb508-3fdb-4f14-a721-040f46ad6d54,338174
4130354e-87e6-4255-9189-522263c3027f,78699c1e-3234-4c39-a2d4-5e6e545dc68e,214117
15ba1443-4cf1-4367-93b6-60fbb95a5b5e,3628d3b6-b07f-41cd-8c09-8c99afa414ba,100015
6603d019-cf11-4464-af83-d73a6114d7d9,64afb508-3fdb-4f14-a721-040f46ad6d54,25179
78560cc8-0cca-433a-8291-89c80601bf63,07f047c6-eec0-4f71-98d8-0b06fac54ea9,20725
c855958a-64c0-4592-b32a-d7a4c8b2b733,b55783b5-489c-4878-a0aa-c81825d0ae80,306535
14d26f53-dd5e-4cfa-aada-67c21bb5d939,4e6f9bb8-78a5-4e09-9673-cce1f5489a5b,191270
310f8c32-4e53-4985-bd1b-6da805a969db,b2063c94-d6ff-4b99-9b1a-191d9fc22602,113470
b31626b2-19f3-473f-8056-240a12f26768,c855958a-64c0-4592-b32a-d7a4c8b2b733,361770
65d47575-b37f-4501-841e-142b28a09398,a90a0979-3d6a-4c77-b2ce-81ba1f5311a5,33404
54d734a2-73fa-4c9d-8cf3-7a39eaef3b2d,e121b8a7-f238-42b9-8457-181650d599f1,36307
5065fc4a-0d76-4ae7-84f0-b17d57bc7ce8,68dd02c1-3e68-4d4d-8773-fe9569808537,211265
3b07c7ff-6fed-490a-a9e1-f5bafebc6f0b,32fffa33-1cd7-46d6-8e2e-e98450886d01,317552
a9b5bf1c-cbe0-4d26-9be9-e219091870fb,ea73977d-dcbd-4fd4-81c2-5ac84fa64cac,82502
83ca04ab-5096-4031-b64a-163ca57dfb1b,b31626b2-19f3-473f-8056-240a12f26768,345944
4130354e-87e6-4255-9189-522263c3027f,21140c1d-976c-4879-8bdc-a2a06014a372,467731
e121b8a7-f238-42b9-8457-181650d599f1,54d734a2-73fa-4c9d-8cf3-7a39eaef3b2d,13945
1cf3a191-a526-4d97-a3d3-434d14f60ce3,27a6c30d-3dd4-430c-9b72-6a22b6bc28be,250325
c63bfa5b-d5bb-461c-b9eb-e8744301a90e,0e73205f-4f6a-4208-ad93-9e5206df13c7,113723
9eddc067-b8c5-418d-8707-e41b27dafb46,4130354e-87e6-4255-9189-522263c3027f,70365
1ab2769c-a290-4b2f-9e27-da26985f69d8,db21b201-6b2e-4e52-ad8d-d44123fc5c63,552784
1db7abdf-2504-4e24-99b3-3dffe16ee8eb,3fe4fa6b-719c-428e-ab19-ac1e5a83f0f1,503283
cf8d0727-06ae-41b7-a2bf-c14ea6affcfa,64afb508-3fdb-4f14-a721-040f46ad6d54,139834
5d4da318-295f-43fd-b303-bbd5fc786145,4e6f9bb8-78a5-4e09-9673-cce1f5489a5b,178089
8a5a20aa-c7aa-4e06-b3af-7285634af283,b5dc2142-0bad-4987-be8e-d11f22d9ea51,7333
b5dc2142-0bad-4987-be8e-d11f22d9ea51,fadaa8d2-d11e-48f4-b113-7ae97265e717,253160
10949264-8492-44d9-ba5c-65c4b7838df4,12ff259b-fcec-4111-8a3e-92f1b34ef005,170362
a730d385-0f71-42a3-8b8c-b4195bfa8f1f,310f8c32-4e53-4985-bd1b-6da805a969db,352330
a8a3a809-1348-41fe-b334-afa6e29e0493,2daeec3a-f864-4eba-bdf5-03ccf9feb992,159400
464300eb-3855-4132-b377-6fe93a794fee,fadaa8d2-d11e-48f4-b113-7ae97265e717,85816
7e557ea8-c91d-46eb-8ca1-0358f43dcabe,2c754a65-ff58-47e6-85c1-78eb1aca2225,124339
2130aa47-2aba-4a23-b3ca-a4360325ae32,9eddc067-b8c5-418d-8707-e41b27dafb46,275793
f5a4a30f-bf41-44c8-b3b3-283ffe260a60,54835b8a-a27f-4145-a0f6-df40badc1d0e,403363
b391f9a6-4399-4069-9150-100fa9423b03,180627e6-0c19-44ba-82b6-4ec97d3ad85d,312358
853a8faf-f277-4783-a080-1a32165bdc6e,3b07c7ff-6fed-490a-a9e1-f5bafebc6f0b,149758
c9fc8fa1-ca0e-4b1e-904c-80e5d80b2e39,7cc6cfa4-c1e9-494a-986b-bbf607bc5550,63554
6e279e72-004f-470e-8bb4-0999c3fc6164,cd0aac86-7ac4-4828-8feb-b4a36d4f517c,330545
7cc6cfa4-c1e9-494a-986b-bbf607bc5550,a43c454e-eaae-4ccf-ba48-24cf178c0031,401737
b154fd49-3672-4066-8fe1-a9993e912518,54d734a2-73fa-4c9d-8cf3-7a39eaef3b2d,29379
b54ac68a-3eca-435c-8902-200a1a1b09ff,839cc007-0190-43a3-a229-b97fe0fdddd1,334403
04d0fe46-e270-4bf0-b721-ee363d6a6e2f,759c268e-84f7-4975-a0d9-19b2cd8f0dde,205042
1dc801b8-53d9-46a5-85fd-164140883dd0,96e28973-b877-402f-b3ae-36ec55c8844e,512021
095d08c2-5199-4d31-a548-12b5955c61a1,2c9eb637-701c-47c0-86f9-52df6517d923,367457
9bb7ec36-dda1-4ff9-a738-6f7f2e9f7630,d7ea63f6-7280-453f-83c2-3f8ddc60ef79,254686
119ea857-b60b-491c-8e01-ab437e50f26e,6e279e72-004f-470e-8bb4-0999c3fc6164,339280
18036c84-0da6-4c1e-9b11-126a55b485c7,f52dd1ff-6bbf-4473-8f2f-718db4a10f87,152480
4130354e-87e6-4255-9189-522263c3027f,1a445f91-2ead-438a-9157-e2306187972a,488370
0305e738-0366-4b59-9641-5036465d07cd,cce1aaa6-a333-477e-8c63-815bef486b25,86523
1db7abdf-2504-4e24-99b3-3dffe16ee8eb,08610465-eb20-4cef-a770-ee3cd8e75508,492993
0305e738-0366-4b59-9641-5036465d07cd,e731b69c-eeaf-4cae-8db6-e0cb7a703579,187745
2130aa47-2aba-4a23-b3ca-a4360325ae32,e731b69c-eeaf-4cae-8db6-e0cb7a703579,159215
d1f46208-0958-4793-bf89-39afc8da5c85,b31626b2-19f3-473f-8056-240a12f26768,244763
87fcf9bd-c496-499a-8ddd-b5f35af99931,6e279e72-004f-470e-8bb4-0999c3fc6164,118732
1db7abdf-2504-4e24-99b3-3dffe16ee8eb,0a48b595-c065-4fc3-81fc-25305be2e919,516162
e121b8a7-f238-42b9-8457-181650d599f1,0305e738-0366-4b59-9641-5036465d07cd,7158
b154fd49-3672-4066-8fe1-a9993e912518,1db7abdf-2504-4e24-99b3-3dffe16ee8eb,44061
b5dc2142-0bad-4987-be8e-d11f22d9ea51,8a1eb4a2-9b78-44bf-bb1e-2556e0dab34c,406690
5065fc4a-0d76-4ae7-84f0-b17d57bc7ce8,4130354e-87e6-4255-9189-522263c3027f,216400
5065fc4a-0d76-4ae7-84f0-b17d57bc7ce8,78fd87d1-526d-4b18-8de8-c4c281977037,113562
b5c5b6ab-0337-4187-afc3-a1ec6230064f,c9fc8fa1-ca0e-4b1e-904c-80e5d80b2e39,167192
32fffa33-1cd7-46d6-8e2e-e98450886d01,8a1eb4a2-9b78-44bf-bb1e-2556e0dab34c,15662
07f047c6-eec0-4f71-98d8-0b06fac54ea9,0a48b595-c065-4fc3-81fc-25305be2e919,304242
385ddbb9-9e74-4532-b04a-de4e304cf8a7,558c8707-3d8a-4375-8e7e-998395fb46e5,134491
a44a2fb9-565b-468e-a23d-5956fdd2e744,8a1eb4a2-9b78-44bf-bb1e-2556e0dab34c,22674
7d7d78f3-acce-4f6a-9cea-2a3afcde3e8f,1dc801b8-53d9-46a5-85fd-164140883dd0,3683
7d7d78f3-acce-4f6a-9cea-2a3afcde3e8f,2c9eb637-701c-47c0-86f9-52df6517d923,2161
12ff259b-fcec-4111-8a3e-92f1b34ef005,cb0c31f6-0fd6-46de-af02-5d25005aa5bb,372846
32fffa33-1cd7-46d6-8e2e-e98450886d01,cb0c31f6-0fd6-46de-af02-5d25005aa5bb,38193
78699c1e-3234-4c39-a2d4-5e6e545dc68e,d9dbc87f-1fec-4d78-bf2b-ec41887dfd44,79727
9eddc067-b8c5-418d-8707-e41b27dafb46,7e557ea8-c91d-46eb-8ca1-0358f43dcabe,42211
5065fc4a-0d76-4ae7-84f0-b17d57bc7ce8,b2063c94-d6ff-4b99-9b1a-191d9fc22602,295741
245f557e-4c75-4015-b6b5-3a52111e716f,4d871fb3-f0e1-4dc9-8415-2546e8723250,102696
4b3124e8-5fe8-4c26-8e72-8f6ba2766978,558c8707-3d8a-4375-8e7e-998395fb46e5,119912
b2063c94-d6ff-4b99-9b1a-191d9fc22602,3b07c7ff-6fed-490a-a9e1-f5bafebc6f0b,181178
d59927c9-8f84-405f-b928-2ec21f8c6eb1,c855958a-64c0-4592-b32a-d7a4c8b2b733,104132
4d871fb3-f0e1-4dc9-8415-2546e8723250,27a6c30d-3dd4-430c-9b72-6a22b6bc28be,255937
11e6699e-09c0-4e83-aa27-821896ae0c18,3628d3b6-b07f-41cd-8c09-8c99afa414ba,28520
0a672532-6002-4b7d-bee3-274a62a9fb5a,a44a2fb9-565b-468e-a23d-5956fdd2e744,190597
d1f46208-0958-4793-bf89-39afc8da5c85,0305e738-0366-4b59-9641-5036465d07cd,105251
f5a4a30f-bf41-44c8-b3b3-283ffe260a60,e3dc7114-400f-4423-b05f-d6c737c28279,157350
18036c84-0da6-4c1e-9b11-126a55b485c7,a43c454e-eaae-4ccf-ba48-24cf178c0031,393795
83ca04ab-5096-4031-b64a-163ca57dfb1b,f38f3d11-ca55-4e14-9b7a-3c41774011e1,447804
0e73205f-4f6a-4208-ad93-9e5206df13c7,cce1aaa6-a333-477e-8c63-815bef486b25,524140
9303996d-4078-4c79-80db-6a3eaa36104a,400beeb3-50ab-4b56-8775-3b2b07aedbc3,479116
29e9ab61-e061-4d94-8cd3-c99446d51c55,0a672532-6002-4b7d-bee3-274a62a9fb5a,245533
1cf3a191-a526-4d97-a3d3-434d14f60ce3,1dc801b8-53d9-46a5-85fd-164140883dd0,109767
a8fe04d7-c6e9-4857-be39-37559d653f33,464300eb-3855-4132-b377-6fe93a794fee,54831
64afb508-3fdb-4f14-a721-040f46ad6d54,2daeec3a-f864-4eba-bdf5-03ccf9feb992,419976
6e279e72-004f-470e-8bb4-0999c3fc6164,e3dc7114-400f-4423-b05f-d6c737c28279,324474
4b2c12b4-cdf9-4dc2-b23a-09610cc147eb,5065fc4a-0d76-4ae7-84f0-b17d57bc7ce8,218913
51d7b18f-7c8c-4230-a198-36ad0e73f79d,78560cc8-0cca-433a-8291-89c80601bf63,551403
06e59082-1be0-4c86-87a5-ccf1f9fea164,67a1a352-63c6-43f9-9d71-ce28a20ae21c,150379
5065fc4a-0d76-4ae7-84f0-b17d57bc7ce8,cb0c31f6-0fd6-46de-af02-5d25005aa5bb,137308
464300eb-3855-4132-b377-6fe93a794fee,85b8f4a0-8132-49e1-8991-32d3b09d6b71,98490
01961663-3143-4f5c-92e7-965eec12a0f9,1db7abdf-2504-4e24-99b3-3dffe16ee8eb,271140
9eddc067-b8c5-418d-8707-e41b27dafb46,c855958a-64c0-4592-b32a-d7a4c8b2b733,41250
a8a3a809-1348-41fe-b334-afa6e29e0493,fadaa8d2-d11e-48f4-b113-7ae97265e717,358777
0305e738-0366-4b59-9641-5036465d07cd,b31626b2-19f3-473f-8056-240a12f26768,265107
96e28973-b877-402f-b3ae-36ec55c8844e,a43c454e-eaae-4ccf-ba48-24cf178c0031,203131
e313b334-d8e0-4f9d-a841-02495ccfd0d4,fadaa8d2-d11e-48f4-b113-7ae97265e717,515554
1cf3a191-a526-4d97-a3d3-434d14f60ce3,c63bfa5b-d5bb-461c-b9eb-e8744301a90e,345938
b5c5b6ab-0337-4187-afc3-a1ec6230064f,c9fc8fa1-ca0e-4b1e-904c-80e5d80b2e39,74376
3628d3b6-b07f-41cd-8c09-8c99afa414ba,85b8f4a0-8132-49e1-8991-32d3b09d6b71,216733
87fcf9bd-c496-499a-8ddd-b5f35af99931,54835b8a-a27f-4145-a0f6-df40badc1d0e,66870
1277cc00-3031-42e9-bb55-37ca86bbfb7c,4130354e-87e6-4255-9189-522263c3027f,309323
0305e738-0366-4b59-9641-5036465d07cd,f38f3d11-ca55-4e14-9b7a-3c41774011e1,329616
1277cc00-3031-42e9-bb55-37ca86bbfb7c,f5a4a30f-bf41-44c8-b3b3-283ffe260a60,303401
11e6699e-09c0-4e83-aa27-821896ae0c18,e7338740-b7ee-469c-9c74-bee7dd5f18d2,97523
68dd02c1-3e68-4d4d-8773-fe9569808537,fadaa8d2-d11e-48f4-b113-7ae97265e717,293464
b5c5b6ab-0337-4187-afc3-a1ec6230064f,f5a4a30f-bf41-44c8-b3b3-283ffe260a60,49711
7d7c80c6-da3d-482a-87d2-4323b489f08b,a44a2fb9-565b-468e-a23d-5956fdd2e744,34303
0a672532-6002-4b7d-bee3-274a62a9fb5a,15ba1443-4cf1-4367-93b6-60fbb95a5b5e,114231
a90a0979-3d6a-4c77-b2ce-81ba1f5311a5,095d08c2-5199-4d31-a548-12b5955c61a1,138614
4130354e-87e6-4255-9189-522263c3027f,83ca04ab-5096-4031-b64a-163ca57dfb1b,407412
b391f9a6-4399-4069-9150-100fa9423b03,7fba12e8-f336-4a99-a479-dbcb1fc058b8,118574
8a5a20aa-c7aa-4e06-b3af-7285634af283,3628d3b6-b07f-41cd-8c09-8c99afa414ba,2689
4b3124e8-5fe8-4c26-8e72-8f6ba2766978,3628d3b6-b07f-41cd-8c09-8c99afa414ba,329486
384df65c-8611-4041-99a2-9b5a19d87245,0a48b595-c065-4fc3-81fc-25305be2e919,43516
d7ea63f6-7280-453f-83c2-3f8ddc60ef79,87fcf9bd-c496-499a-8ddd-b5f35af99931,139458
8c6f7203-3c40-4766-9212-79d89260e8e9,394c6a7f-f4e5-40b8-bf5b-a953d624f184,230161
9303996d-4078-4c79-80db-6a3eaa36104a,a90a0979-3d6a-4c77-b2ce-81ba1f5311a5,270131
6e279e72-004f-470e-8bb4-0999c3fc6164,c9fc8fa1-ca0e-4b1e-904c-80e5d80b2e39,180149
18036c84-0da6-4c1e-9b11-126a55b485c7,cb0c31f6-0fd6-46de-af02-5d25005aa5bb,107017
cb0c31f6-0fd6-46de-af02-5d25005aa5bb,7fba12e8-f336-4a99-a479-dbcb1fc058b8,289880
25cf4233-39d3-47dc-bf10-51d2687e74de,b54ac68a-3eca-435c-8902-200a1a1b09ff,24907
21140c1d-976c-4879-8bdc-a2a06014a372,dbc42853-f1be-402c-845f-6452bea1fcf0,166063
4e6f9bb8-78a5-4e09-9673-cce1f5489a5b,07f047c6-eec0-4f71-98d8-0b06fac54ea9,39991
67a1a352-63c6-43f9-9d71-ce28a20ae21c,a8a3a809-1348-41fe-b334-afa6e29e0493,23841
2c754a65-ff58-47e6-85c1-78eb1aca2225,5065fc4a-0d76-4ae7-84f0-b17d57bc7ce8,227879
8536988f-ed41-448c-97ce-9555c75abfaa,4e6f9bb8-78a5-4e09-9673-cce1f5489a5b,180906
d3f7b752-a107-4df3-9795-14db35826c73,28be9ff8-6e8b-486b-bf5d-0d5f62c0c810,228265
7e557ea8-c91d-46eb-8ca1-0358f43dcabe,839cc007-0190-43a3-a229-b97fe0fdddd1,209493
27a6c30d-3dd4-430c-9b72-6a22b6bc28be,87d34d56-3bfc-4b8e-b3cf-5f8fc1df2732,167208
558c8707-3d8a-4375-8e7e-998395fb46e5,65d47575-b37f-4501-841e-142b28a09398,69894
e413f084-e90e-424a-b205-f3dd75142edc,558c8707-3d8a-4375-8e7e-998395fb46e5,9011
14d26f53-dd5e-4cfa-aada-67c21bb5d939,245f557e-4c75-4015-b6b5-3a52111e716f,137218
dbc42853-f1be-402c-845f-6452bea1fcf0,51d7b18f-7c8c-4230-a198-36ad0e73f79d,553885
2daeec3a-f864-4eba-bdf5-03ccf9feb992,b5dc2142-0bad-4987-be8e-d11f22d9ea51,125196
29e9ab61-e061-4d94-8cd3-c99446d51c55,a43c454e-eaae-4ccf-ba48-24cf178c0031,197113
759c268e-84f7-4975-a0d9-19b2cd8f0dde,64afb508-3fdb-4f14-a721-040f46ad6d54,354741
3fe4fa6b-719c-428e-ab19-ac1e5a83f0f1,a90a0979-3d6a-4c77-b2ce-81ba1f5311a5,129722
a90a0979-3d6a-4c77-b2ce-81ba1f5311a5,3628d3b6-b07f-41cd-8c09-8c99afa414ba,100356
65d47575-b37f-4501-841e-142b28a09398,78699c1e-3234-4c39-a2d4-5e6e545dc68e,141973
4d871fb3-f0e1-4dc9-8415-2546e8723250,a8fe04d7-c6e9-4857-be39-37559d653f33,251377
9303996d-4078-4c79-80db-6a3eaa36104a,08610465-eb20-4cef-a770-ee3cd8e75508,431703
64afb508-3fdb-4f14-a721-040f46ad6d54,6c6bed17-97db-4220-bcd7-9c74bb5c30a0,228490
b5dc2142-0bad-4987-be8e-d11f22d9ea51,b391f9a6-4399-4069-9150-100fa9423b03,486857
b5c5b6ab-0337-4187-afc3-a1ec6230064f,4d871fb3-f0e1-4dc9-8415-2546e8723250,123458
db21b201-6b2e-4e52-ad8d-d44123fc5c63,b54ac68a-3eca-435c-8902-200a1a1b09ff,134864
67a1a352-63c6-43f9-9d71-ce28a20ae21c,28be9ff8-6e8b-486b-bf5d-0d5f62c0c810,58505
9bb7ec36-dda1-4ff9-a738-6f7f2e9f7630,58207bba-605a-4b23-98aa-9ac09a28437f,189317
27a6c30d-3dd4-430c-9b72-6a22b6bc28be,67a1a352-63c6-43f9-9d71-ce28a20ae21c,288774
25b1246f-0e37-44e9-a053-8fa48c7f8e1e,48ad0f18-b76e-4483-9afc-cd7e59be5f3a,186584
2daeec3a-f864-4eba-bdf5-03ccf9feb992,0e73205f-4f6a-4208-ad93-9e5206df13c7,67741
1277cc00-3031-42e9-bb55-37ca86bbfb7c,85b8f4a0-8132-49e1-8991-32d3b09d6b71,124625
8536988f-ed41-448c-97ce-9555c75abfaa,b54ac68a-3eca-435c-8902-200a1a1b09ff,218364
1dc801b8-53d9-46a5-85fd-164140883dd0,5e62c6a4-2bb4-4e1c-8488-e10c7b1c3f63,544775
3b07c7ff-6fed-490a-a9e1-f5bafebc6f0b,759c268e-84f7-4975-a0d9-19b2cd8f0dde,448455
1db7abdf-2504-4e24-99b3-3dffe16ee8eb,11e6699e-09c0-4e83-aa27-821896ae0c18,187378
8536988f-ed41-448c-97ce-9555c75abfaa,ea73977d-dcbd-4fd4-81c2-5ac84fa64cac,223946
a9b5bf1c-cbe0-4d26-9be9-e219091870fb,2daeec3a-f864-4eba-bdf5-03ccf9feb992,260088
dbc42853-f1be-402c-845f-6452bea1fcf0,9303996d-4078-4c79-80db-6a3eaa36104a,348108
c855958a-64c0-4592-b32a-d7a4c8b2b733,87fcf9bd-c496-499a-8ddd-b5f35af99931,141848
385ddbb9-9e74-4532-b04a-de4e304cf8a7,1db7abdf-2504-4e24-99b3-3dffe16ee8eb,79061
1cf3a191-a526-4d97-a3d3-434d14f60ce3,d9dbc87f-1fec-4d78-bf2b-ec41887dfd44,394782
e731b69c-eeaf-4cae-8db6-e0cb7a703579,58207bba-605a-4b23-98aa-9ac09a28437f,39149
4e6f9bb8-78a5-4e09-9673-cce1f5489a5b,9303996d-4078-4c79-80db-6a3eaa36104a,65990
78560cc8-0cca-433a-8291-89c80601bf63,1cf3a191-a526-4d97-a3d3-434d14f60ce3,54423
853a8faf-f277-4783-a080-1a32165bdc6e,119ea857-b60b-491c-8e01-ab437e50f26e,197459
e413f084-e90e-424a-b205-f3dd75142edc,759c268e-84f7-4975-a0d9-19b2cd8f0dde,13888
b154fd49-3672-4066-8fe1-a9993e912518,d3f7b752-a107-4df3-9795-14db35826c73,16739
b35a5f3e-d9e7-47bf-a5f8-e8abdc9166c0,2daeec3a-f864-4eba-bdf5-03ccf9feb992,104904
c855958a-64c0-4592-b32a-d7a4c8b2b733,e731b69c-eeaf-4cae-8db6-e0cb7a703579,265075
12ff259b-fcec-4111-8a3e-92f1b34ef005,65d47575-b37f-4501-841e-142b28a09398,114178
4b3124e8-5fe8-4c26-8e72-8f6ba2766978,78fd87d1-526d-4b18-8de8-c4c281977037,342907
ea73977d-dcbd-4fd4-81c2-5ac84fa64cac,5d4da318-295f-43fd-b303-bbd5fc786145,96722
ea73977d-dcbd-4fd4-81c2-5ac84fa64cac,e313b334-d8e0-4f9d-a841-02495ccfd0d4,118511
14d26f53-dd5e-4cfa-aada-67c21bb5d939,b5c5b6ab-0337-4187-afc3-a1ec6230064f,105368
45e57df9-772b-40ca-aafc-898162c69844,8a5a20aa-c7aa-4e06-b3af-7285634af283,192042
99d5f7aa-2bc3-4aab-be55-528b049579c6,119ea857-b60b-491c-8e01-ab437e50f26e,375053
6603d019-cf11-4464-af83-d73a6114d7d9,f5a4a30f-bf41-44c8-b3b3-283ffe260a60,18336
10949264-8492-44d9-ba5c-65c4b7838df4,e313b334-d8e0-4f9d-a841-02495ccfd0d4,283349
6e279e72-004f-470e-8bb4-0999c3fc6164,12ff259b-fcec-4111-8a3e-92f1b34ef005,338896
180627e6-0c19-44ba-82b6-4ec97d3ad85d,78699c1e-3234-4c39-a2d4-5e6e545dc68e,166547
78699c1e-3234-4c39-a2d4-5e6e545dc68e,07f047c6-eec0-4f71-98d8-0b06fac54ea9,97809
18036c84-0da6-4c1e-9b11-126a55b485c7,b391f9a6-4399-4069-9150-100fa9423b03,403444
dbc42853-f1be-402c-845f-6452bea1fcf0,83ca04ab-5096-4031-b64a-163ca57dfb1b,503581
4d871fb3-f0e1-4dc9-8415-2546e8723250,28be9ff8-6e8b-486b-bf5d-0d5f62c0c810,188414
12ff259b-fcec-4111-8a3e-92f1b34ef005,2c9eb637-701c-47c0-86f9-52df6517d923,230507
5f9a0ffa-c748-4fbb-95a5-8eab94c05210,7e557ea8-c91d-46eb-8ca1-0358f43dcabe,211143
464300eb-3855-4132-b377-6fe93a794fee,0a48b595-c065-4fc3-81fc-25305be2e919,90017
11e6699e-09c0-4e83-aa27-821896ae0c18,51d7b18f-7c8c-4230-a198-36ad0e73f79d,62216
21140c1d-976c-4879-8bdc-a2a06014a372,3fe4fa6b-719c-428e-ab19-ac1e5a83f0f1,71969
b5dc2142-0bad-4987-be8e-d11f22d9ea51,45e57df9-772b-40ca-aafc-898162c69844,422533
21140c1d-976c-4879-8bdc-a2a06014a372,1ab2769c-a290-4b2f-9e27-da26985f69d8,107079
1a445f91-2ead-438a-9157-e2306187972a,e3dc7114-400f-4423-b05f-d6c737c28279,151851
e121b8a7-f238-42b9-8457-181650d599f1,464300eb-3855-4132-b377-6fe93a794fee,5314
759c268e-84f7-4975-a0d9-19b2cd8f0dde,b5c5b6ab-0337-4187-afc3-a1ec6230064f,125616
0a48b595-c065-4fc3-81fc-25305be2e919,25b1246f-0e37-44e9-a053-8fa48c7f8e1e,120466
78560cc8-0cca-433a-8291-89c80601bf63,1a445f91-2ead-438a-9157-e2306187972a,22199
54d734a2-73fa-4c9d-8cf3-7a39eaef3b2d,394c6a7f-f4e5-40b8-bf5b-a953d624f184,31988
22a5a25e-618e-456a-b80a-9cbef2c43460,180627e6-0c19-44ba-82b6-4ec97d3ad85d,46525
2c754a65-ff58-47e6-85c1-78eb1aca2225,384df65c-8611-4041-99a2-9b5a19d87245,259945
25cf4233-39d3-47dc-bf10-51d2687e74de,9303996d-4078-4c79-80db-6a3eaa36104a,51357
1dc801b8-53d9-46a5-85fd-164140883dd0,11e6699e-09c0-4e83-aa27-821896ae0c18,296038
7fba12e8-f336-4a99-a479-dbcb1fc058b8,a43c454e-eaae-4ccf-ba48-24cf178c0031,307090
78fd87d1-526d-4b18-8de8-c4c281977037,68dd02c1-3e68-4d4d-8773-fe9569808537,49988
85b8f4a0-8132-49e1-8991-32d3b09d6b71,1ab2769c-a290-4b2f-9e27-da26985f69d8,174734
e313b334-d8e0-4f9d-a841-02495ccfd0d4,c855958a-64c0-4592-b32a-d7a4c8b2b733,323259
759c268e-84f7-4975-a0d9-19b2cd8f0dde,83ca04ab-5096-4031-b64a-163ca57dfb1b,184703
54d734a2-73fa-4c9d-8cf3-7a39eaef3b2d,0a672532-6002-4b7d-bee3-274a62a9fb5a,60532
d1f46208-0958-4793-bf89-39afc8da5c85,2c9eb637-701c-47c0-86f9-52df6517d923,257515
15ba1443-4cf1-4367-93b6-60fbb95a5b5e,464300eb-3855-4132-b377-6fe93a794fee,405331
7d7c80c6-da3d-482a-87d2-4323b489f08b,f38f3d11-ca55-4e14-9b7a-3c41774011e1,12133
8a5a20aa-c7aa-4e06-b3af-7285634af283,394c6a7f-f4e5-40b8-bf5b-a953d624f184,9365
5d4da318-295f-43fd-b303-bbd5fc786145,78fd87d1-526d-4b18-8de8-c4c281977037,106812
11e6699e-09c0-4e83-aa27-821896ae0c18,a90a0979-3d6a-4c77-b2ce-81ba1f5311a5,24902
b55783b5-489c-4878-a0aa-c81825d0ae80,3628d3b6-b07f-41cd-8c09-8c99afa414ba,96845
32fffa33-1cd7-46d6-8e2e-e98450886d01,99d5f7aa-2bc3-4aab-be55-528b049579c6,32918
c63bfa5b-d5bb-461c-b9eb-e8744301a90e,b5c5b6ab-0337-4187-afc3-a1ec6230064f,60720
3b07c7ff-6fed-490a-a9e1-f5bafebc6f0b,1cf3a191-a526-4d97-a3d3-434d14f60ce3,324510
e413f084-e90e-424a-b205-f3dd75142edc,119ea857-b60b-491c-8e01-ab437e50f26e,13739
cb0c31f6-0fd6-46de-af02-5d25005aa5bb,32fffa33-1cd7-46d6-8e2e-e98450886d01,197068
c855958a-64c0-4592-b32a-d7a4c8b2b733,8a1eb4a2-9b78-44bf-bb1e-2556e0dab34c,280741
96e28973-b877-402f-b3ae-36ec55c8844e,1277cc00-3031-42e9-bb55-37ca86bbfb7c,381303
45e57df9-772b-40ca-aafc-898162c69844,d1f46208-0958-4793-bf89-39afc8da5c85,276415
22a5a25e-618e-456a-b80a-9cbef2c43460,759c268e-84f7-4975-a0d9-19b2cd8f0dde,12647
0532f619-2dfb-4ed2-8656-ce67a56128aa,51d7b18f-7c8c-4230-a198-36ad0e73f79d,116402
e731b69c-eeaf-4cae-8db6-e0cb7a703579,119ea857-b60b-491c-8e01-ab437e50f26e,68517
fadaa8d2-d11e-48f4-b113-7ae97265e717,b35a5f3e-d9e7-47bf-a5f8-e8abdc9166c0,43253
839cc007-0190-43a3-a229-b97fe0fdddd1,759c268e-84f7-4975-a0d9-19b2cd8f0dde,31740
1a445f91-2ead-438a-9157-e2306187972a,b54ac68a-3eca-435c-8902-200a1a1b09ff,258577
9eddc067-b8c5-418d-8707-e41b27dafb46,095d08c2-5199-4d31-a548-12b5955c61a1,59941
cd0aac86-7ac4-4828-8feb-b4a36d4f517c,01961663-3143-4f5c-92e7-965eec12a0f9,75124
58207bba-605a-4b23-98aa-9ac09a28437f,c9fc8fa1-ca0e-4b1e-904c-80e5d80b2e39,3348
384df65c-8611-4041-99a2-9b5a19d87245,96e28973-b877-402f-b3ae-36ec55c8844e,203001
b2063c94-d6ff-4b99-9b1a-191d9fc22602,3628d3b6-b07f-41cd-8c09-8c99afa414ba,136110
9bb7ec36-dda1-4ff9-a738-6f7f2e9f7630,fadaa8d2-d11e-48f4-b113-7ae97265e717,116674
e313b334-d8e0-4f9d-a841-02495ccfd0d4,c63bfa5b-d5bb-461c-b9eb-e8744301a90e,210570
58207bba-605a-4b23-98aa-9ac09a28437f,2c9eb637-701c-47c0-86f9-52df6517d923,7765
83ca04ab-5096-4031-b64a-163ca57dfb1b,2c9eb637-701c-47c0-86f9-52df6517d923,102241
cd0aac86-7ac4-4828-8feb-b4a36d4f517c,18036c84-0da6-4c1e-9b11-126a55b485c7,358344
96e28973-b877-402f-b3ae-36ec55c8844e,25cf4233-39d3-47dc-bf10-51d2687e74de,242598
e313b334-d8e0-4f9d-a841-02495ccfd0d4,5e62c6a4-2bb4-4e1c-8488-e10c7b1c3f63,328423
3fe4fa6b-719c-428e-ab19-ac1e5a83f0f1,ea73977d-dcbd-4fd4-81c2-5ac84fa64cac,77491
5d4da318-295f-43fd-b303-bbd5fc786145,b154fd49-3672-4066-8fe1-a9993e912518,159410
c9fc8fa1-ca0e-4b1e-904c-80e5d80b2e39,67a1a352-63c6-43f9-9d71-ce28a20ae21c,169557
a43c454e-eaae-4ccf-ba48-24cf178c0031,394c6a7f-f4e5-40b8-bf5b-a953d624f184,5847
853a8faf-f277-4783-a080-1a32165bdc6e,22a5a25e-618e-456a-b80a-9cbef2c43460,103667
47cd9c20-4d9e-4b8a-813b-7cf5ccc918cd,54d734a2-73fa-4c9d-8cf3-7a39eaef3b2d,121956
60daa3ab-6065-4f2b-830b-86b36bb4afe8,e3dc7114-400f-4423-b05f-d6c737c28279,238845
04d0fe46-e270-4bf0-b721-ee363d6a6e2f,48ad0f18-b76e-4483-9afc-cd7e59be5f3a,226052
87d34d56-3bfc-4b8e-b3cf-5f8fc1df2732,6c6bed17-97db-4220-bcd7-9c74bb5c30a0,124047
3fe4fa6b-719c-428e-ab19-ac1e5a83f0f1,22a5a25e-618e-456a-b80a-9cbef2c43460,44918
0532f619-2dfb-4ed2-8656-ce67a56128aa,15ba1443-4cf1-4367-93b6-60fbb95a5b5e,194381
c63bfa5b-d5bb-461c-b9eb-e8744301a90e,08610465-eb20-4cef-a770-ee3cd8e75508,105388
a9b5bf1c-cbe0-4d26-9be9-e219091870fb,464300eb-3855-4132-b377-6fe93a794fee,115074
b5dc2142-0bad-4987-be8e-d11f22d9ea51,1db7abdf-2504-4e24-99b3-3dffe16ee8eb,355180
45e57df9-772b-40ca-aafc-898162c69844,119ea857-b60b-491c-8e01-ab437e50f26e,259552
07f047c6-eec0-4f71-98d8-0b06fac54ea9,384df65c-8611-4041-99a2-9b5a19d87245,378857
06e59082-1be0-4c86-87a5-ccf1f9fea164,22a5a25e-618e-456a-b80a-9cbef2c43460,113923
558c8707-3d8a-4375-8e7e-998395fb46e5,32fffa33-1cd7-46d6-8e2e-e98450886d01,52126
65d47575-b37f-4501-841e-142b28a09398,0a672532-6002-4b7d-bee3-274a62a9fb5a,111241
7fba12e8-f336-4a99-a479-dbcb1fc058b8,5e62c6a4-2bb4-4e1c-8488-e10c7b1c3f63,221544
87d34d56-3bfc-4b8e-b3cf-5f8fc1df2732,119ea857-b60b-491c-8e01-ab437e50f26e,173707
e7338740-b7ee-469c-9c74-bee7dd5f18d2,d9dbc87f-1fec-4d78-bf2b-ec41887dfd44,87339
5065fc4a-0d76-4ae7-84f0-b17d57bc7ce8,0a672532-6002-4b7d-bee3-274a62a9fb5a,257915
b31626b2-19f3-473f-8056-240a12f26768,b54ac68a-3eca-435c-8902-200a1a1b09ff,555513
1db7abdf-2504-4e24-99b3-3dffe16ee8eb,7fba12e8-f336-4a99-a479-dbcb1fc058b8,552678
1a445f91-2ead-438a-9157-e2306187972a,99d5f7aa-2bc3-4aab-be55-528b049579c6,101018
83ca04ab-5096-4031-b64a-163ca57dfb1b,7d7c80c6-da3d-482a-87d2-4323b489f08b,209911
2993ded9-071e-45bc-9b13-accdf5d3ebec,2c9eb637-701c-47c0-86f9-52df6517d923,8441
180627e6-0c19-44ba-82b6-4ec97d3ad85d,cf8d0727-06ae-41b7-a2bf-c14ea6affcfa,133491
d3f7b752-a107-4df3-9795-14db35826c73,095d08c2-5199-4d31-a548-12b5955c61a1,170992
245f557e-4c75-4015-b6b5-3a52111e716f,e313b334-d8e0-4f9d-a841-02495ccfd0d4,82691
04d0fe46-e270-4bf0-b721-ee363d6a6e2f,12ff259b-fcec-4111-8a3e-92f1b34ef005,392604
385ddbb9-9e74-4532-b04a-de4e304cf8a7,e3dc7114-400f-4423-b05f-d6c737c28279,100690
d7ea63f6-7280-453f-83c2-3f8ddc60ef79,14d26f53-dd5e-4cfa-aada-67c21bb5d939,148830
04d0fe46-e270-4bf0-b721-ee363d6a6e2f,c63bfa5b-d5bb-461c-b9eb-e8744301a90e,280310
68dd02c1-3e68-4d4d-8773-fe9569808537,cb0c31f6-0fd6-46de-af02-5d25005aa5bb,107545
b2063c94-d6ff-4b99-9b1a-191d9fc22602,245f557e-4c75-4015-b6b5-3a52111e716f,206502
095d08c2-5199-4d31-a548-12b5955c61a1,b391f9a6-4399-4069-9150-100fa9423b03,94169
12ff259b-fcec-4111-8a3e-92f1b34ef005,d9dbc87f-1fec-4d78-bf2b-ec41887dfd44,148690
b31626b2-19f3-473f-8056-240a12f26768,10949264-8492-44d9-ba5c-65c4b7838df4,512406
b5dc2142-0bad-4987-be8e-d11f22d9ea51,cf8d0727-06ae-41b7-a2bf-c14ea6affcfa,439656
60daa3ab-6065-4f2b-830b-86b36bb4afe8,4e6f9bb8-78a5-4e09-9673-cce1f5489a5b,104195
2130aa47-2aba-4a23-b3ca-a4360325ae32,1dc801b8-53d9-46a5-85fd-164140883dd0,106929
98eab8e7-ae72-4457-9ea0-742b7ae8093d,07f047c6-eec0-4f71-98d8-0b06fac54ea9,65636
78560cc8-0cca-433a-8291-89c80601bf63,8a1eb4a2-9b78-44bf-bb1e-2556e0dab34c,15690
15ba1443-4cf1-4367-93b6-60fbb95a5b5e,29e9ab61-e061-4d94-8cd3-c99446d51c55,298699
87d34d56-3bfc-4b8e-b3cf-5f8fc1df2732,5d4da318-295f-43fd-b303-bbd5fc786145,218059
32fffa33-1cd7-46d6-8e2e-e98450886d01,58207bba-605a-4b23-98aa-9ac09a28437f,23872
b154fd49-3672-4066-8fe1-a9993e912518,5065fc4a-0d76-4ae7-84f0-b17d57bc7ce8,59659
b54ac68a-3eca-435c-8902-200a1a1b09ff,54d734a2-73fa-4c9d-8cf3-7a39eaef3b2d,359423
04d0fe46-e270-4bf0-b721-ee363d6a6e2f,a8a3a809-1348-41fe-b334-afa6e29e0493,288088
ea73977d-dcbd-4fd4-81c2-5ac84fa64cac,8a1eb4a2-9b78-44bf-bb1e-2556e0dab34c,71068
310f8c32-4e53-4985-bd1b-6da805a969db,cd0aac86-7ac4-4828-8feb-b4a36d4f517c,58869
d3f7b752-a107-4df3-9795-14db35826c73,b54ac68a-3eca-435c-8902-200a1a1b09ff,496630
b2063c94-d6ff-4b99-9b1a-191d9fc22602,e7338740-b7ee-469c-9c74-bee7dd5f18d2,355120
25cf4233-39d3-47dc-bf10-51d2687e74de,4e6f9bb8-78a5-4e09-9673-cce1f5489a5b,19025
4130354e-87e6-4255-9189-522263c3027f,68dd02c1-3e68-4d4d-8773-fe9569808537,457099
4e6f9bb8-78a5-4e09-9673-cce1f5489a5b,384df65c-8611-4041-99a2-9b5a19d87245,97596
8a1eb4a2-9b78-44bf-bb1e-2556e0dab34c,87fcf9bd-c496-499a-8ddd-b5f35af99931,267680
b54ac68a-3eca-435c-8902-200a1a1b09ff,85b8f4a0-8132-49e1-8991-32d3b09d6b71,93596
48ad0f18-b76e-4483-9afc-cd7e59be5f3a,558c8707-3d8a-4375-8e7e-998395fb46e5,114908
3535f85d-9583-4470-ac4c-9afdc1038270,68dd02c1-3e68-4d4d-8773-fe9569808537,115555
b5c5b6ab-0337-4187-afc3-a1ec6230064f,d1f46208-0958-4793-bf89-39afc8da5c85,65250
15ba1443-4cf1-4367-93b6-60fbb95a5b5e,e731b69c-eeaf-4cae-8db6-e0cb7a703579,531139
98eab8e7-ae72-4457-9ea0-742b7ae8093d,04d0fe46-e270-4bf0-b721-ee363d6a6e2f,69125
e413f084-e90e-424a-b205-f3dd75142edc,839cc007-0190-43a3-a229-b97fe0fdddd1,21465
464300eb-3855-4132-b377-6fe93a794fee,b391f9a6-4399-4069-9150-100fa9423b03,123531
245f557e-4c75-4015-b6b5-3a52111e716f,c855958a-64c0-4592-b32a-d7a4c8b2b733,211071
b55783b5-489c-4878-a0aa-c81825d0ae80,10949264-8492-44d9-ba5c-65c4b7838df4,125418
10949264-8492-44d9-ba5c-65c4b7838df4,0e73205f-4f6a-4208-ad93-9e5206df13c7,253720
96e28973-b877-402f-b3ae-36ec55c8844e,3b07c7ff-6fed-490a-a9e1-f5bafebc6f0b,120187
04d0fe46-e270-4bf0-b721-ee363d6a6e2f,3b07c7ff-6fed-490a-a9e1-f5bafebc6f0b,403418
1dc801b8-53d9-46a5-85fd-164140883dd0,1db7abdf-2504-4e24-99b3-3dffe16ee8eb,294111
1db7abdf-2504-4e24-99b3-3dffe16ee8eb,b55783b5-489c-4878-a0aa-c81825d0ae80,292441
7fba12e8-f336-4a99-a479-dbcb1fc058b8,9eddc067-b8c5-418d-8707-e41b27dafb46,232195
4b2c12b4-cdf9-4dc2-b23a-09610cc147eb,d3f7b752-a107-4df3-9795-14db35826c73,325865
464300eb-3855-4132-b377-6fe93a794fee,d59927c9-8f84-405f-b928-2ec21f8c6eb1,202318
f52dd1ff-6bbf-4473-8f2f-718db4a10f87,464300eb-3855-4132-b377-6fe93a794fee,141193
0532f619-2dfb-4ed2-8656-ce67a56128aa,e3dc7114-400f-4423-b05f-d6c737c28279,83853
83ca04ab-5096-4031-b64a-163ca57dfb1b,e413f084-e90e-424a-b205-f3dd75142edc,380437
06e59082-1be0-4c86-87a5-ccf1f9fea164,58207bba-605a-4b23-98aa-9ac09a28437f,266986
f38f3d11-ca55-4e14-9b7a-3c41774011e1,c855958a-64c0-4592-b32a-d7a4c8b2b733,294608
a90a0979-3d6a-4c77-b2ce-81ba1f5311a5,a8a3a809-1348-41fe-b334-afa6e29e0493,69293
e731b69c-eeaf-4cae-8db6-e0cb7a703579,095d08c2-5199-4d31-a548-12b5955c61a1,72856
d7ea63f6-7280-453f-83c2-3f8ddc60ef79,0e73205f-4f6a-4208-ad93-9e5206df13c7,294576
06e59082-1be0-4c86-87a5-ccf1f9fea164,fadaa8d2-d11e-48f4-b113-7ae97265e717,325535
2daeec3a-f864-4eba-bdf5-03ccf9feb992,e3dc7114-400f-4423-b05f-d6c737c28279,92790
8a5a20aa-c7aa-4e06-b3af-7285634af283,01961663-3143-4f5c-92e7-965eec12a0f9,10832
4d871fb3-f0e1-4dc9-8415-2546e8723250,d3f7b752-a107-4df3-9795-14db35826c73,268161
5f9a0ffa-c748-4fbb-95a5-8eab94c05210,384df65c-8611-4041-99a2-9b5a19d87245,140820
d9dbc87f-1fec-4d78-bf2b-ec41887dfd44,4b2c12b4-cdf9-4dc2-b23a-09610cc147eb,136073
64afb508-3fdb-4f14-a721-040f46ad6d54,3628d3b6-b07f-41cd-8c09-8c99afa414ba,329519
8a5a20aa-c7aa-4e06-b3af-7285634af283,54835b8a-a27f-4145-a0f6-df40badc1d0e,8143
4b2c12b4-cdf9-4dc2-b23a-09610cc147eb,58207bba-605a-4b23-98aa-9ac09a28437f,351007
67a1a352-63c6-43f9-9d71-ce28a20ae21c,db21b201-6b2e-4e52-ad8d-d44123fc5c63,44841
b5dc2142-0bad-4987-be8e-d11f22d9ea51,6c6bed17-97db-4220-bcd7-9c74bb5c30a0,177989
9bb7ec36-dda1-4ff9-a738-6f7f2e9f7630,464300eb-3855-4132-b377-6fe93a794fee,80014
b391f9a6-4399-4069-9150-100fa9423b03,a8a3a809-1348-41fe-b334-afa6e29e0493,285433
5f9a0ffa-c748-4fbb-95a5-8eab94c05210,3fe4fa6b-719c-428e-ab19-ac1e5a83f0f1,221659
7d7d78f3-acce-4f6a-9cea-2a3afcde3e8f,29e9ab61-e061-4d94-8cd3-c99446d51c55,8271
2daeec3a-f864-4eba-bdf5-03ccf9feb992,0532f619-2dfb-4ed2-8656-ce67a56128aa,196264
08610465-eb20-4cef-a770-ee3cd8e75508,0305e738-0366-4b59-9641-5036465d07cd,132575
01961663-3143-4f5c-92e7-965eec12a0f9,5e62c6a4-2bb4-4e1c-8488-e10c7b1c3f63,214423
c855958a-64c0-4592-b32a-d7a4c8b2b733,68dd02c1-3e68-4d4d-8773-fe9569808537,271811
394c6a7f-f4e5-40b8-bf5b-a953d624f184,9eddc067-b8c5-418d-8707-e41b27dafb46,199527
464300eb-3855-4132-b377-6fe93a794fee,87d34d56-3bfc-4b8e-b3cf-5f8fc1df2732,64486
c855958a-64c0-4592-b32a-d7a4c8b2b733,54835b8a-a27f-4145-a0f6-df40badc1d0e,172906
47cd9c20-4d9e-4b8a-813b-7cf5ccc918cd,01961663-3143-4f5c-92e7-965eec12a0f9,84922
85b8f4a0-8132-49e1-8991-32d3b09d6b71,7cc6cfa4-c1e9-494a-986b-bbf607bc5550,238316
d9dbc87f-1fec-4d78-bf2b-ec41887dfd44,2993ded9-071e-45bc-9b13-accdf5d3ebec,265760
12ff259b-fcec-4111-8a3e-92f1b34ef005,32fffa33-1cd7-46d6-8e2e-e98450886d01,78927
cf8d0727-06ae-41b7-a2bf-c14ea6affcfa,32fffa33-1cd7-46d6-8e2e-e98450886d01,28720
b31626b2-19f3-473f-8056-240a12f26768,4130354e-87e6-4255-9189-522263c3027f,217725
1a445f91-2ead-438a-9157-e2306187972a,65d47575-b37f-4501-841e-142b28a09398,283119
b31626b2-19f3-473f-8056-240a12f26768,5e62c6a4-2bb4-4e1c-8488-e10c7b1c3f63,521391
68dd02c1-3e68-4d4d-8773-fe9569808537,b35a5f3e-d9e7-47bf-a5f8-e8abdc9166c0,259522
e3dc7114-400f-4423-b05f-d6c737c28279,3b07c7ff-6fed-490a-a9e1-f5bafebc6f0b,410023
14d26f53-dd5e-4cfa-aada-67c21bb5d939,1ab2769c-a290-4b2f-9e27-da26985f69d8,134563
a44a2fb9-565b-468e-a23d-5956fdd2e744,58207bba-605a-4b23-98aa-9ac09a28437f,73250
58207bba-605a-4b23-98aa-9ac09a28437f,b5c5b6ab-0337-4187-afc3-a1ec6230064f,11660
9303996d-4078-4c79-80db-6a3eaa36104a,e121b8a7-f238-42b9-8457-181650d599f1,511150
8c6f7203-3c40-4766-9212-79d89260e8e9,60daa3ab-6065-4f2b-830b-86b36bb4afe8,376045
3535f85d-9583-4470-ac4c-9afdc1038270,8a1eb4a2-9b78-44bf-bb1e-2556e0dab34c,57743
1277cc00-3031-42e9-bb55-37ca86bbfb7c,119ea857-b60b-491c-8e01-ab437e50f26e,56884
c63bfa5b-d5bb-461c-b9eb-e8744301a90e,7e557ea8-c91d-46eb-8ca1-0358f43dcabe,87120
9eddc067-b8c5-418d-8707-e41b27dafb46,7e557ea8-c91d-46eb-8ca1-0358f43dcabe,48971
67a1a352-63c6-43f9-9d71-ce28a20ae21c,f52dd1ff-6bbf-4473-8f2f-718db4a10f87,61750
e731b69c-eeaf-4cae-8db6-e0cb7a703579,a8fe04d7-c6e9-4857-be39-37559d653f33,62715
310f8c32-4e53-4985-bd1b-6da805a969db,54835b8a-a27f-4145-a0f6-df40badc1d0e,82360
a90a0979-3d6a-4c77-b2ce-81ba1f5311a5,d1f46208-0958-4793-bf89-39afc8da5c85,89252
2c754a65-ff58-47e6-85c1-78eb1aca2225,48ad0f18-b76e-4483-9afc-cd7e59be5f3a,320724
759c268e-84f7-4975-a0d9-19b2cd8f0dde,1dc801b8-53d9-46a5-85fd-164140883dd0,333676
2993ded9-071e-45bc-9b13-accdf5d3ebec,68dd02c1-3e68-4d4d-8773-fe9569808537,6686
db21b201-6b2e-4e52-ad8d-d44123fc5c63,cb0c31f6-0fd6-46de-af02-5d25005aa5bb,43747
db21b201-6b2e-4e52-ad8d-d44123fc5c63,4130354e-87e6-4255-9189-522263c3027f,136699
8a1eb4a2-9b78-44bf-bb1e-2556e0dab34c,7d7d78f3-acce-4f6a-9cea-2a3afcde3e8f,230541
01961663-3143-4f5c-92e7-965eec12a0f9,27a6c30d-3dd4-430c-9b72-6a22b6bc28be,103221
29e9ab61-e061-4d94-8cd3-c99446d51c55,a44a2fb9-565b-468e-a23d-5956fdd2e744,328959
c63bfa5b-d5bb-461c-b9eb-e8744301a90e,ea73977d-dcbd-4fd4-81c2-5ac84fa64cac,125468
0e73205f-4f6a-4208-ad93-9e5206df13c7,0305e738-0366-4b59-9641-5036465d07cd,506768
64afb508-3fdb-4f14-a721-040f46ad6d54,10949264-8492-44d9-ba5c-65c4b7838df4,163347
9303996d-4078-4c79-80db-6a3eaa36104a,119ea857-b60b-491c-8e01-ab437e50f26e,446631
f52dd1ff-6bbf-4473-8f2f-718db4a10f87,4d871fb3-f0e1-4dc9-8415-2546e8723250,476189
dbc42853-f1be-402c-845f-6452bea1fcf0,12ff259b-fcec-4111-8a3e-92f1b34ef005,531036
180627e6-0c19-44ba-82b6-4ec97d3ad85d,8c6f7203-3c40-4766-9212-79d89260e8e9,213428
64afb508-3fdb-4f14-a721-040f46ad6d54,1a445f91-2ead-438a-9157-e2306187972a,454616
b31626b2-19f3-473f-8056-240a12f26768,58207bba-605a-4b23-98aa-9ac09a28437f,141296
01961663-3143-4f5c-92e7-965eec12a0f9,99d5f7aa-2bc3-4aab-be55-528b049579c6,158656
1277cc00-3031-42e9-bb55-37ca86bbfb7c,558c8707-3d8a-4375-8e7e-998395fb46e5,160465
f5a4a30f-bf41-44c8-b3b3-283ffe260a60,0e73205f-4f6a-4208-ad93-9e5206df13c7,167562
b55783b5-489c-4878-a0aa-c81825d0ae80,4130354e-87e6-4255-9189-522263c3027f,104774
4130354e-87e6-4255-9189-522263c3027f,759c268e-84f7-4975-a0d9-19b2cd8f0dde,282809
7e557ea8-c91d-46eb-8ca1-0358f43dcabe,58207bba-605a-4b23-98aa-9ac09a28437f,319301
dbc42853-f1be-402c-845f-6452bea1fcf0,a8fe04d7-c6e9-4857-be39-37559d653f33,157979
0a48b595-c065-4fc3-81fc-25305be2e919,853a8faf-f277-4783-a080-1a32165bdc6e,441904
8a5a20aa-c7aa-4e06-b3af-7285634af283,7fba12e8-f336-4a99-a479-dbcb1fc058b8,5328
3535f85d-9583-4470-ac4c-9afdc1038270,7d7c80c6-da3d-482a-87d2-4323b489f08b,174126
e731b69c-eeaf-4cae-8db6-e0cb7a703579,60daa3ab-6065-4f2b-830b-86b36bb4afe8,20116
51d7b18f-7c8c-4230-a198-36ad0e73f79d,a43c454e-eaae-4ccf-ba48-24cf178c0031,383448
29e9ab61-e061-4d94-8cd3-c99446d51c55,f52dd1ff-6bbf-4473-8f2f-718db4a10f87,279993
21140c1d-976c-4879-8bdc-a2a06014a372,245f557e-4c75-4015-b6b5-3a52111e716f,95310
10949264-8492-44d9-ba5c-65c4b7838df4,385ddbb9-9e74-4532-b04a-de4e304cf8a7,343413
11e6699e-09c0-4e83-aa27-821896ae0c18,10949264-8492-44d9-ba5c-65c4b7838df4,86677
4d871fb3-f0e1-4dc9-8415-2546e8723250,400beeb3-50ab-4b56-8775-3b2b07aedbc3,198926
c9fc8fa1-ca0e-4b1e-904c-80e5d80b2e39,b54ac68a-3eca-435c-8902-200a1a1b09ff,88706
180627e6-0c19-44ba-82b6-4ec97d3ad85d,21140c1d-976c-4879-8bdc-a2a06014a372,66593
01961663-3143-4f5c-92e7-965eec12a0f9,b391f9a6-4399-4069-9150-100fa9423b03,189197
558c8707-3d8a-4375-8e7e-998395fb46e5,1ab2769c-a290-4b2f-9e27-da26985f69d8,84138
4130354e-87e6-4255-9189-522263c3027f,6603d019-cf11-4464-af83-d73a6114d7d9,208874
21140c1d-976c-4879-8bdc-a2a06014a372,b54ac68a-3eca-435c-8902-200a1a1b09ff,101284
10949264-8492-44d9-ba5c-65c4b7838df4,87fcf9bd-c496-499a-8ddd-b5f35af99931,229830
07f047c6-eec0-4f71-98d8-0b06fac54ea9,2130aa47-2aba-4a23-b3ca-a4360325ae32,337157
cf8d0727-06ae-41b7-a2bf-c14ea6affcfa,2130aa47-2aba-4a23-b3ca-a4360325ae32,134252
f52dd1ff-6bbf-4473-8f2f-718db4a10f87,67a1a352-63c6-43f9-9d71-ce28a20ae21c,217364
1dc801b8-53d9-46a5-85fd-164140883dd0,01961663-3143-4f5c-92e7-965eec12a0f9,198971
14d26f53-dd5e-4cfa-aada-67c21bb5d939,839cc007-0190-43a3-a229-b97fe0fdddd1,180844
0532f619-2dfb-4ed2-8656-ce67a56128aa,85b8f4a0-8132-49e1-8991-32d3b09d6b71,171148
32fffa33-1cd7-46d6-8e2e-e98450886d01,b54ac68a-3eca-435c-8902-200a1a1b09ff,34389
2130aa47-2aba-4a23-b3ca-a4360325ae32,d9dbc87f-1fec-4d78-bf2b-ec41887dfd44,129777
7e557ea8-c91d-46eb-8ca1-0358f43dcabe,6603d019-cf11-4464-af83-d73a6114d7d9,173414
4b3124e8-5fe8-4c26-8e72-8f6ba2766978,1dc801b8-53d9-46a5-85fd-164140883dd0,258752
a8fe04d7-c6e9-4857-be39-37559d653f33,a44a2fb9-565b-468e-a23d-5956fdd2e744,35148
a43c454e-eaae-4ccf-ba48-24cf178c0031,c9fc8fa1-ca0e-4b1e-904c-80e5d80b2e39,5237
5f9a0ffa-c748-4fbb-95a5-8eab94c05210,6603d019-cf11-4464-af83-d73a6114d7d9,91282
29e9ab61-e061-4d94-8cd3-c99446d51c55,2daeec3a-f864-4eba-bdf5-03ccf9feb992,206413
4b2c12b4-cdf9-4dc2-b23a-09610cc147eb,15ba1443-4cf1-4367-93b6-60fbb95a5b5e,413237
4e6f9bb8-78a5-4e09-9673-cce1f5489a5b,839cc007-0190-43a3-a229-b97fe0fdddd1,96216
2c754a65-ff58-47e6-85c1-78eb1aca2225,14d26f53-dd5e-4cfa-aada-67c21bb5d939,317346
58207bba-605a-4b23-98aa-9ac09a28437f,60daa3ab-6065-4f2b-830b-86b36bb4afe8,8740
fadaa8d2-d11e-48f4-b113-7ae97265e717,db21b201-6b2e-4e52-ad8d-d44123fc5c63,63195
b31626b2-19f3-473f-8056-240a12f26768,21140c1d-976c-4879-8bdc-a2a06014a372,127060
6603d019-cf11-4464-af83-d73a6114d7d9,db21b201-6b2e-4e52-ad8d-d44123fc5c63,18521
b54ac68a-3eca-435c-8902-200a1a1b09ff,15ba1443-4cf1-4367-93b6-60fbb95a5b5e,191457
c63bfa5b-d5bb-461c-b9eb-e8744301a90e,b5dc2142-0bad-4987-be8e-d11f22d9ea51,126460
22a5a25e-618e-456a-b80a-9cbef2c43460,54d734a2-73fa-4c9d-8cf3-7a39eaef3b2d,25499
5e62c6a4-2bb4-4e1c-8488-e10c7b1c3f63,14d26f53-dd5e-4cfa-aada-67c21bb5d939,106017
4130354e-87e6-4255-9189-522263c3027f,07f047c6-eec0-4f71-98d8-0b06fac54ea9,444926
394c6a7f-f4e5-40b8-bf5b-a953d624f184,a43c454e-eaae-4ccf-ba48-24cf178c0031,71818
6e279e72-004f-470e-8bb4-0999c3fc6164,04d0fe46-e270-4bf0-b721-ee363d6a6e2f,207024
4b3124e8-5fe8-4c26-8e72-8f6ba2766978,6603d019-cf11-4464-af83-d73a6114d7d9,554202
68dd02c1-3e68-4d4d-8773-fe9569808537,0532f619-2dfb-4ed2-8656-ce67a56128aa,349704
64afb508-3fdb-4f14-a721-040f46ad6d54,6e279e72-004f-470e-8bb4-0999c3fc6164,258591
07f047c6-eec0-4f71-98d8-0b06fac54ea9,3b07c7ff-6fed-490a-a9e1-f5bafebc6f0b,311250
9eddc067-b8c5-418d-8707-e41b27dafb46,e3dc7114-400f-4423-b05f-d6c737c28279,49298
5f9a0ffa-c748-4fbb-95a5-8eab94c05210,4b3124e8-5fe8-4c26-8e72-8f6ba2766978,233713
98eab8e7-ae72-4457-9ea0-742b7ae8093d,b391f9a6-4399-4069-9150-100fa9423b03,39901
839cc007-0190-43a3-a229-b97fe0fdddd1,ea73977d-dcbd-4fd4-81c2-5ac84fa64cac,10325
a43c454e-eaae-4ccf-ba48-24cf178c0031,6603d019-cf11-4464-af83-d73a6114d7d9,6616
b35a5f3e-d9e7-47bf-a5f8-e8abdc9166c0,2130aa47-2aba-4a23-b3ca-a4360325ae32,79234
cd0aac86-7ac4-4828-8feb-b4a36d4f517c,21140c1d-976c-4879-8bdc-a2a06014a372,241433
d59927c9-8f84-405f-b928-2ec21f8c6eb1,0e73205f-4f6a-4208-ad93-9e5206df13c7,115252
1dc801b8-53d9-46a5-85fd-164140883dd0,9303996d-4078-4c79-80db-6a3eaa36104a,154465
e313b334-d8e0-4f9d-a841-02495ccfd0d4,b2063c94-d6ff-4b99-9b1a-191d9fc22602,494693
54835b8a-a27f-4145-a0f6-df40badc1d0e,1dc801b8-53d9-46a5-85fd-164140883dd0,108901
a8fe04d7-c6e9-4857-be39-37559d653f33,87d34d56-3bfc-4b8e-b3cf-5f8fc1df2732,48508
29e9ab61-e061-4d94-8cd3-c99446d51c55,a90a0979-3d6a-4c77-b2ce-81ba1f5311a5,244076
d7ea63f6-7280-453f-83c2-3f8ddc60ef79,a90a0979-3d6a-4c77-b2ce-81ba1f5311a5,196577
2daeec3a-f864-4eba-bdf5-03ccf9feb992,78fd87d1-526d-4b18-8de8-c4c281977037,249478
e313b334-d8e0-4f9d-a841-02495ccfd0d4,87d34d56-3bfc-4b8e-b3cf-5f8fc1df2732,494011
22a5a25e-618e-456a-b80a-9cbef2c43460,25cf4233-39d3-47dc-bf10-51d2687e74de,10770
06e59082-1be0-4c86-87a5-ccf1f9fea164,10949264-8492-44d9-ba5c-65c4b7838df4,218460
48ad0f18-b76e-4483-9afc-cd7e59be5f3a,f5a4a30f-bf41-44c8-b3b3-283ffe260a60,365789
1ab2769c-a290-4b2f-9e27-da26985f69d8,9bb7ec36-dda1-4ff9-a738-6f7f2e9f7630,116634
e3dc7114-400f-4423-b05f-d6c737c28279,12ff259b-fcec-4111-8a3e-92f1b34ef005,400410
759c268e-84f7-4975-a0d9-19b2cd8f0dde,60daa3ab-6065-4f2b-830b-86b36bb4afe8,288152
4b2c12b4-cdf9-4dc2-b23a-09610cc147eb,853a8faf-f277-4783-a080-1a32165bdc6e,472417
10949264-8492-44d9-ba5c-65c4b7838df4,3535f85d-9583-4470-ac4c-9afdc1038270,262375
dbc42853-f1be-402c-845f-6452bea1fcf0,d3f7b752-a107-4df3-9795-14db35826c73,525615
ea73977d-dcbd-4fd4-81c2-5ac84fa64cac,83ca04ab-5096-4031-b64a-163ca57dfb1b,47438
1277cc00-3031-42e9-bb55-37ca86bbfb7c,4130354e-87e6-4255-9189-522263c3027f,60008
384df65c-8611-4041-99a2-9b5a19d87245,7d7d78f3-acce-4f6a-9cea-2a3afcde3e8f,47849
f38f3d11-ca55-4e14-9b7a-3c41774011e1,25b1246f-0e37-44e9-a053-8fa48c7f8e1e,88202
394c6a7f-f4e5-40b8-bf5b-a953d624f184,25cf4233-39d3-47dc-bf10-51d2687e74de,90618
14d26f53-dd5e-4cfa-aada-67c21bb5d939,32fffa33-1cd7-46d6-8e2e-e98450886d01,76322
29e9ab61-e061-4d94-8cd3-c99446d51c55,a44a2fb9-565b-468e-a23d-5956fdd2e744,181869
8536988f-ed41-448c-97ce-9555c75abfaa,2130aa47-2aba-4a23-b3ca-a4360325ae32,170166
83ca04ab-5096-4031-b64a-163ca57dfb1b,67a1a352-63c6-43f9-9d71-ce28a20ae21c,224247
1a445f91-2ead-438a-9157-e2306187972a,558c8707-3d8a-4375-8e7e-998395fb46e5,414636
b55783b5-489c-4878-a0aa-c81825d0ae80,8a5a20aa-c7aa-4e06-b3af-7285634af283,118277
07f047c6-eec0-4f71-98d8-0b06fac54ea9,48ad0f18-b76e-4483-9afc-cd7e59be5f3a,393297
85b8f4a0-8132-49e1-8991-32d3b09d6b71,384df65c-8611-4041-99a2-9b5a19d87245,330767
9bb7ec36-dda1-4ff9-a738-6f7f2e9f7630,fadaa8d2-d11e-48f4-b113-7ae97265e717,147841
b35a5f3e-d9e7-47bf-a5f8-e8abdc9166c0,48ad0f18-b76e-4483-9afc-cd7e59be5f3a,90692
e313b334-d8e0-4f9d-a841-02495ccfd0d4,f38f3d11-ca55-4e14-9b7a-3c41774011e1,505110
25b1246f-0e37-44e9-a053-8fa48c7f8e1e,87d34d56-3bfc-4b8e-b3cf-5f8fc1df2732,186164
1ab2769c-a290-4b2f-9e27-da26985f69d8,1277cc00-3031-42e9-bb55-37ca86bbfb7c,250433
ea73977d-dcbd-4fd4-81c2-5ac84fa64cac,b391f9a6-4399-4069-9150-100fa9423b03,26306
87d34d56-3bfc-4b8e-b3cf-5f8fc1df2732,3628d3b6-b07f-41cd-8c09-8c99afa414ba,231864
c9fc8fa1-ca0e-4b1e-904c-80e5d80b2e39,7d7d78f3-acce-4f6a-9cea-2a3afcde3e8f,153388
c9fc8fa1-ca0e-4b1e-904c-80e5d80b2e39,27a6c30d-3dd4-430c-9b72-6a22b6bc28be,134534
6c6bed17-97db-4220-bcd7-9c74bb5c30a0,58207bba-605a-4b23-98aa-9ac09a28437f,107140
b5c5b6ab-0337-4187-afc3-a1ec6230064f,4130354e-87e6-4255-9189-522263c3027f,135105
f52dd1ff-6bbf-4473-8f2f-718db4a10f87,14d26f53-dd5e-4cfa-aada-67c21bb5d939,120422
9eddc067-b8c5-418d-8707-e41b27dafb46,1cf3a191-a526-4d97-a3d3-434d14f60ce3,55175
60daa3ab-6065-4f2b-830b-86b36bb4afe8,cce1aaa6-a333-477e-8c63-815bef486b25,89382
e7338740-b7ee-469c-9c74-bee7dd5f18d2,384df65c-8611-4041-99a2-9b5a19d87245,145785
180627e6-0c19-44ba-82b6-4ec97d3ad85d,54835b8a-a27f-4145-a0f6-df40badc1d0e,77408
08610465-eb20-4cef-a770-ee3cd8e75508,a43c454e-eaae-4ccf-ba48-24cf178c0031,151359
cce1aaa6-a333-477e-8c63-815bef486b25,2daeec3a-f864-4eba-bdf5-03ccf9feb992,112244
5e62c6a4-2bb4-4e1c-8488-e10c7b1c3f63,1277cc00-3031-42e9-bb55-37ca86bbfb7c,94847
4e6f9bb8-78a5-4e09-9673-cce1f5489a5b,2993ded9-071e-45bc-9b13-accdf5d3ebec,88095
8a5a20aa-c7aa-4e06-b3af-7285634af283,85b8f4a0-8132-49e1-8991-32d3b09d6b71,7043
0305e738-0366-4b59-9641-5036465d07cd,87fcf9bd-c496-499a-8ddd-b5f35af99931,152089
51d7b18f-7c8c-4230-a198-36ad0e73f79d,4b3124e8-5fe8-4c26-8e72-8f6ba2766978,123017
db21b201-6b2e-4e52-ad8d-d44123fc5c63,64afb508-3fdb-4f14-a721-040f46ad6d54,117705
9bb7ec36-dda1-4ff9-a738-6f7f2e9f7630,e7338740-b7ee-469c-9c74-bee7dd5f18d2,78314
180627e6-0c19-44ba-82b6-4ec97d3ad85d,7d7d78f3-acce-4f6a-9cea-2a3afcde3e8f,191844
0e73205f-4f6a-4208-ad93-9e5206df13c7,96e28973-b877-402f-b3ae-36ec55c8844e,255647
87d34d56-3bfc-4b8e-b3cf-5f8fc1df2732,385ddbb9-9e74-4532-b04a-de4e304cf8a7,346688
2c754a65-ff58-47e6-85c1-78eb1aca2225,a8a3a809-1348-41fe-b334-afa6e29e0493,326098
d59927c9-8f84-405f-b928-2ec21f8c6eb1,7d7c80c6-da3d-482a-87d2-4323b489f08b,52384
cf8d0727-06ae-41b7-a2bf-c14ea6affcfa,96e28973-b877-402f-b3ae-36ec55c8844e,90017
464300eb-3855-4132-b377-6fe93a794fee,385ddbb9-9e74-4532-b04a-de4e304cf8a7,124852
839cc007-0190-43a3-a229-b97fe0fdddd1,cd0aac86-7ac4-4828-8feb-b4a36d4f517c,25144
29e9ab61-e061-4d94-8cd3-c99446d51c55,06e59082-1be0-4c86-87a5-ccf1f9fea164,154322
b2063c94-d6ff-4b99-9b1a-191d9fc22602,245f557e-4c75-4015-b6b5-3a52111e716f,220401
78699c1e-3234-4c39-a2d4-5e6e545dc68e,06e59082-1be0-4c86-87a5-ccf1f9fea164,159197
400beeb3-50ab-4b56-8775-3b2b07aedbc3,e3dc7114-400f-4423-b05f-d6c737c28279,132424
1ab2769c-a290-4b2f-9e27-da26985f69d8,7d7c80c6-da3d-482a-87d2-4323b489f08b,377207
db21b201-6b2e-4e52-ad8d-d44123fc5c63,78699c1e-3234-4c39-a2d4-5e6e545dc68e,75608
9303996d-4078-4c79-80db-6a3eaa36104a,cd4373fe-0091-4421-898d-1322bb7921e8,373711
cf8d0727-06ae-41b7-a2bf-c14ea6affcfa,c63bfa5b-d5bb-461c-b9eb-e8744301a90e,103983
7cc6cfa4-c1e9-494a-986b-bbf607bc5550,87fcf9bd-c496-499a-8ddd-b5f35af99931,210356
b31626b2-19f3-473f-8056-240a12f26768,5d4da318-295f-43fd-b303-bbd5fc786145,491666
9303996d-4078-4c79-80db-6a3eaa36104a,ea73977d-dcbd-4fd4-81c2-5ac84fa64cac,530820
0e73205f-4f6a-4208-ad93-9e5206df13c7,1cf3a191-a526-4d97-a3d3-434d14f60ce3,532548
b5dc2142-0bad-4987-be8e-d11f22d9ea51,85b8f4a0-8132-49e1-8991-32d3b09d6b71,381869
7e557ea8-c91d-46eb-8ca1-0358f43dcabe,5e62c6a4-2bb4-4e1c-8488-e10c7b1c3f63,188884
245f557e-4c75-4015-b6b5-3a52111e716f,8536988f-ed41-448c-97ce-9555c75abfaa,198830
12ff259b-fcec-4111-8a3e-92f1b34ef005,04d0fe46-e270-4bf0-b721-ee363d6a6e2f,74138
10949264-8492-44d9-ba5c-65c4b7838df4,a9b5bf1c-cbe0-4d26-9be9-e219091870fb,258567
cce1aaa6-a333-477e-8c63-815bef486b25,3b07c7ff-6fed-490a-a9e1-f5bafebc6f0b,133256
98eab8e7-ae72-4457-9ea0-742b7ae8093d,8a5a20aa-c7aa-4e06-b3af-7285634af283,64875
d59927c9-8f84-405f-b928-2ec21f8c6eb1,c855958a-64c0-4592-b32a-d7a4c8b2b733,71250
b5c5b6ab-0337-4187-afc3-a1ec6230064f,58207bba-605a-4b23-98aa-9ac09a28437f,47523
54835b8a-a27f-4145-a0f6-df40badc1d0e,2c754a65-ff58-47e6-85c1-78eb1aca2225,147176
4e6f9bb8-78a5-4e09-9673-cce1f5489a5b,db21b201-6b2e-4e52-ad8d-d44123fc5c63,191222
4130354e-87e6-4255-9189-522263c3027f,87fcf9bd-c496-499a-8ddd-b5f35af99931,552925
11e6699e-09c0-4e83-aa27-821896ae0c18,2daeec3a-f864-4eba-bdf5-03ccf9feb992,96607
400beeb3-50ab-4b56-8775-3b2b07aedbc3,e121b8a7-f238-42b9-8457-181650d599f1,154565
c63bfa5b-d5bb-461c-b9eb-e8744301a90e,a44a2fb9-565b-468e-a23d-5956fdd2e744,91037
21140c1d-976c-4879-8bdc-a2a06014a372,7fba12e8-f336-4a99-a479-dbcb1fc058b8,60058
b35a5f3e-d9e7-47bf-a5f8-e8abdc9166c0,a730d385-0f71-42a3-8b8c-b4195bfa8f1f,60682
2daeec3a-f864-4eba-bdf5-03ccf9feb992,cd4373fe-0091-4421-898d-1322bb7921e8,173327
78fd87d1-526d-4b18-8de8-c4c281977037,095d08c2-5199-4d31-a548-12b5955c61a1,43034
04d0fe46-e270-4bf0-b721-ee363d6a6e2f,cd0aac86-7ac4-4828-8feb-b4a36d4f517c,150386
b2063c94-d6ff-4b99-9b1a-191d9fc22602,cce1aaa6-a333-477e-8c63-815bef486b25,255698
06e59082-1be0-4c86-87a5-ccf1f9fea164,c9fc8fa1-ca0e-4b1e-904c-80e5d80b2e39,346019
6e279e72-004f-470e-8bb4-0999c3fc6164,464300eb-3855-4132-b377-6fe93a794fee,300171
245f557e-4c75-4015-b6b5-3a52111e716f,f38f3d11-ca55-4e14-9b7a-3c41774011e1,108197
b5c5b6ab-0337-4187-afc3-a1ec6230064f,7fba12e8-f336-4a99-a479-dbcb1fc058b8,160095
28be9ff8-6e8b-486b-bf5d-0d5f62c0c810,095d08c2-5199-4d31-a548-12b5955c61a1,227321
1db7abdf-2504-4e24-99b3-3dffe16ee8eb,9eddc067-b8c5-418d-8707-e41b27dafb46,262202
2c9eb637-701c-47c0-86f9-52df6517d923,6c6bed17-97db-4220-bcd7-9c74bb5c30a0,39008
22a5a25e-618e-456a-b80a-9cbef2c43460,2c9eb637-701c-47c0-86f9-52df6517d923,11707
27a6c30d-3dd4-430c-9b72-6a22b6bc28be,8c6f7203-3c40-4766-9212-79d89260e8e9,282885
7e557ea8-c91d-46eb-8ca1-0358f43dcabe,5d4da318-295f-43fd-b303-bbd5fc786145,251081
99d5f7aa-2bc3-4aab-be55-528b049579c6,78fd87d1-526d-4b18-8de8-c4c281977037,140686
83ca04ab-5096-4031-b64a-163ca57dfb1b,06e59082-1be0-4c86-87a5-ccf1f9fea164,300842
3b07c7ff-6fed-490a-a9e1-f5bafebc6f0b,78560cc8-0cca-433a-8291-89c80601bf63,247000
48ad0f18-b76e-4483-9afc-cd7e59be5f3a,5f9a0ffa-c748-4fbb-95a5-8eab94c05210,284447
14d26f53-dd5e-4cfa-aada-67c21bb5d939,853a8faf-f277-4783-a080-1a32165bdc6e,183658
b35a5f3e-d9e7-47bf-a5f8-e8abdc9166c0,7fba12e8-f336-4a99-a479-dbcb1fc058b8,151892
fadaa8d2-d11e-48f4-b113-7ae97265e717,b5c5b6ab-0337-4187-afc3-a1ec6230064f,23927
78fd87d1-526d-4b18-8de8-c4c281977037,6603d019-cf11-4464-af83-d73a6114d7d9,17962
839cc007-0190-43a3-a229-b97fe0fdddd1,54d734a2-73fa-4c9d-8cf3-7a39eaef3b2d,14014
78fd87d1-526d-4b18-8de8-c4c281977037,a43c454e-eaae-4ccf-ba48-24cf178c0031,10686
3fe4fa6b-719c-428e-ab19-ac1e5a83f0f1,b55783b5-489c-4878-a0aa-c81825d0ae80,112238
464300eb-3855-4132-b377-6fe93a794fee,839cc007-0190-43a3-a229-b97fe0fdddd1,47861
8536988f-ed41-448c-97ce-9555c75abfaa,d59927c9-8f84-405f-b928-2ec21f8c6eb1,91899
67a1a352-63c6-43f9-9d71-ce28a20ae21c,3628d3b6-b07f-41cd-8c09-8c99afa414ba,43572
27a6c30d-3dd4-430c-9b72-6a22b6bc28be,5e62c6a4-2bb4-4e1c-8488-e10c7b1c3f63,297699
5d4da318-295f-43fd-b303-bbd5fc786145,87fcf9bd-c496-499a-8ddd-b5f35af99931,182621
c9fc8fa1-ca0e-4b1e-904c-80e5d80b2e39,4e6f9bb8-78a5-4e09-9673-cce1f5489a5b,63058
cf8d0727-06ae-41b7-a2bf-c14ea6affcfa,78560cc8-0cca-433a-8291-89c80601bf63,63044
7fba12e8-f336-4a99-a479-dbcb1fc058b8,8536988f-ed41-448c-97ce-9555c75abfaa,288415
dbc42853-f1be-402c-845f-6452bea1fcf0,a43c454e-eaae-4ccf-ba48-24cf178c0031,373850
cce1aaa6-a333-477e-8c63-815bef486b25,558c8707-3d8a-4375-8e7e-998395fb46e5,93112
47cd9c20-4d9e-4b8a-813b-7cf5ccc918cd,b2063c94-d6ff-4b99-9b1a-191d9fc22602,132069
1db7abdf-2504-4e24-99b3-3dffe16ee8eb,9bb7ec36-dda1-4ff9-a738-6f7f2e9f7630,461347
0a48b595-c065-4fc3-81fc-25305be2e919,b35a5f3e-d9e7-47bf-a5f8-e8abdc9166c0,225038
47cd9c20-4d9e-4b8a-813b-7cf5ccc918cd,68dd02c1-3e68-4d4d-8773-fe9569808537,30771
b154fd49-3672-4066-8fe1-a9993e912518,4d871fb3-f0e1-4dc9-8415-2546e8723250,68092
7fba12e8-f336-4a99-a479-dbcb1fc058b8,fadaa8d2-d11e-48f4-b113-7ae97265e717,197612
1a445f91-2ead-438a-9157-e2306187972a,47cd9c20-4d9e-4b8a-813b-7cf5ccc918cd,102659
384df65c-8611-4041-99a2-9b5a19d87245,759c268e-84f7-4975-a0d9-19b2cd8f0dde,195302
78fd87d1-526d-4b18-8de8-c4c281977037,400beeb3-50ab-4b56-8775-3b2b07aedbc3,16277
db21b201-6b2e-4e52-ad8d-d44123fc5c63,d7ea63f6-7280-453f-83c2-3f8ddc60ef79,104433
8a1eb4a2-9b78-44bf-bb1e-2556e0dab34c,25b1246f-0e37-44e9-a053-8fa48c7f8e1e,65124
b35a5f3e-d9e7-47bf-a5f8-e8abdc9166c0,b54ac68a-3eca-435c-8902-200a1a1b09ff,94816
99d5f7aa-2bc3-4aab-be55-528b049579c6,e313b334-d8e0-4f9d-a841-02495ccfd0d4,284665
e121b8a7-f238-42b9-8457-181650d599f1,14d26f53-dd5e-4cfa-aada-67c21bb5d939,9573
4b3124e8-5fe8-4c26-8e72-8f6ba2766978,095d08c2-5199-4d31-a548-12b5955c61a1,562143
7cc6cfa4-c1e9-494a-986b-bbf607bc5550,04d0fe46-e270-4bf0-b721-ee363d6a6e2f,370833
51d7b18f-7c8c-4230-a198-36ad0e73f79d,28be9ff8-6e8b-486b-bf5d-0d5f62c0c810,175389
25b1246f-0e37-44e9-a053-8fa48c7f8e1e,2c9eb637-701c-47c0-86f9-52df6517d923,189836
6603d019-cf11-4464-af83-d73a6114d7d9,4e6f9bb8-78a5-4e09-9673-cce1f5489a5b,18167
3628d3b6-b07f-41cd-8c09-8c99afa414ba,f5a4a30f-bf41-44c8-b3b3-283ffe260a60,553373
180627e6-0c19-44ba-82b6-4ec97d3ad85d,11e6699e-09c0-4e83-aa27-821896ae0c18,178861
78699c1e-3234-4c39-a2d4-5e6e545dc68e,a9b5bf1c-cbe0-4d26-9be9-e219091870fb,218886
47cd9c20-4d9e-4b8a-813b-7cf5ccc918cd,51d7b18f-7c8c-4230-a198-36ad0e73f79d,27344
68dd02c1-3e68-4d4d-8773-fe9569808537,c63bfa5b-d5bb-461c-b9eb-e8744301a90e,461688
5d4da318-295f-43fd-b303-bbd5fc786145,d7ea63f6-7280-453f-83c2-3f8ddc60ef79,227440
2c9eb637-701c-47c0-86f9-52df6517d923,54d734a2-73fa-4c9d-8cf3-7a39eaef3b2d,205308
e121b8a7-f238-42b9-8457-181650d599f1,87fcf9bd-c496-499a-8ddd-b5f35af99931,16239
a44a2fb9-565b-468e-a23d-5956fdd2e744,15ba1443-4cf1-4367-93b6-60fbb95a5b5e,21086
18036c84-0da6-4c1e-9b11-126a55b485c7,d1f46208-0958-4793-bf89-39afc8da5c85,227923
06e59082-1be0-4c86-87a5-ccf1f9fea164,384df65c-8611-4041-99a2-9b5a19d87245,107144
45e57df9-772b-40ca-aafc-898162c69844,b5dc2142-0bad-4987-be8e-d11f22d9ea51,271016
5d4da318-295f-43fd-b303-bbd5fc786145,464300eb-3855-4132-b377-6fe93a794fee,181535
119ea857-b60b-491c-8e01-ab437e50f26e,8536988f-ed41-448c-97ce-9555c75abfaa,212805
b54ac68a-3eca-435c-8902-200a1a1b09ff,25cf4233-39d3-47dc-bf10-51d2687e74de,227391
d3f7b752-a107-4df3-9795-14db35826c73,f52dd1ff-6bbf-4473-8f2f-718db4a10f87,97583
0305e738-0366-4b59-9641-5036465d07cd,b391f9a6-4399-4069-9150-100fa9423b03,136829
fadaa8d2-d11e-48f4-b113-7ae97265e717,f52dd1ff-6bbf-4473-8f2f-718db4a10f87,26116
4d871fb3-f0e1-4dc9-8415-2546e8723250,78560cc8-0cca-433a-8291-89c80601bf63,304029
87fcf9bd-c496-499a-8ddd-b5f35af99931,1cf3a191-a526-4d97-a3d3-434d14f60ce3,38494
180627e6-0c19-44ba-82b6-4ec97d3ad85d,dbc42853-f1be-402c-845f-6452bea1fcf0,59730
119ea857-b60b-491c-8e01-ab437e50f26e,54d734a2-73fa-4c9d-8cf3-7a39eaef3b2d,265612
7fba12e8-f336-4a99-a479-dbcb1fc058b8,385ddbb9-9e74-4532-b04a-de4e304cf8a7,182878
839cc007-0190-43a3-a229-b97fe0fdddd1,9303996d-4078-4c79-80db-6a3eaa36104a,40996
78699c1e-3234-4c39-a2d4-5e6e545dc68e,64afb508-3fdb-4f14-a721-040f46ad6d54,250282
a730d385-0f71-42a3-8b8c-b4195bfa8f1f,98eab8e7-ae72-4457-9ea0-742b7ae8093d,479590
c63bfa5b-d5bb-461c-b9eb-e8744301a90e,cd0aac86-7ac4-4828-8feb-b4a36d4f517c,79432
cd0aac86-7ac4-4828-8feb-b4a36d4f517c,c855958a-64c0-4592-b32a-d7a4c8b2b733,343920
6c6bed17-97db-4220-bcd7-9c74bb5c30a0,a9b5bf1c-cbe0-4d26-9be9-e219091870fb,249537
0a48b595-c065-4fc3-81fc-25305be2e919,d3f7b752-a107-4df3-9795-14db35826c73,299902
15ba1443-4cf1-4367-93b6-60fbb95a5b5e,07f047c6-eec0-4f71-98d8-0b06fac54ea9,464724
3628d3b6-b07f-41cd-8c09-8c99afa414ba,b391f9a6-4399-4069-9150-100fa9423b03,561737
3628d3b6-b07f-41cd-8c09-8c99afa414ba,d7ea63f6-7280-453f-83c2-3f8ddc60ef79,461321
2c9eb637-701c-47c0-86f9-52df6517d923,6c6bed17-97db-4220-bcd7-9c74bb5c30a0,209062
7d7d78f3-acce-4f6a-9cea-2a3afcde3e8f,d3f7b752-a107-4df3-9795-14db35826c73,3309
f52dd1ff-6bbf-4473-8f2f-718db4a10f87,08610465-eb20-4cef-a770-ee3cd8e75508,416652
2c9eb637-701c-47c0-86f9-52df6517d923,5e62c6a4-2bb4-4e1c-8488-e10c7b1c3f63,166370
8a5a20aa-c7aa-4e06-b3af-7285634af283,5d4da318-295f-43fd-b303-bbd5fc786145,9739
f38f3d11-ca55-4e14-9b7a-3c41774011e1,5e62c6a4-2bb4-4e1c-8488-e10c7b1c3f63,404148
7d7c80c6-da3d-482a-87d2-4323b489f08b,400beeb3-50ab-4b56-8775-3b2b07aedbc3,10564
8a1eb4a2-9b78-44bf-bb1e-2556e0dab34c,7e557ea8-c91d-46eb-8ca1-0358f43dcabe,323842
4b2c12b4-cdf9-4dc2-b23a-09610cc147eb,18036c84-0da6-4c1e-9b11-126a55b485c7,376909
a9b5bf1c-cbe0-4d26-9be9-e219091870fb,b31626b2-19f3-473f-8056-240a12f26768,201156
cf8d0727-06ae-41b7-a2bf-c14ea6affcfa,d7ea63f6-7280-453f-83c2-3f8ddc60ef79,28823
45e57df9-772b-40ca-aafc-898162c69844,b55783b5-489c-4878-a0aa-c81825d0ae80,313220
51d7b18f-7c8c-4230-a198-36ad0e73f79d,7fba12e8-f336-4a99-a479-dbcb1fc058b8,263779
095d08c2-5199-4d31-a548-12b5955c61a1,d9dbc87f-1fec-4d78-bf2b-ec41887dfd44,187251
d3f7b752-a107-4df3-9795-14db35826c73,e313b334-d8e0-4f9d-a841-02495ccfd0d4,290912
e313b334-d8e0-4f9d-a841-02495ccfd0d4,14d26f53-dd5e-4cfa-aada-67c21bb5d939,311635
7e557ea8-c91d-46eb-8ca1-0358f43dcabe,400beeb3-50ab-4b56-8775-3b2b07aedbc3,105044
cf8d0727-06ae-41b7-a2bf-c14ea6affcfa,a730d385-0f71-42a3-8b8c-b4195bfa8f1f,57167
54d734a2-73fa-4c9d-8cf3-7a39eaef3b2d,a8a3a809-1348-41fe-b334-afa6e29e0493,62026
51d7b18f-7c8c-4230-a198-36ad0e73f79d,6e279e72-004f-470e-8bb4-0999c3fc6164,382719
d3f7b752-a107-4df3-9795-14db35826c73,384df65c-8611-4041-99a2-9b5a19d87245,214457
9bb7ec36-dda1-4ff9-a738-6f7f2e9f7630,b55783b5-489c-4878-a0aa-c81825d0ae80,46772
b31626b2-19f3-473f-8056-240a12f26768,0e73205f-4f6a-4208-ad93-9e5206df13c7,385914
0532f619-2dfb-4ed2-8656-ce67a56128aa,07f047c6-eec0-4f71-98d8-0b06fac54ea9,44035
e3dc7114-400f-4423-b05f-d6c737c28279,78fd87d1-526d-4b18-8de8-c4c281977037,262025
a8fe04d7-c6e9-4857-be39-37559d653f33,08610465-eb20-4cef-a770-ee3cd8e75508,86604
e313b334-d8e0-4f9d-a841-02495ccfd0d4,b31626b2-19f3-473f-8056-240a12f26768,426743
5e62c6a4-2bb4-4e1c-8488-e10c7b1c3f63,9303996d-4078-4c79-80db-6a3eaa36104a,60279
cf8d0727-06ae-41b7-a2bf-c14ea6affcfa,cd4373fe-0091-4421-898d-1322bb7921e8,89948
5d4da318-295f-43fd-b303-bbd5fc786145,839cc007-0190-43a3-a229-b97fe0fdddd1,117595
7d7c80c6-da3d-482a-87d2-4323b489f08b,08610465-eb20-4cef-a770-ee3cd8e75508,28450
85b8f4a0-8132-49e1-8991-32d3b09d6b71,d9dbc87f-1fec-4d78-bf2b-ec41887dfd44,72314
99d5f7aa-2bc3-4aab-be55-528b049579c6,b54ac68a-3eca-435c-8902-200a1a1b09ff,329740
b391f9a6-4399-4069-9150-100fa9423b03,a44a2fb9-565b-468e-a23d-5956fdd2e744,157924
78fd87d1-526d-4b18-8de8-c4c281977037,e3dc7114-400f-4423-b05f-d6c737c28279,22837
1a445f91-2ead-438a-9157-e2306187972a,0e73205f-4f6a-4208-ad93-9e5206df13c7,280465
cb0c31f6-0fd6-46de-af02-5d25005aa5bb,b54ac68a-3eca-435c-8902-200a1a1b09ff,282863
2130aa47-2aba-4a23-b3ca-a4360325ae32,06e59082-1be0-4c86-87a5-ccf1f9fea164,254037
96e28973-b877-402f-b3ae-36ec55c8844e,1dc801b8-53d9-46a5-85fd-164140883dd0,348777
85b8f4a0-8132-49e1-8991-32d3b09d6b71,4130354e-87e6-4255-9189-522263c3027f,211655
b391f9a6-4399-4069-9150-100fa9423b03,e3dc7114-400f-4423-b05f-d6c737c28279,251197
b55783b5-489c-4878-a0aa-c81825d0ae80,c9fc8fa1-ca0e-4b1e-904c-80e5d80b2e39,53764
51d7b18f-7c8c-4230-a198-36ad0e73f79d,0e73205f-4f6a-4208-ad93-9e5206df13c7,301761
245f557e-4c75-4015-b6b5-3a52111e716f,51d7b18f-7c8c-4230-a198-36ad0e73f79d,106575
28be9ff8-6e8b-486b-bf5d-0d5f62c0c810,6e279e72-004f-470e-8bb4-0999c3fc6164,423418
2993ded9-071e-45bc-9b13-accdf5d3ebec,08610465-eb20-4cef-a770-ee3cd8e75508,1953
2c9eb637-701c-47c0-86f9-52df6517d923,21140c1d-976c-4879-8bdc-a2a06014a372,69263
1dc801b8-53d9-46a5-85fd-164140883dd0,78699c1e-3234-4c39-a2d4-5e6e545dc68e,390617
245f557e-4c75-4015-b6b5-3a52111e716f,2c754a65-ff58-47e6-85c1-78eb1aca2225,158474
22a5a25e-618e-456a-b80a-9cbef2c43460,68dd02c1-3e68-4d4d-8773-fe9569808537,32052
e3dc7114-400f-4423-b05f-d6c737c28279,dbc42853-f1be-402c-845f-6452bea1fcf0,292005
a43c454e-eaae-4ccf-ba48-24cf178c0031,8536988f-ed41-448c-97ce-9555c75abfaa,5991
15ba1443-4cf1-4367-93b6-60fbb95a5b5e,853a8faf-f277-4783-a080-1a32165bdc6e,223926
7fba12e8-f336-4a99-a479-dbcb1fc058b8,2daeec3a-f864-4eba-bdf5-03ccf9feb992,421892
8c6f7203-3c40-4766-9212-79d89260e8e9,5f9a0ffa-c748-4fbb-95a5-8eab94c05210,379165
b35a5f3e-d9e7-47bf-a5f8-e8abdc9166c0,cd4373fe-0091-4421-898d-1322bb7921e8,74189
e313b334-d8e0-4f9d-a841-02495ccfd0d4,78560cc8-0cca-433a-8291-89c80601bf63,365820
a43c454e-eaae-4ccf-ba48-24cf178c0031,c9fc8fa1-ca0e-4b1e-904c-80e5d80b2e39,2096
e413f084-e90e-424a-b205-f3dd75142edc,b5dc2142-0bad-4987-be8e-d11f22d9ea51,21879
cd4373fe-0091-4421-898d-1322bb7921e8,180627e6-0c19-44ba-82b6-4ec97d3ad85d,157997
1277cc00-3031-42e9-bb55-37ca86bbfb7c,a8fe04d7-c6e9-4857-be39-37559d653f33,293558
fadaa8d2-d11e-48f4-b113-7ae97265e717,08610465-eb20-4cef-a770-ee3cd8e75508,59258
d7ea63f6-7280-453f-83c2-3f8ddc60ef79,c63bfa5b-d5bb-461c-b9eb-e8744301a90e,76471
9eddc067-b8c5-418d-8707-e41b27dafb46,0a672532-6002-4b7d-bee3-274a62a9fb5a,23816
10949264-8492-44d9-ba5c-65c4b7838df4,3535f85d-9583-4470-ac4c-9afdc1038270,113987
65d47575-b37f-4501-841e-142b28a09398,04d0fe46-e270-4bf0-b721-ee363d6a6e2f,27337
65d47575-b37f-4501-841e-142b28a09398,f52dd1ff-6bbf-4473-8f2f-718db4a10f87,140320
4b2c12b4-cdf9-4dc2-b23a-09610cc147eb,a730d385-0f71-42a3-8b8c-b4195bfa8f1f,272300
f52dd1ff-6bbf-4473-8f2f-718db4a10f87,4b2c12b4-cdf9-4dc2-b23a-09610cc147eb,482036
54835b8a-a27f-4145-a0f6-df40badc1d0e,400beeb3-50ab-4b56-8775-3b2b07aedbc3,141718
8a1eb4a2-9b78-44bf-bb1e-2556e0dab34c,839cc007-0190-43a3-a229-b97fe0fdddd1,301811
245f557e-4c75-4015-b6b5-3a52111e716f,07f047c6-eec0-4f71-98d8-0b06fac54ea9,145522
3b07c7ff-6fed-490a-a9e1-f5bafebc6f0b,4b3124e8-5fe8-4c26-8e72-8f6ba2766978,122200
64afb508-3fdb-4f14-a721-040f46ad6d54,ea73977d-dcbd-4fd4-81c2-5ac84fa64cac,424443
7cc6cfa4-c1e9-494a-986b-bbf607bc5550,d7ea63f6-7280-453f-83c2-3f8ddc60ef79,117261
2daeec3a-f864-4eba-bdf5-03ccf9feb992,6603d019-cf11-4464-af83-d73a6114d7d9,268539
7e557ea8-c91d-46eb-8ca1-0358f43dcabe,04d0fe46-e270-4bf0-b721-ee363d6a6e2f,98710
095d08c2-5199-4d31-a548-12b5955c61a1,e7338740-b7ee-469c-9c74-bee7dd5f18d2,158641
b55783b5-489c-4878-a0aa-c81825d0ae80,400beeb3-50ab-4b56-8775-3b2b07aedbc3,126123
1277cc00-3031-42e9-bb55-37ca86bbfb7c,51d7b18f-7c8c-4230-a198-36ad0e73f79d,70805
f5a4a30f-bf41-44c8-b3b3-283ffe260a60,c9fc8fa1-ca0e-4b1e-904c-80e5d80b2e39,160756
d7ea63f6-7280-453f-83c2-3f8ddc60ef79,b55783b5-489c-4878-a0aa-c81825d0ae80,338988
d7ea63f6-7280-453f-83c2-3f8ddc60ef79,b391f9a6-4399-4069-9150-100fa9423b03,220150
08610465-eb20-4cef-a770-ee3cd8e75508,5f9a0ffa-c748-4fbb-95a5-8eab94c05210,66616
e313b334-d8e0-4f9d-a841-02495ccfd0d4,1db7abdf-2504-4e24-99b3-3dffe16ee8eb,203757
6603d019-cf11-4464-af83-d73a6114d7d9,0a672532-6002-4b7d-bee3-274a62a9fb5a,5845
b5dc2142-0bad-4987-be8e-d11f22d9ea51,cce1aaa6-a333-477e-8c63-815bef486b25,257271
310f8c32-4e53-4985-bd1b-6da805a969db,e3dc7114-400f-4423-b05f-d6c737c28279,116259
21140c1d-976c-4879-8bdc-a2a06014a372,5e62c6a4-2bb4-4e1c-8488-e10c7b1c3f63,196337
b35a5f3e-d9e7-47bf-a5f8-e8abdc9166c0,2c754a65-ff58-47e6-85c1-78eb1aca2225,42101
83ca04ab-5096-4031-b64a-163ca57dfb1b,a90a0979-3d6a-4c77-b2ce-81ba1f5311a5,321396
8a5a20aa-c7aa-4e06-b3af-7285634af283,9eddc067-b8c5-418d-8707-e41b27dafb46,2018
7d7d78f3-acce-4f6a-9cea-2a3afcde3e8f,85b8f4a0-8132-49e1-8991-32d3b09d6b71,2820
385ddbb9-9e74-4532-b04a-de4e304cf8a7,67a1a352-63c6-43f9-9d71-ce28a20ae21c,116791
06e59082-1be0-4c86-87a5-ccf1f9fea164,b54ac68a-3eca-435c-8902-200a1a1b09ff,161883
e313b334-d8e0-4f9d-a841-02495ccfd0d4,cce1aaa6-a333-477e-8c63-815bef486b25,223003
d3f7b752-a107-4df3-9795-14db35826c73,47cd9c20-4d9e-4b8a-813b-7cf5ccc918cd,477744
2c754a65-ff58-47e6-85c1-78eb1aca2225,0e73205f-4f6a-4208-ad93-9e5206df13c7,229421
22a5a25e-618e-456a-b80a-9cbef2c43460,15ba1443-4cf1-4367-93b6-60fbb95a5b5e,31380
464300eb-3855-4132-b377-6fe93a794fee,d9dbc87f-1fec-4d78-bf2b-ec41887dfd44,54873
2993ded9-071e-45bc-9b13-accdf5d3ebec,cf8d0727-06ae-41b7-a2bf-c14ea6affcfa,9771
180627e6-0c19-44ba-82b6-4ec97d3ad85d,b5c5b6ab-0337-4187-afc3-a1ec6230064f,69835
1ab2769c-a290-4b2f-9e27-da26985f69d8,7d7c80c6-da3d-482a-87d2-4323b489f08b,221062
4b2c12b4-cdf9-4dc2-b23a-09610cc147eb,c63bfa5b-d5bb-461c-b9eb-e8744301a90e,284188
0a672532-6002-4b7d-bee3-274a62a9fb5a,fadaa8d2-d11e-48f4-b113-7ae97265e717,249213
b54ac68a-3eca-435c-8902-200a1a1b09ff,0532f619-2dfb-4ed2-8656-ce67a56128aa,141679
cd0aac86-7ac4-4828-8feb-b4a36d4f517c,f5a4a30f-bf41-44c8-b3b3-283ffe260a60,128603
839cc007-0190-43a3-a229-b97fe0fdddd1,1dc801b8-53d9-46a5-85fd-164140883dd0,38201
f52dd1ff-6bbf-4473-8f2f-718db4a10f87,385ddbb9-9e74-4532-b04a-de4e304cf8a7,150419
2993ded9-071e-45bc-9b13-accdf5d3ebec,400beeb3-50ab-4b56-8775-3b2b07aedbc3,9461
27a6c30d-3dd4-430c-9b72-6a22b6bc28be,12ff259b-fcec-4111-8a3e-92f1b34ef005,366485
2c9eb637-701c-47c0-86f9-52df6517d923,ea73977d-dcbd-4fd4-81c2-5ac84fa64cac,142583
1ab2769c-a290-4b2f-9e27-da26985f69d8,7d7d78f3-acce-4f6a-9cea-2a3afcde3e8f,292248
e121b8a7-f238-42b9-8457-181650d599f1,8536988f-ed41-448c-97ce-9555c75abfaa,9335
48ad0f18-b76e-4483-9afc-cd7e59be5f3a,5d4da318-295f-43fd-b303-bbd5fc786145,243771
8a5a20aa-c7aa-4e06-b3af-7285634af283,9bb7ec36-dda1-4ff9-a738-6f7f2e9f7630,7246
cce1aaa6-a333-477e-8c63-815bef486b25,759c268e-84f7-4975-a0d9-19b2cd8f0dde,103094
3628d3b6-b07f-41cd-8c09-8c99afa414ba,f52dd1ff-6bbf-4473-8f2f-718db4a10f87,523114
5f9a0ffa-c748-4fbb-95a5-8eab94c05210,11e6699e-09c0-4e83-aa27-821896ae0c18,233897
58207bba-605a-4b23-98aa-9ac09a28437f,2c9eb637-701c-47c0-86f9-52df6517d923,6100
11e6699e-09c0-4e83-aa27-821896ae0c18,cf8d0727-06ae-41b7-a2bf-c14ea6affcfa,24190
4d871fb3-f0e1-4dc9-8415-2546e8723250,cf8d0727-06ae-41b7-a2bf-c14ea6affcfa,283153
dbc42853-f1be-402c-845f-6452bea1fcf0,99d5f7aa-2bc3-4aab-be55-528b049579c6,413282
54d734a2-73fa-4c9d-8cf3-7a39eaef3b2d,f52dd1ff-6bbf-4473-8f2f-718db4a10f87,64095
1a445f91-2ead-438a-9157-e2306187972a,310f8c32-4e53-4985-bd1b-6da805a969db,275907
5d4da318-295f-43fd-b303-bbd5fc786145,51d7b18f-7c8c-4230-a198-36ad0e73f79d,75040
c63bfa5b-d5bb-461c-b9eb-e8744301a90e,21140c1d-976c-4879-8bdc-a2a06014a372,106193
394c6a7f-f4e5-40b8-bf5b-a953d624f184,78699c1e-3234-4c39-a2d4-5e6e545dc68e,220456
85b8f4a0-8132-49e1-8991-32d3b09d6b71,d7ea63f6-7280-453f-83c2-3f8ddc60ef79,82978
15ba1443-4cf1-4367-93b6-60fbb95a5b5e,e731b69c-eeaf-4cae-8db6-e0cb7a703579,319821
a730d385-0f71-42a3-8b8c-b4195bfa8f1f,384df65c-8611-4041-99a2-9b5a19d87245,92254
b55783b5-489c-4878-a0aa-c81825d0ae80,45e57df9-772b-40ca-aafc-898162c69844,124637
db21b201-6b2e-4e52-ad8d-d44123fc5c63,6c6bed17-97db-4220-bcd7-9c74bb5c30a0,80850
1277cc00-3031-42e9-bb55-37ca86bbfb7c,a8a3a809-1348-41fe-b334-afa6e29e0493,314004
27a6c30d-3dd4-430c-9b72-6a22b6bc28be,095d08c2-5199-4d31-a548-12b5955c61a1,250303
d59927c9-8f84-405f-b928-2ec21f8c6eb1,464300eb-3855-4132-b377-6fe93a794fee,30701
384df65c-8611-4041-99a2-9b5a19d87245,6c6bed17-97db-4220-bcd7-9c74bb5c30a0,137948
0a48b595-c065-4fc3-81fc-25305be2e919,b391f9a6-4399-4069-9150-100fa9423b03,447756
9bb7ec36-dda1-4ff9-a738-6f7f2e9f7630,d7ea63f6-7280-453f-83c2-3f8ddc60ef79,115408
8a5a20aa-c7aa-4e06-b3af-7285634af283,4b3124e8-5fe8-4c26-8e72-8f6ba2766978,8634
10949264-8492-44d9-ba5c-65c4b7838df4,83ca04ab-5096-4031-b64a-163ca57dfb1b,155544
a730d385-0f71-42a3-8b8c-b4195bfa8f1f,385ddbb9-9e74-4532-b04a-de4e304cf8a7,241215
6603d019-cf11-4464-af83-d73a6114d7d9,60daa3ab-6065-4f2b-830b-86b36bb4afe8,12515
a8fe04d7-c6e9-4857-be39-37559d653f33,e7338740-b7ee-469c-9c74-bee7dd5f18d2,56451
b391f9a6-4399-4069-9150-100fa9423b03,e313b334-d8e0-4f9d-a841-02495ccfd0d4,353405
47cd9c20-4d9e-4b8a-813b-7cf5ccc918cd,07f047c6-eec0-4f71-98d8-0b06fac54ea9,32860
25cf4233-39d3-47dc-bf10-51d2687e74de,a90a0979-3d6a-4c77-b2ce-81ba1f5311a5,42047
b2063c94-d6ff-4b99-9b1a-191d9fc22602,b55783b5-489c-4878-a0aa-c81825d0ae80,282572
60daa3ab-6065-4f2b-830b-86b36bb4afe8,67a1a352-63c6-43f9-9d71-ce28a20ae21c,290129
db21b201-6b2e-4e52-ad8d-d44123fc5c63,f52dd1ff-6bbf-4473-8f2f-718db4a10f87,52109
2c754a65-ff58-47e6-85c1-78eb1aca2225,0a48b595-c065-4fc3-81fc-25305be2e919,174030
45e57df9-772b-40ca-aafc-898162c69844,99d5f7aa-2bc3-4aab-be55-528b049579c6,360635
4d871fb3-f0e1-4dc9-8415-2546e8723250,a730d385-0f71-42a3-8b8c-b4195bfa8f1f,248389
0a672532-6002-4b7d-bee3-274a62a9fb5a,12ff259b-fcec-4111-8a3e-92f1b34ef005,83220
b2063c94-d6ff-4b99-9b1a-191d9fc22602,9bb7ec36-dda1-4ff9-a738-6f7f2e9f7630,173776
a43c454e-eaae-4ccf-ba48-24cf178c0031,0532f619-2dfb-4ed2-8656-ce67a56128aa,3883
7cc6cfa4-c1e9-494a-986b-bbf607bc5550,c9fc8fa1-ca0e-4b1e-904c-80e5d80b2e39,231963
27a6c30d-3dd4-430c-9b72-6a22b6bc28be,a730d385-0f71-42a3-8b8c-b4195bfa8f1f,154084
a8fe04d7-c6e9-4857-be39-37559d653f33,60daa3ab-6065-4f2b-830b-86b36bb4afe8,137341
47cd9c20-4d9e-4b8a-813b-7cf5ccc918cd,4e6f9bb8-78a5-4e09-9673-cce1f5489a5b,102172
45e57df9-772b-40ca-aafc-898162c69844,c9fc8fa1-ca0e-4b1e-904c-80e5d80b2e39,82455
d3f7b752-a107-4df3-9795-14db35826c73,b391f9a6-4399-4069-9150-100fa9423b03,384544
51d7b18f-7c8c-4230-a198-36ad0e73f79d,64afb508-3fdb-4f14-a721-040f46ad6d54,214864
b55783b5-489c-4878-a0aa-c81825d0ae80,7cc6cfa4-c1e9-494a-986b-bbf607bc5550,122823
a730d385-0f71-42a3-8b8c-b4195bfa8f1f,54835b8a-a27f-4145-a0f6-df40badc1d0e,348291
12ff259b-fcec-4111-8a3e-92f1b34ef005,60daa3ab-6065-4f2b-830b-86b36bb4afe8,144505
7d7c80c6-da3d-482a-87d2-4323b489f08b,6e279e72-004f-470e-8bb4-0999c3fc6164,36687
ea73977d-dcbd-4fd4-81c2-5ac84fa64cac,b35a5f3e-d9e7-47bf-a5f8-e8abdc9166c0,131909
e731b69c-eeaf-4cae-8db6-e0cb7a703579,b31626b2-19f3-473f-8056-240a12f26768,25572
65d47575-b37f-4501-841e-142b28a09398,c63bfa5b-d5bb-461c-b9eb-e8744301a90e,92287
8536988f-ed41-448c-97ce-9555c75abfaa,2daeec3a-f864-4eba-bdf5-03ccf9feb992,220778
15ba1443-4cf1-4367-93b6-60fbb95a5b5e,07f047c6-eec0-4f71-98d8-0b06fac54ea9,283046
464300eb-3855-4132-b377-6fe93a794fee,180627e6-0c19-44ba-82b6-4ec97d3ad85d,102698
384df65c-8611-4041-99a2-9b5a19d87245,7d7d78f3-acce-4f6a-9cea-2a3afcde3e8f,155185
1dc801b8-53d9-46a5-85fd-164140883dd0,a730d385-0f71-42a3-8b8c-b4195bfa8f1f,456104
6e279e72-004f-470e-8bb4-0999c3fc6164,3628d3b6-b07f-41cd-8c09-8c99afa414ba,316381
6e279e72-004f-470e-8bb4-0999c3fc6164,464300eb-3855-4132-b377-6fe93a794fee,103548
2daeec3a-f864-4eba-bdf5-03ccf9feb992,78560cc8-0cca-433a-8291-89c80601bf63,104357
245f557e-4c75-4015-b6b5-3a52111e716f,a8a3a809-1348-41fe-b334-afa6e29e0493,211711
3fe4fa6b-719c-428e-ab19-ac1e5a83f0f1,58207bba-605a-4b23-98aa-9ac09a28437f,52358
18036c84-0da6-4c1e-9b11-126a55b485c7,78fd87d1-526d-4b18-8de8-c4c281977037,80605
78560cc8-0cca-433a-8291-89c80601bf63,87d34d56-3bfc-4b8e-b3cf-5f8fc1df2732,16696
5d4da318-295f-43fd-b303-bbd5fc786145,1dc801b8-53d9-46a5-85fd-164140883dd0,114464
87d34d56-3bfc-4b8e-b3cf-5f8fc1df2732,a43c454e-eaae-4ccf-ba48-24cf178c0031,86183
d7ea63f6-7280-453f-83c2-3f8ddc60ef79,51d7b18f-7c8c-4230-a198-36ad0e73f79d,304229
d9dbc87f-1fec-4d78-bf2b-ec41887dfd44,01961663-3143-4f5c-92e7-965eec12a0f9,170767
5d4da318-295f-43fd-b303-bbd5fc786145,4b2c12b4-cdf9-4dc2-b23a-09610cc147eb,261628
25cf4233-39d3-47dc-bf10-51d2687e74de,cb0c31f6-0fd6-46de-af02-5d25005aa5bb,74941
85b8f4a0-8132-49e1-8991-32d3b09d6b71,28be9ff8-6e8b-486b-bf5d-0d5f62c0c810,138338
4e6f9bb8-78a5-4e09-9673-cce1f5489a5b,a8a3a809-1348-41fe-b334-afa6e29e0493,198681
14d26f53-dd5e-4cfa-aada-67c21bb5d939,0532f619-2dfb-4ed2-8656-ce67a56128aa,107131
4d871fb3-f0e1-4dc9-8415-2546e8723250,b2063c94-d6ff-4b99-9b1a-191d9fc22602,80503
7d7c80c6-da3d-482a-87d2-4323b489f08b,18036c84-0da6-4c1e-9b11-126a55b485c7,6756
1dc801b8-53d9-46a5-85fd-164140883dd0,14d26f53-dd5e-4cfa-aada-67c21bb5d939,547789
60daa3ab-6065-4f2b-830b-86b36bb4afe8,3628d3b6-b07f-41cd-8c09-8c99afa414ba,249976
a8fe04d7-c6e9-4857-be39-37559d653f33,e121b8a7-f238-42b9-8457-181650d599f1,29300
4e6f9bb8-78a5-4e09-9673-cce1f5489a5b,07f047c6-eec0-4f71-98d8-0b06fac54ea9,188033
28be9ff8-6e8b-486b-bf5d-0d5f62c0c810,27a6c30d-3dd4-430c-9b72-6a22b6bc28be,384585
64afb508-3fdb-4f14-a721-040f46ad6d54,4b2c12b4-cdf9-4dc2-b23a-09610cc147eb,221608
5d4da318-295f-43fd-b303-bbd5fc786145,9bb7ec36-dda1-4ff9-a738-6f7f2e9f7630,51327
78560cc8-0cca-433a-8291-89c80601bf63,0532f619-2dfb-4ed2-8656-ce67a56128aa,48435
b5dc2142-0bad-4987-be8e-d11f22d9ea51,a8a3a809-1348-41fe-b334-afa6e29e0493,245415
0305e738-0366-4b59-9641-5036465d07cd,78fd87d1-526d-4b18-8de8-c4c281977037,219304
1dc801b8-53d9-46a5-85fd-164140883dd0,400beeb3-50ab-4b56-8775-3b2b07aedbc3,410312
759c268e-84f7-4975-a0d9-19b2cd8f0dde,b154fd49-3672-4066-8fe1-a9993e912518,276498
1a445f91-2ead-438a-9157-e2306187972a,b2063c94-d6ff-4b99-9b1a-191d9fc22602,552472
a44a2fb9-565b-468e-a23d-5956fdd2e744,a8fe04d7-c6e9-4857-be39-37559d653f33,76330
87d34d56-3bfc-4b8e-b3cf-5f8fc1df2732,e3dc7114-400f-4423-b05f-d6c737c28279,334659
6e279e72-004f-470e-8bb4-0999c3fc6164,7d7d78f3-acce-4f6a-9cea-2a3afcde3e8f,190290
cd0aac86-7ac4-4828-8feb-b4a36d4f517c,8a5a20aa-c7aa-4e06-b3af-7285634af283,218566
78560cc8-0cca-433a-8291-89c80601bf63,08610465-eb20-4cef-a770-ee3cd8e75508,47924
b35a5f3e-d9e7-47bf-a5f8-e8abdc9166c0,4130354e-87e6-4255-9189-522263c3027f,106953
25b1246f-0e37-44e9-a053-8fa48c7f8e1e,8c6f7203-3c40-4766-9212-79d89260e8e9,67312
d59927c9-8f84-405f-b928-2ec21f8c6eb1,4b3124e8-5fe8-4c26-8e72-8f6ba2766978,92358
cce1aaa6-a333-477e-8c63-815bef486b25,cd4373fe-0091-4421-898d-1322bb7921e8,103363
14d26f53-dd5e-4cfa-aada-67c21bb5d939,d1f46208-0958-4793-bf89-39afc8da5c85,60431
d59927c9-8f84-405f-b928-2ec21f8c6eb1,9bb7ec36-dda1-4ff9-a738-6f7f2e9f7630,76782
a44a2fb9-565b-468e-a23d-5956fdd2e744,2c9eb637-701c-47c0-86f9-52df6517d923,94057
a8a3a809-1348-41fe-b334-afa6e29e0493,54835b8a-a27f-4145-a0f6-df40badc1d0e,398563
f38f3d11-ca55-4e14-9b7a-3c41774011e1,310f8c32-4e53-4985-bd1b-6da805a969db,436700
a8fe04d7-c6e9-4857-be39-37559d653f33,04d0fe46-e270-4bf0-b721-ee363d6a6e2f,92483
558c8707-3d8a-4375-8e7e-998395fb46e5,6603d019-cf11-4464-af83-d73a6114d7d9,26625
e3dc7114-400f-4423-b05f-d6c737c28279,3628d3b6-b07f-41cd-8c09-8c99afa414ba,209181
a8a3a809-1348-41fe-b334-afa6e29e0493,8536988f-ed41-448c-97ce-9555c75abfaa,402337
a44a2fb9-565b-468e-a23d-5956fdd2e744,6603d019-cf11-4464-af83-d73a6114d7d9,18280
1a445f91-2ead-438a-9157-e2306187972a,5d4da318-295f-43fd-b303-bbd5fc786145,500144
4d871fb3-f0e1-4dc9-8415-2546e8723250,245f557e-4c75-4015-b6b5-3a52111e716f,307694
51d7b18f-7c8c-4230-a198-36ad0e73f79d,853a8faf-f277-4783-a080-1a32165bdc6e,370684
87fcf9bd-c496-499a-8ddd-b5f35af99931,7e557ea8-c91d-46eb-8ca1-0358f43dcabe,47154
12ff259b-fcec-4111-8a3e-92f1b34ef005,8a5a20aa-c7aa-4e06-b3af-7285634af283,243824
1db7abdf-2504-4e24-99b3-3dffe16ee8eb,47cd9c20-4d9e-4b8a-813b-7cf5ccc918cd,223424
0a48b595-c065-4fc3-81fc-25305be2e919,095d08c2-5199-4d31-a548-12b5955c61a1,199785
e313b334-d8e0-4f9d-a841-02495ccfd0d4,c855958a-64c0-4592-b32a-d7a4c8b2b733,171142
01961663-3143-4f5c-92e7-965eec12a0f9,b54ac68a-3eca-435c-8902-200a1a1b09ff,252038
2130aa47-2aba-4a23-b3ca-a4360325ae32,2c754a65-ff58-47e6-85c1-78eb1aca2225,355470
27a6c30d-3dd4-430c-9b72-6a22b6bc28be,b31626b2-19f3-473f-8056-240a12f26768,336818
2993ded9-071e-45bc-9b13-accdf5d3ebec,6603d019-cf11-4464-af83-d73a6114d7d9,3053
6603d019-cf11-4464-af83-d73a6114d7d9,27a6c30d-3dd4-430c-9b72-6a22b6bc28be,16939
a730d385-0f71-42a3-8b8c-b4195bfa8f1f,68dd02c1-3e68-4d4d-8773-fe9569808537,270867
b2063c94-d6ff-4b99-9b1a-191d9fc22602,6e279e72-004f-470e-8bb4-0999c3fc6164,119697
54d734a2-73fa-4c9d-8cf3-7a39eaef3b2d,1dc801b8-53d9-46a5-85fd-164140883dd0,55810
e413f084-e90e-424a-b205-f3dd75142edc,6c6bed17-97db-4220-bcd7-9c74bb5c30a0,15040
394c6a7f-f4e5-40b8-bf5b-a953d624f184,fadaa8d2-d11e-48f4-b113-7ae97265e717,83576
7fba12e8-f336-4a99-a479-dbcb1fc058b8,b35a5f3e-d9e7-47bf-a5f8-e8abdc9166c0,244689
0e73205f-4f6a-4208-ad93-9e5206df13c7,b35a5f3e-d9e7-47bf-a5f8-e8abdc9166c0,404809
14d26f53-dd5e-4cfa-aada-67c21bb5d939,87fcf9bd-c496-499a-8ddd-b5f35af99931,181753
d7ea63f6-7280-453f-83c2-3f8ddc60ef79,b391f9a6-4399-4069-9150-100fa9423b03,318125
10949264-8492-44d9-ba5c-65c4b7838df4,9bb7ec36-dda1-4ff9-a738-6f7f2e9f7630,347154
cd4373fe-0091-4421-898d-1322bb7921e8,839cc007-0190-43a3-a229-b97fe0fdddd1,233068
85b8f4a0-8132-49e1-8991-32d3b09d6b71,58207bba-605a-4b23-98aa-9ac09a28437f,288062
dbc42853-f1be-402c-845f-6452bea1fcf0,64afb508-3fdb-4f14-a721-040f46ad6d54,234372
d59927c9-8f84-405f-b928-2ec21f8c6eb1,cf8d0727-06ae-41b7-a2bf-c14ea6affcfa,94314
b2063c94-d6ff-4b99-9b1a-191d9fc22602,310f8c32-4e53-4985-bd1b-6da805a969db,112368
8a5a20aa-c7aa-4e06-b3af-7285634af283,08610465-eb20-4cef-a770-ee3cd8e75508,3379
3b07c7ff-6fed-490a-a9e1-f5bafebc6f0b,3628d3b6-b07f-41cd-8c09-8c99afa414ba,377098
54d734a2-73fa-4c9d-8cf3-7a39eaef3b2d,464300eb-3855-4132-b377-6fe93a794fee,62016
8a1eb4a2-9b78-44bf-bb1e-2556e0dab34c,cd4373fe-0091-4421-898d-1322bb7921e8,236417
5d4da318-295f-43fd-b303-bbd5fc786145,a9b5bf1c-cbe0-4d26-9be9-e219091870fb,180498
d3f7b752-a107-4df3-9795-14db35826c73,f52dd1ff-6bbf-4473-8f2f-718db4a10f87,312406
385ddbb9-9e74-4532-b04a-de4e304cf8a7,32fffa33-1cd7-46d6-8e2e-e98450886d01,61256
e313b334-d8e0-4f9d-a841-02495ccfd0d4,4d871fb3-f0e1-4dc9-8415-2546e8723250,128270
a730d385-0f71-42a3-8b8c-b4195bfa8f1f,cd4373fe-0091-4421-898d-1322bb7921e8,425934
1cf3a191-a526-4d97-a3d3-434d14f60ce3,5f9a0ffa-c748-4fbb-95a5-8eab94c05210,226853
3628d3b6-b07f-41cd-8c09-8c99afa414ba,2993ded9-071e-45bc-9b13-accdf5d3ebec,564837
a730d385-0f71-42a3-8b8c-b4195bfa8f1f,64afb508-3fdb-4f14-a721-040f46ad6d54,115254
87d34d56-3bfc-4b8e-b3cf-5f8fc1df2732,68dd02c1-3e68-4d4d-8773-fe9569808537,161893
1cf3a191-a526-4d97-a3d3-434d14f60ce3,e413f084-e90e-424a-b205-f3dd75142edc,403591
0532f619-2dfb-4ed2-8656-ce67a56128aa,11e6699e-09c0-4e83-aa27-821896ae0c18,53921
245f557e-4c75-4015-b6b5-3a52111e716f,3535f85d-9583-4470-ac4c-9afdc1038270,117150
1277cc00-3031-42e9-bb55-37ca86bbfb7c,2c754a65-ff58-47e6-85c1-78eb1aca2225,295834
a44a2fb9-565b-468e-a23d-5956fdd2e744,8a5a20aa-c7aa-4e06-b3af-7285634af283,73133
6e279e72-004f-470e-8bb4-0999c3fc6164,7d7d78f3-acce-4f6a-9cea-2a3afcde3e8f,280209
9303996d-4078-4c79-80db-6a3eaa36104a,5f9a0ffa-c748-4fbb-95a5-8eab94c05210,195641
a90a0979-3d6a-4c77-b2ce-81ba1f5311a5,08610465-eb20-4cef-a770-ee3cd8e75508,105460
b5c5b6ab-0337-4187-afc3-a1ec6230064f,1cf3a191-a526-4d97-a3d3-434d14f60ce3,121191
d7ea63f6-7280-453f-83c2-3f8ddc60ef79,a90a0979-3d6a-4c77-b2ce-81ba1f5311a5,170614
51d7b18f-7c8c-4230-a198-36ad0e73f79d,4b2c12b4-cdf9-4dc2-b23a-09610cc147eb,328122
1277cc00-3031-42e9-bb55-37ca86bbfb7c,dbc42853-f1be-402c-845f-6452bea1fcf0,136144
245f557e-4c75-4015-b6b5-3a52111e716f,78699c1e-3234-4c39-a2d4-5e6e545dc68e,89489
095d08c2-5199-4d31-a548-12b5955c61a1,01961663-3143-4f5c-92e7-965eec12a0f9,331275
2993ded9-071e-45bc-9b13-accdf5d3ebec,2daeec3a-f864-4eba-bdf5-03ccf9feb992,7004
310f8c32-4e53-4985-bd1b-6da805a969db,1cf3a191-a526-4d97-a3d3-434d14f60ce3,107246
06e59082-1be0-4c86-87a5-ccf1f9fea164,f52dd1ff-6bbf-4473-8f2f-718db4a10f87,222021
6603d019-cf11-4464-af83-d73a6114d7d9,27a6c30d-3dd4-430c-9b72-6a22b6bc28be,19906
cd0aac86-7ac4-4828-8feb-b4a36d4f517c,7fba12e8-f336-4a99-a479-dbcb1fc058b8,254366
1a445f91-2ead-438a-9157-e2306187972a,8a1eb4a2-9b78-44bf-bb1e-2556e0dab34c,175683
4e6f9bb8-78a5-4e09-9673-cce1f5489a5b,e313b334-d8e0-4f9d-a841-02495ccfd0d4,157072
3b07c7ff-6fed-490a-a9e1-f5bafebc6f0b,7d7c80c6-da3d-482a-87d2-4323b489f08b,473688
85b8f4a0-8132-49e1-8991-32d3b09d6b71,45e57df9-772b-40ca-aafc-898162c69844,323263
7d7d78f3-acce-4f6a-9cea-2a3afcde3e8f,3fe4fa6b-719c-428e-ab19-ac1e5a83f0f1,4262
384df65c-8611-4041-99a2-9b5a19d87245,11e6699e-09c0-4e83-aa27-821896ae0c18,101995
8536988f-ed41-448c-97ce-9555c75abfaa,7d7d78f3-acce-4f6a-9cea-2a3afcde3e8f,211636
839cc007-0190-43a3-a229-b97fe0fdddd1,96e28973-b877-402f-b3ae-36ec55c8844e,45412
8536988f-ed41-448c-97ce-9555c75abfaa,7e557ea8-c91d-46eb-8ca1-0358f43dcabe,260452
1db7abdf-2504-4e24-99b3-3dffe16ee8eb,15ba1443-4cf1-4367-93b6-60fbb95a5b5e,430815
d7ea63f6-7280-453f-83c2-3f8ddc60ef79,78fd87d1-526d-4b18-8de8-c4c281977037,149290
0305e738-0366-4b59-9641-5036465d07cd,b154fd49-3672-4066-8fe1-a9993e912518,77379
e121b8a7-f238-42b9-8457-181650d599f1,01961663-3143-4f5c-92e7-965eec12a0f9,21154
394c6a7f-f4e5-40b8-bf5b-a953d624f184,3535f85d-9583-4470-ac4c-9afdc1038270,152010
a44a2fb9-565b-468e-a23d-5956fdd2e744,67a1a352-63c6-43f9-9d71-ce28a20ae21c,45711
2993ded9-071e-45bc-9b13-accdf5d3ebec,64afb508-3fdb-4f14-a721-040f46ad6d54,8409
464300eb-3855-4132-b377-6fe93a794fee,d7ea63f6-7280-453f-83c2-3f8ddc60ef79,56586
0a672532-6002-4b7d-bee3-274a62a9fb5a,cce1aaa6-a333-477e-8c63-815bef486b25,179029
11e6699e-09c0-4e83-aa27-821896ae0c18,759c268e-84f7-4975-a0d9-19b2cd8f0dde,55449
c63bfa5b-d5bb-461c-b9eb-e8744301a90e,8a1eb4a2-9b78-44bf-bb1e-2556e0dab34c,123856
78560cc8-0cca-433a-8291-89c80601bf63,87fcf9bd-c496-499a-8ddd-b5f35af99931,76823
8a1eb4a2-9b78-44bf-bb1e-2556e0dab34c,c855958a-64c0-4592-b32a-d7a4c8b2b733,229367
b5c5b6ab-0337-4187-afc3-a1ec6230064f,0532f619-2dfb-4ed2-8656-ce67a56128aa,211016
dbc42853-f1be-402c-845f-6452bea1fcf0,9eddc067-b8c5-418d-8707-e41b27dafb46,273806
22a5a25e-618e-456a-b80a-9cbef2c43460,8a5a20aa-c7aa-4e06-b3af-7285634af283,41856
60daa3ab-6065-4f2b-830b-86b36bb4afe8,1277cc00-3031-42e9-bb55-37ca86bbfb7c,186938
3b07c7ff-6fed-490a-a9e1-f5bafebc6f0b,464300eb-3855-4132-b377-6fe93a794fee,490769
e731b69c-eeaf-4cae-8db6-e0cb7a703579,e413f084-e90e-424a-b205-f3dd75142edc,68207
d1f46208-0958-4793-bf89-39afc8da5c85,0a48b595-c065-4fc3-81fc-25305be2e919,156811
b55783b5-489c-4878-a0aa-c81825d0ae80,ea73977d-dcbd-4fd4-81c2-5ac84fa64cac,95911
4e6f9bb8-78a5-4e09-9673-cce1f5489a5b,1dc801b8-53d9-46a5-85fd-164140883dd0,174482
68dd02c1-3e68-4d4d-8773-fe9569808537,07f047c6-eec0-4f71-98d8-0b06fac54ea9,274381
28be9ff8-6e8b-486b-bf5d-0d5f62c0c810,8536988f-ed41-448c-97ce-9555c75abfaa,452144
1db7abdf-2504-4e24-99b3-3dffe16ee8eb,6c6bed17-97db-4220-bcd7-9c74bb5c30a0,293763
a8fe04d7-c6e9-4857-be39-37559d653f33,07f047c6-eec0-4f71-98d8-0b06fac54ea9,91122
1cf3a191-a526-4d97-a3d3-434d14f60ce3,0532f619-2dfb-4ed2-8656-ce67a56128aa,190747
4e6f9bb8-78a5-4e09-9673-cce1f5489a5b,853a8faf-f277-4783-a080-1a32165bdc6e,207344
400beeb3-50ab-4b56-8775-3b2b07aedbc3,394c6a7f-f4e5-40b8-bf5b-a953d624f184,105980
6e279e72-004f-470e-8bb4-0999c3fc6164,385ddbb9-9e74-4532-b04a-de4e304cf8a7,84708
48ad0f18-b76e-4483-9afc-cd7e59be5f3a,a8fe04d7-c6e9-4857-be39-37559d653f33,406295
d7ea63f6-7280-453f-83c2-3f8ddc60ef79,b391f9a6-4399-4069-9150-100fa9423b03,241945
b5dc2142-0bad-4987-be8e-d11f22d9ea51,cb0c31f6-0fd6-46de-af02-5d25005aa5bb,203358
0a672532-6002-4b7d-bee3-274a62a9fb5a,fadaa8d2-d11e-48f4-b113-7ae97265e717,113135
4130354e-87e6-4255-9189-522263c3027f,14d26f53-dd5e-4cfa-aada-67c21bb5d939,206591
fadaa8d2-d11e-48f4-b113-7ae97265e717,a9b5bf1c-cbe0-4d26-9be9-e219091870fb,22326
7fba12e8-f336-4a99-a479-dbcb1fc058b8,58207bba-605a-4b23-98aa-9ac09a28437f,116727
8a5a20aa-c7aa-4e06-b3af-7285634af283,25b1246f-0e37-44e9-a053-8fa48c7f8e1e,8719
78699c1e-3234-4c39-a2d4-5e6e545dc68e,9bb7ec36-dda1-4ff9-a738-6f7f2e9f7630,286710
db21b201-6b2e-4e52-ad8d-d44123fc5c63,394c6a7f-f4e5-40b8-bf5b-a953d624f184,71325
cd0aac86-7ac4-4828-8feb-b4a36d4f517c,a8a3a809-1348-41fe-b334-afa6e29e0493,119065
15ba1443-4cf1-4367-93b6-60fbb95a5b5e,b2063c94-d6ff-4b99-9b1a-191d9fc22602,385712
22a5a25e-618e-456a-b80a-9cbef2c43460,0e73205f-4f6a-4208-ad93-9e5206df13c7,17056
67a1a352-63c6-43f9-9d71-ce28a20ae21c,2daeec3a-f864-4eba-bdf5-03ccf9feb992,57380
2993ded9-071e-45bc-9b13-accdf5d3ebec,78699c1e-3234-4c39-a2d4-5e6e545dc68e,9737
45e57df9-772b-40ca-aafc-898162c69844,1a445f91-2ead-438a-9157-e2306187972a,210445
85b8f4a0-8132-49e1-8991-32d3b09d6b71,cd0aac86-7ac4-4828-8feb-b4a36d4f517c,282439
f52dd1ff-6bbf-4473-8f2f-718db4a10f87,51d7b18f-7c8c-4230-a198-36ad0e73f79d,464593
394c6a7f-f4e5-40b8-bf5b-a953d624f184,d1f46208-0958-4793-bf89-39afc8da5c85,177421
3b07c7ff-6fed-490a-a9e1-f5bafebc6f0b,06e59082-1be0-4c86-87a5-ccf1f9fea164,305171
7d7c80c6-da3d-482a-87d2-4323b489f08b,11e6699e-09c0-4e83-aa27-821896ae0c18,15982
180627e6-0c19-44ba-82b6-4ec97d3ad85d,3535f85d-9583-4470-ac4c-9afdc1038270,66523
85b8f4a0-8132-49e1-8991-32d3b09d6b71,b5c5b6ab-0337-4187-afc3-a1ec6230064f,205019
8c6f7203-3c40-4766-9212-79d89260e8e9,6e279e72-004f-470e-8bb4-0999c3fc6164,280122
b35a5f3e-d9e7-47bf-a5f8-e8abdc9166c0,db21b201-6b2e-4e52-ad8d-d44123fc5c63,140755
18036c84-0da6-4c1e-9b11-126a55b485c7,9303996d-4078-4c79-80db-6a3eaa36104a,408749
464300eb-3855-4132-b377-6fe93a794fee,1dc801b8-53d9-46a5-85fd-164140883dd0,200646
27a6c30d-3dd4-430c-9b72-6a22b6bc28be,e731b69c-eeaf-4cae-8db6-e0cb7a703579,337926
65d47575-b37f-4501-841e-142b28a09398,ea73977d-dcbd-4fd4-81c2-5ac84fa64cac,148113
a8a3a809-1348-41fe-b334-afa6e29e0493,11e6699e-09c0-4e83-aa27-821896ae0c18,447278
cf8d0727-06ae-41b7-a2bf-c14ea6affcfa,4d871fb3-f0e1-4dc9-8415-2546e8723250,140120
2130aa47-2aba-4a23-b3ca-a4360325ae32,a9b5bf1c-cbe0-4d26-9be9-e219091870fb,115642
c63bfa5b-d5bb-461c-b9eb-e8744301a90e,06e59082-1be0-4c86-87a5-ccf1f9fea164,119325
1a445f91-2ead-438a-9157-e2306187972a,b55783b5-489c-4878-a0aa-c81825d0ae80,300561
2993ded9-071e-45bc-9b13-accdf5d3ebec,78fd87d1-526d-4b18-8de8-c4c281977037,4902
5e62c6a4-2bb4-4e1c-8488-e10c7b1c3f63,3fe4fa6b-719c-428e-ab19-ac1e5a83f0f1,143418
c63bfa5b-d5bb-461c-b9eb-e8744301a90e,e7338740-b7ee-469c-9c74-bee7dd5f18d2,123707
68dd02c1-3e68-4d4d-8773-fe9569808537,10949264-8492-44d9-ba5c-65c4b7838df4,330576
54d734a2-73fa-4c9d-8cf3-7a39eaef3b2d,11e6699e-09c0-4e83-aa27-821896ae0c18,17035
a9b5bf1c-cbe0-4d26-9be9-e219091870fb,27a6c30d-3dd4-430c-9b72-6a22b6bc28be,356090
180627e6-0c19-44ba-82b6-4ec97d3ad85d,67a1a352-63c6-43f9-9d71-ce28a20ae21c,51357
119ea857-b60b-491c-8e01-ab437e50f26e,29e9ab61-e061-4d94-8cd3-c99446d51c55,276398
a43c454e-eaae-4ccf-ba48-24cf178c0031,0532f619-2dfb-4ed2-8656-ce67a56128aa,3319
9bb7ec36-dda1-4ff9-a738-6f7f2e9f7630,853a8faf-f277-4783-a080-1a32165bdc6e,139909
2c9eb637-701c-47c0-86f9-52df6517d923,1277cc00-3031-42e9-bb55-37ca86bbfb7c,48413
98eab8e7-ae72-4457-9ea0-742b7ae8093d,dbc42853-f1be-402c-845f-6452bea1fcf0,61237
25b1246f-0e37-44e9-a053-8fa48c7f8e1e,9303996d-4078-4c79-80db-6a3eaa36104a,192283
0a48b595-c065-4fc3-81fc-25305be2e919,a730d385-0f71-42a3-8b8c-b4195bfa8f1f,139712
2daeec3a-f864-4eba-bdf5-03ccf9feb992,78699c1e-3234-4c39-a2d4-5e6e545dc68e,233340
c9fc8fa1-ca0e-4b1e-904c-80e5d80b2e39,a8a3a809-1348-41fe-b334-afa6e29e0493,66463
48ad0f18-b76e-4483-9afc-cd7e59be5f3a,095d08c2-5199-4d31-a548-12b5955c61a1,89841
f52dd1ff-6bbf-4473-8f2f-718db4a10f87,85b8f4a0-8132-49e1-8991-32d3b09d6b71,202182
64afb508-3fdb-4f14-a721-040f46ad6d54,5f9a0ffa-c748-4fbb-95a5-8eab94c05210,271496
119ea857-b60b-491c-8e01-ab437e50f26e,9303996d-4078-4c79-80db-6a3eaa36104a,237895
54835b8a-a27f-4145-a0f6-df40badc1d0e,2c754a65-ff58-47e6-85c1-78eb1aca2225,122886
853a8faf-f277-4783-a080-1a32165bdc6e,b31626b2-19f3-473f-8056-240a12f26768,300646
e731b69c-eeaf-4cae-8db6-e0cb7a703579,b5dc2142-0bad-4987-be8e-d11f22d9ea51,76060
8a1eb4a2-9b78-44bf-bb1e-2556e0dab34c,400beeb3-50ab-4b56-8775-3b2b07aedbc3,329966
245f557e-4c75-4015-b6b5-3a52111e716f,7cc6cfa4-c1e9-494a-986b-bbf607bc5550,94401
6e279e72-004f-470e-8bb4-0999c3fc6164,385ddbb9-9e74-4532-b04a-de4e304cf8a7,360495
96e28973-b877-402f-b3ae-36ec55c8844e,2c754a65-ff58-47e6-85c1-78eb1aca2225,392215
2130aa47-2aba-4a23-b3ca-a4360325ae32,0532f619-2dfb-4ed2-8656-ce67a56128aa,122419
ea73977d-dcbd-4fd4-81c2-5ac84fa64cac,11e6699e-09c0-4e83-aa27-821896ae0c18,52465
04d0fe46-e270-4bf0-b721-ee363d6a6e2f,0305e738-0366-4b59-9641-5036465d07cd,254814
2daeec3a-f864-4eba-bdf5-03ccf9feb992,3b07c7ff-6fed-490a-a9e1-f5bafebc6f0b,212623
10949264-8492-44d9-ba5c-65c4b7838df4,d7ea63f6-7280-453f-83c2-3f8ddc60ef79,247799
10949264-8492-44d9-ba5c-65c4b7838df4,54835b8a-a27f-4145-a0f6-df40badc1d0e,316484
cb0c31f6-0fd6-46de-af02-5d25005aa5bb,558c8707-3d8a-4375-8e7e-998395fb46e5,240464
1dc801b8-53d9-46a5-85fd-164140883dd0,cd0aac86-7ac4-4828-8feb-b4a36d4f517c,207887
4130354e-87e6-4255-9189-522263c3027f,095d08c2-5199-4d31-a548-12b5955c61a1,202607
ea73977d-dcbd-4fd4-81c2-5ac84fa64cac,06e59082-1be0-4c86-87a5-ccf1f9fea164,82724
0305e738-0366-4b59-9641-5036465d07cd,a90a0979-3d6a-4c77-b2ce-81ba1f5311a5,172242
4b2c12b4-cdf9-4dc2-b23a-09610cc147eb,3535f85d-9583-4470-ac4c-9afdc1038270,492898
b2063c94-d6ff-4b99-9b1a-191d9fc22602,47cd9c20-4d9e-4b8a-813b-7cf5ccc918cd,259647
54d734a2-73fa-4c9d-8cf3-7a39eaef3b2d,a8a3a809-1348-41fe-b334-afa6e29e0493,19449
4e6f9bb8-78a5-4e09-9673-cce1f5489a5b,a8a3a809-1348-41fe-b334-afa6e29e0493,189625
cd4373fe-0091-4421-898d-1322bb7921e8,cb0c31f6-0fd6-46de-af02-5d25005aa5bb,326019
a9b5bf1c-cbe0-4d26-9be9-e219091870fb,759c268e-84f7-4975-a0d9-19b2cd8f0dde,224811
d3f7b752-a107-4df3-9795-14db35826c73,e7338740-b7ee-469c-9c74-bee7dd5f18d2,237935
d7ea63f6-7280-453f-83c2-3f8ddc60ef79,22a5a25e-618e-456a-b80a-9cbef2c43460,81069
10949264-8492-44d9-ba5c-65c4b7838df4,a43c454e-eaae-4ccf-ba48-24cf178c0031,320596
4e6f9bb8-78a5-4e09-9673-cce1f5489a5b,cb0c31f6-0fd6-46de-af02-5d25005aa5bb,199435
cb0c31f6-0fd6-46de-af02-5d25005aa5bb,b5c5b6ab-0337-4187-afc3-a1ec6230064f,110004
0305e738-0366-4b59-9641-5036465d07cd,e7338740-b7ee-469c-9c74-bee7dd5f18d2,72572
385ddbb9-9e74-4532-b04a-de4e304cf8a7,7cc6cfa4-c1e9-494a-986b-bbf607bc5550,39473
e3dc7114-400f-4423-b05f-d6c737c28279,1cf3a191-a526-4d97-a3d3-434d14f60ce3,271643
558c8707-3d8a-4375-8e7e-998395fb46e5,464300eb-3855-4132-b377-6fe93a794fee,127012
e413f084-e90e-424a-b205-f3dd75142edc,7d7d78f3-acce-4f6a-9cea-2a3afcde3e8f,22685
06e59082-1be0-4c86-87a5-ccf1f9fea164,21140c1d-976c-4879-8bdc-a2a06014a372,416063
87d34d56-3bfc-4b8e-b3cf-5f8fc1df2732,759c268e-84f7-4975-a0d9-19b2cd8f0dde,112096
3535f85d-9583-4470-ac4c-9afdc1038270,0305e738-0366-4b59-9641-5036465d07cd,212701
095d08c2-5199-4d31-a548-12b5955c61a1,78fd87d1-526d-4b18-8de8-c4c281977037,335365
b154fd49-3672-4066-8fe1-a9993e912518,58207bba-605a-4b23-98aa-9ac09a28437f,54805
45e57df9-772b-40ca-aafc-898162c69844,99d5f7aa-2bc3-4aab-be55-528b049579c6,106021
b391f9a6-4399-4069-9150-100fa9423b03,8536988f-ed41-448c-97ce-9555c75abfaa,223353
2c9eb637-701c-47c0-86f9-52df6517d923,cd4373fe-0091-4421-898d-1322bb7921e8,205367
385ddbb9-9e74-4532-b04a-de4e304cf8a7,78560cc8-0cca-433a-8291-89c80601bf63,131848
a8a3a809-1348-41fe-b334-afa6e29e0493,464300eb-3855-4132-b377-6fe93a794fee,241827
cf8d0727-06ae-41b7-a2bf-c14ea6affcfa,e3dc7114-400f-4423-b05f-d6c737c28279,154456
a8a3a809-1348-41fe-b334-afa6e29e0493,394c6a7f-f4e5-40b8-bf5b-a953d624f184,195969
a90a0979-3d6a-4c77-b2ce-81ba1f5311a5,a44a2fb9-565b-468e-a23d-5956fdd2e744,143706
095d08c2-5199-4d31-a548-12b5955c61a1,7d7d78f3-acce-4f6a-9cea-2a3afcde3e8f,153193
a8a3a809-1348-41fe-b334-afa6e29e0493,9eddc067-b8c5-418d-8707-e41b27dafb46,415051
a43c454e-eaae-4ccf-ba48-24cf178c0031,d59927c9-8f84-405f-b928-2ec21f8c6eb1,6541
ea73977d-dcbd-4fd4-81c2-5ac84fa64cac,310f8c32-4e53-4985-bd1b-6da805a969db,127760
245f557e-4c75-4015-b6b5-3a52111e716f,2130aa47-2aba-4a23-b3ca-a4360325ae32,42923
01961663-3143-4f5c-92e7-965eec12a0f9,b5c5b6ab-0337-4187-afc3-a1ec6230064f,108167
0305e738-0366-4b59-9641-5036465d07cd,759c268e-84f7-4975-a0d9-19b2cd8f0dde,114760
67a1a352-63c6-43f9-9d71-ce28a20ae21c,0a48b595-c065-4fc3-81fc-25305be2e919,11978
7fba12e8-f336-4a99-a479-dbcb1fc058b8,5f9a0ffa-c748-4fbb-95a5-8eab94c05210,360563
51d7b18f-7c8c-4230-a198-36ad0e73f79d,a8a3a809-1348-41fe-b334-afa6e29e0493,458434
87fcf9bd-c496-499a-8ddd-b5f35af99931,b31626b2-19f3-473f-8056-240a12f26768,25693
7e557ea8-c91d-46eb-8ca1-0358f43dcabe,d59927c9-8f84-405f-b928-2ec21f8c6eb1,326968
65d47575-b37f-4501-841e-142b28a09398,b35a5f3e-d9e7-47bf-a5f8-e8abdc9166c0,84514
04d0fe46-e270-4bf0-b721-ee363d6a6e2f,78fd87d1-526d-4b18-8de8-c4c281977037,287006
9bb7ec36-dda1-4ff9-a738-6f7f2e9f7630,245f557e-4c75-4015-b6b5-3a52111e716f,240187
1a445f91-2ead-438a-9157-e2306187972a,a8fe04d7-c6e9-4857-be39-37559d653f33,303611
b5dc2142-0bad-4987-be8e-d11f22d9ea51,394c6a7f-f4e5-40b8-bf5b-a953d624f184,119791
21140c1d-976c-4879-8bdc-a2a06014a372,7d7c80c6-da3d-482a-87d2-4323b489f08b,116985
394c6a7f-f4e5-40b8-bf5b-a953d624f184,cb0c31f6-0fd6-46de-af02-5d25005aa5bb,209695
0a672532-6002-4b7d-bee3-274a62a9fb5a,0532f619-2dfb-4ed2-8656-ce67a56128aa,248369
180627e6-0c19-44ba-82b6-4ec97d3ad85d,e313b334-d8e0-4f9d-a841-02495ccfd0d4,141652
8a5a20aa-c7aa-4e06-b3af-7285634af283,e413f084-e90e-424a-b205-f3dd75142edc,9784
21140c1d-976c-4879-8bdc-a2a06014a372,384df65c-8611-4041-99a2-9b5a19d87245,69087
a90a0979-3d6a-4c77-b2ce-81ba1f5311a5,e413f084-e90e-424a-b205-f3dd75142edc,137264
b31626b2-19f3-473f-8056-240a12f26768,6603d019-cf11-4464-af83-d73a6114d7d9,495331
e413f084-e90e-424a-b205-f3dd75142edc,87d34d56-3bfc-4b8e-b3cf-5f8fc1df2732,14959
2c9eb637-701c-47c0-86f9-52df6517d923,cce1aaa6-a333-477e-8c63-815bef486b25,164623
54d734a2-73fa-4c9d-8cf3-7a39eaef3b2d,3628d3b6-b07f-41cd-8c09-8c99afa414ba,25024
8a5a20aa-c7aa-4e06-b3af-7285634af283,4130354e-87e6-4255-9189-522263c3027f,9353
99d5f7aa-2bc3-4aab-be55-528b049579c6,cce1aaa6-a333-477e-8c63-815bef486b25,358990
54d734a2-73fa-4c9d-8cf3-7a39eaef3b2d,2c9eb637-701c-47c0-86f9-52df6517d923,15445
0532f619-2dfb-4ed2-8656-ce67a56128aa,cd0aac86-7ac4-4828-8feb-b4a36d4f517c,153215
78699c1e-3234-4c39-a2d4-5e6e545dc68e,1db7abdf-2504-4e24-99b3-3dffe16ee8eb,310390
51d7b18f-7c8c-4230-a198-36ad0e73f79d,8536988f-ed41-448c-97ce-9555c75abfaa,249511
464300eb-3855-4132-b377-6fe93a794fee,a44a2fb9-565b-468e-a23d-5956fdd2e744,187725
245f557e-4c75-4015-b6b5-3a52111e716f,65d47575-b37f-4501-841e-142b28a09398,147958
99d5f7aa-2bc3-4aab-be55-528b049579c6,10949264-8492-44d9-ba5c-65c4b7838df4,381914
6603d019-cf11-4464-af83-d73a6114d7d9,e731b69c-eeaf-4cae-8db6-e0cb7a703579,8590
96e28973-b877-402f-b3ae-36ec55c8844e,1cf3a191-a526-4d97-a3d3-434d14f60ce3,488220
2993ded9-071e-45bc-9b13-accdf5d3ebec,7cc6cfa4-c1e9-494a-986b-bbf607bc5550,5643
dbc42853-f1be-402c-845f-6452bea1fcf0,f5a4a30f-bf41-44c8-b3b3-283ffe260a60,141712
07f047c6-eec0-4f71-98d8-0b06fac54ea9,01961663-3143-4f5c-92e7-965eec12a0f9,265239
2daeec3a-f864-4eba-bdf5-03ccf9feb992,b31626b2-19f3-473f-8056-240a12f26768,238906
245f557e-4c75-4015-b6b5-3a52111e716f,6603d019-cf11-4464-af83-d73a6114d7d9,82030
1a445f91-2ead-438a-9157-e2306187972a,b5c5b6ab-0337-4187-afc3-a1ec6230064f,445855
f52dd1ff-6bbf-4473-8f2f-718db4a10f87,d1f46208-0958-4793-bf89-39afc8da5c85,507723
d1f46208-0958-4793-bf89-39afc8da5c85,1a445f91-2ead-438a-9157-e2306187972a,215520
15ba1443-4cf1-4367-93b6-60fbb95a5b5e,b35a5f3e-d9e7-47bf-a5f8-e8abdc9166c0,98297
78699c1e-3234-4c39-a2d4-5e6e545dc68e,6603d019-cf11-4464-af83-d73a6114d7d9,76197
d7ea63f6-7280-453f-83c2-3f8ddc60ef79,68dd02c1-3e68-4d4d-8773-fe9569808537,286555
4d871fb3-f0e1-4dc9-8415-2546e8723250,3b07c7ff-6fed-490a-a9e1-f5bafebc6f0b,191511
1db7abdf-2504-4e24-99b3-3dffe16ee8eb,cce1aaa6-a333-477e-8c63-815bef486b25,363581
f5a4a30f-bf41-44c8-b3b3-283ffe260a60,25b1246f-0e37-44e9-a053-8fa48c7f8e1e,242165
2daeec3a-f864-4eba-bdf5-03ccf9feb992,a8fe04d7-c6e9-4857-be39-37559d653f33,213182
7e557ea8-c91d-46eb-8ca1-0358f43dcabe,b55783b5-489c-4878-a0aa-c81825d0ae80,179851
1a445f91-2ead-438a-9157-e2306187972a,21140c1d-976c-4879-8bdc-a2a06014a372,544877
08610465-eb20-4cef-a770-ee3cd8e75508,558c8707-3d8a-4375-8e7e-998395fb46e5,221463
28be9ff8-6e8b-486b-bf5d-0d5f62c0c810,0532f619-2dfb-4ed2-8656-ce67a56128aa,206323
e413f084-e90e-424a-b205-f3dd75142edc,4e6f9bb8-78a5-4e09-9673-cce1f5489a5b,16500
12ff259b-fcec-4111-8a3e-92f1b34ef005,b391f9a6-4399-4069-9150-100fa9423b03,260899
c63bfa5b-d5bb-461c-b9eb-e8744301a90e,8a1eb4a2-9b78-44bf-bb1e-2556e0dab34c,138921
e413f084-e90e-424a-b205-f3dd75142edc,b5dc2142-0bad-4987-be8e-d11f22d9ea51,21103
54835b8a-a27f-4145-a0f6-df40badc1d0e,db21b201-6b2e-4e52-ad8d-d44123fc5c63,73113
47cd9c20-4d9e-4b8a-813b-7cf5ccc918cd,10949264-8492-44d9-ba5c-65c4b7838df4,53625
87fcf9bd-c496-499a-8ddd-b5f35af99931,6603d019-cf11-4464-af83-d73a6114d7d9,119445
14d26f53-dd5e-4cfa-aada-67c21bb5d939,384df65c-8611-4041-99a2-9b5a19d87245,161102
21140c1d-976c-4879-8bdc-a2a06014a372,b55783b5-489c-4878-a0aa-c81825d0ae80,186532
b5dc2142-0bad-4987-be8e-d11f22d9ea51,7e557ea8-c91d-46eb-8ca1-0358f43dcabe,201045
6c6bed17-97db-4220-bcd7-9c74bb5c30a0,6603d019-cf11-4464-af83-d73a6114d7d9,166522
400beeb3-50ab-4b56-8775-3b2b07aedbc3,07f047c6-eec0-4f71-98d8-0b06fac54ea9,123026
78560cc8-0cca-433a-8291-89c80601bf63,87d34d56-3bfc-4b8e-b3cf-5f8fc1df2732,21387
f5a4a30f-bf41-44c8-b3b3-283ffe260a60,e7338740-b7ee-469c-9c74-bee7dd5f18d2,135253
b5dc2142-0bad-4987-be8e-d11f22d9ea51,1ab2769c-a290-4b2f-9e27-da26985f69d8,458988
b5dc2142-0bad-4987-be8e-d11f22d9ea51,e313b334-d8e0-4f9d-a841-02495ccfd0d4,234684
0532f619-2dfb-4ed2-8656-ce67a56128aa,7cc6cfa4-c1e9-494a-986b-bbf607bc5550,176476
28be9ff8-6e8b-486b-bf5d-0d5f62c0c810,01961663-3143-4f5c-92e7-965eec12a0f9,440409
04d0fe46-e270-4bf0-b721-ee363d6a6e2f,64afb508-3fdb-4f14-a721-040f46ad6d54,348886
759c268e-84f7-4975-a0d9-19b2cd8f0dde,4b3124e8-5fe8-4c26-8e72-8f6ba2766978,286672
cb0c31f6-0fd6-46de-af02-5d25005aa5bb,095d08c2-5199-4d31-a548-12b5955c61a1,321325
119ea857-b60b-491c-8e01-ab437e50f26e,ea73977d-dcbd-4fd4-81c2-5ac84fa64cac,83113
2993ded9-071e-45bc-9b13-accdf5d3ebec,853a8faf-f277-4783-a080-1a32165bdc6e,8512
85b8f4a0-8132-49e1-8991-32d3b09d6b71,c855958a-64c0-4592-b32a-d7a4c8b2b733,125319
8c6f7203-3c40-4766-9212-79d89260e8e9,65d47575-b37f-4501-841e-142b28a09398,202792
d9dbc87f-1fec-4d78-bf2b-ec41887dfd44,cd0aac86-7ac4-4828-8feb-b4a36d4f517c,296837
a43c454e-eaae-4ccf-ba48-24cf178c0031,5e62c6a4-2bb4-4e1c-8488-e10c7b1c3f63,2068
99d5f7aa-2bc3-4aab-be55-528b049579c6,08610465-eb20-4cef-a770-ee3cd8e75508,439135
e7338740-b7ee-469c-9c74-bee7dd5f18d2,04d0fe46-e270-4bf0-b721-ee363d6a6e2f,111891
7cc6cfa4-c1e9-494a-986b-bbf607bc5550,60daa3ab-6065-4f2b-830b-86b36bb4afe8,473358
87d34d56-3bfc-4b8e-b3cf-5f8fc1df2732,96e28973-b877-402f-b3ae-36ec55c8844e,111816
7e557ea8-c91d-46eb-8ca1-0358f43dcabe,58207bba-605a-4b23-98aa-9ac09a28437f,229540
c855958a-64c0-4592-b32a-d7a4c8b2b733,21140c1d-976c-4879-8bdc-a2a06014a372,264885
7d7c80c6-da3d-482a-87d2-4323b489f08b,2daeec3a-f864-4eba-bdf5-03ccf9feb992,25374
e413f084-e90e-424a-b205-f3dd75142edc,2993ded9-071e-45bc-9b13-accdf5d3ebec,6471
06e59082-1be0-4c86-87a5-ccf1f9fea164,4e6f9bb8-78a5-4e09-9673-cce1f5489a5b,200793
b391f9a6-4399-4069-9150-100fa9423b03,394c6a7f-f4e5-40b8-bf5b-a953d624f184,367109
99d5f7aa-2bc3-4aab-be55-528b049579c6,4e6f9bb8-78a5-4e09-9673-cce1f5489a5b,333584
310f8c32-4e53-4985-bd1b-6da805a969db,2993ded9-071e-45bc-9b13-accdf5d3ebec,180084
558c8707-3d8a-4375-8e7e-998395fb46e5,d9dbc87f-1fec-4d78-bf2b-ec41887dfd44,47738
cf8d0727-06ae-41b7-a2bf-c14ea6affcfa,4d871fb3-f0e1-4dc9-8415-2546e8723250,124027
45e57df9-772b-40ca-aafc-898162c69844,cd0aac86-7ac4-4828-8feb-b4a36d4f517c,297429
b391f9a6-4399-4069-9150-100fa9423b03,e413f084-e90e-424a-b205-f3dd75142edc,201377
5f9a0ffa-c748-4fbb-95a5-8eab94c05210,a43c454e-eaae-4ccf-ba48-24cf178c0031,193677
2daeec3a-f864-4eba-bdf5-03ccf9feb992,9eddc067-b8c5-418d-8707-e41b27dafb46,125577
f38f3d11-ca55-4e14-9b7a-3c41774011e1,b55783b5-489c-4878-a0aa-c81825d0ae80,391261
60daa3ab-6065-4f2b-830b-86b36bb4afe8,58207bba-605a-4b23-98aa-9ac09a28437f,250769
5e62c6a4-2bb4-4e1c-8488-e10c7b1c3f63,b54ac68a-3eca-435c-8902-200a1a1b09ff,98443
853a8faf-f277-4783-a080-1a32165bdc6e,9eddc067-b8c5-418d-8707-e41b27dafb46,420242
3fe4fa6b-719c-428e-ab19-ac1e5a83f0f1,a44a2fb9-565b-468e-a23d-5956fdd2e744,97193
14d26f53-dd5e-4cfa-aada-67c21bb5d939,67a1a352-63c6-43f9-9d71-ce28a20ae21c,108512
83ca04ab-5096-4031-b64a-163ca57dfb1b,4b3124e8-5fe8-4c26-8e72-8f6ba2766978,230631
e313b334-d8e0-4f9d-a841-02495ccfd0d4,2daeec3a-f864-4eba-bdf5-03ccf9feb992,383974
65d47575-b37f-4501-841e-142b28a09398,7cc6cfa4-c1e9-494a-986b-bbf607bc5550,134755
a43c454e-eaae-4ccf-ba48-24cf178c0031,65d47575-b37f-4501-841e-142b28a09398,4720
2993ded9-071e-45bc-9b13-accdf5d3ebec,1a445f91-2ead-438a-9157-e2306187972a,3469
e7338740-b7ee-469c-9c74-bee7dd5f18d2,9bb7ec36-dda1-4ff9-a738-6f7f2e9f7630,341150
7d7d78f3-acce-4f6a-9cea-2a3afcde3e8f,a90a0979-3d6a-4c77-b2ce-81ba1f5311a5,3854
45e57df9-772b-40ca-aafc-898162c69844,4b3124e8-5fe8-4c26-8e72-8f6ba2766978,411979
b5dc2142-0bad-4987-be8e-d11f22d9ea51,3628d3b6-b07f-41cd-8c09-8c99afa414ba,561561
54835b8a-a27f-4145-a0f6-df40badc1d0e,e121b8a7-f238-42b9-8457-181650d599f1,94638
d59927c9-8f84-405f-b928-2ec21f8c6eb1,dbc42853-f1be-402c-845f-6452bea1fcf0,125045
180627e6-0c19-44ba-82b6-4ec97d3ad85d,07f047c6-eec0-4f71-98d8-0b06fac54ea9,185364
095d08c2-5199-4d31-a548-12b5955c61a1,245f557e-4c75-4015-b6b5-3a52111e716f,205721
32fffa33-1cd7-46d6-8e2e-e98450886d01,db21b201-6b2e-4e52-ad8d-d44123fc5c63,59159
cf8d0727-06ae-41b7-a2bf-c14ea6affcfa,3fe4fa6b-719c-428e-ab19-ac1e5a83f0f1,112681
0a672532-6002-4b7d-bee3-274a62a9fb5a,119ea857-b60b-491c-8e01-ab437e50f26e,170536
a8fe04d7-c6e9-4857-be39-37559d653f33,87fcf9bd-c496-499a-8ddd-b5f35af99931,32348
a44a2fb9-565b-468e-a23d-5956fdd2e744,21140c1d-976c-4879-8bdc-a2a06014a372,53949
e121b8a7-f238-42b9-8457-181650d599f1,2993ded9-071e-45bc-9b13-accdf5d3ebec,19328
b5c5b6ab-0337-4187-afc3-a1ec6230064f,51d7b18f-7c8c-4230-a198-36ad0e73f79d,123467
a8fe04d7-c6e9-4857-be39-37559d653f33,245f557e-4c75-4015-b6b5-3a52111e716f,59571
d9dbc87f-1fec-4d78-bf2b-ec41887dfd44,07f047c6-eec0-4f71-98d8-0b06fac54ea9,235789
99d5f7aa-2bc3-4aab-be55-528b049579c6,08610465-eb20-4cef-a770-ee3cd8e75508,398749
2130aa47-2aba-4a23-b3ca-a4360325ae32,a8fe04d7-c6e9-4857-be39-37559d653f33,263800
180627e6-0c19-44ba-82b6-4ec97d3ad85d,cb0c31f6-0fd6-46de-af02-5d25005aa5bb,129034
7fba12e8-f336-4a99-a479-dbcb1fc058b8,4e6f9bb8-78a5-4e09-9673-cce1f5489a5b,80162
54835b8a-a27f-4145-a0f6-df40badc1d0e,11e6699e-09c0-4e83-aa27-821896ae0c18,25291
394c6a7f-f4e5-40b8-bf5b-a953d624f184,47cd9c20-4d9e-4b8a-813b-7cf5ccc918cd,43638
7cc6cfa4-c1e9-494a-986b-bbf607bc5550,b55783b5-489c-4878-a0aa-c81825d0ae80,440348
a9b5bf1c-cbe0-4d26-9be9-e219091870fb,3628d3b6-b07f-41cd-8c09-8c99afa414ba,173536
48ad0f18-b76e-4483-9afc-cd7e59be5f3a,2130aa47-2aba-4a23-b3ca-a4360325ae32,389459
0e73205f-4f6a-4208-ad93-9e5206df13c7,3fe4fa6b-719c-428e-ab19-ac1e5a83f0f1,255627
c855958a-64c0-4592-b32a-d7a4c8b2b733,d1f46208-0958-4793-bf89-39afc8da5c85,75746
3fe4fa6b-719c-428e-ab19-ac1e5a83f0f1,0a672532-6002-4b7d-bee3-274a62a9fb5a,75912
464300eb-3855-4132-b377-6fe93a794fee,3fe4fa6b-719c-428e-ab19-ac1e5a83f0f1,134864
1277cc00-3031-42e9-bb55-37ca86bbfb7c,095d08c2-5199-4d31-a548-12b5955c61a1,271468
384df65c-8611-4041-99a2-9b5a19d87245,60daa3ab-6065-4f2b-830b-86b36bb4afe8,115993
3fe4fa6b-719c-428e-ab19-ac1e5a83f0f1,dbc42853-f1be-402c-845f-6452bea1fcf0,141624
14d26f53-dd5e-4cfa-aada-67c21bb5d939,b391f9a6-4399-4069-9150-100fa9423b03,159749
10949264-8492-44d9-ba5c-65c4b7838df4,a8fe04d7-c6e9-4857-be39-37559d653f33,96589
7fba12e8-f336-4a99-a479-dbcb1fc058b8,8a1eb4a2-9b78-44bf-bb1e-2556e0dab34c,438776
14d26f53-dd5e-4cfa-aada-67c21bb5d939,d1f46208-0958-4793-bf89-39afc8da5c85,178596
db21b201-6b2e-4e52-ad8d-d44123fc5c63,78560cc8-0cca-433a-8291-89c80601bf63,55345
27a6c30d-3dd4-430c-9b72-6a22b6bc28be,a44a2fb9-565b-468e-a23d-5956fdd2e744,354871
1cf3a191-a526-4d97-a3d3-434d14f60ce3,c63bfa5b-d5bb-461c-b9eb-e8744301a90e,418226
9eddc067-b8c5-418d-8707-e41b27dafb46,0305e738-0366-4b59-9641-5036465d07cd,41893
0e73205f-4f6a-4208-ad93-9e5206df13c7,47cd9c20-4d9e-4b8a-813b-7cf5ccc918cd,91274
5d4da318-295f-43fd-b303-bbd5fc786145,5065fc4a-0d76-4ae7-84f0-b17d57bc7ce8,131237
21140c1d-976c-4879-8bdc-a2a06014a372,f5a4a30f-bf41-44c8-b3b3-283ffe260a60,201457
e7338740-b7ee-469c-9c74-bee7dd5f18d2,25b1246f-0e37-44e9-a053-8fa48c7f8e1e,174985
2daeec3a-f864-4eba-bdf5-03ccf9feb992,11e6699e-09c0-4e83-aa27-821896ae0c18,86086
87fcf9bd-c496-499a-8ddd-b5f35af99931,d1f46208-0958-4793-bf89-39afc8da5c85,36932
47cd9c20-4d9e-4b8a-813b-7cf5ccc918cd,22a5a25e-618e-456a-b80a-9cbef2c43460,61772
2c754a65-ff58-47e6-85c1-78eb1aca2225,0532f619-2dfb-4ed2-8656-ce67a56128aa,68874
4e6f9bb8-78a5-4e09-9673-cce1f5489a5b,2c754a65-ff58-47e6-85c1-78eb1aca2225,40676
d59927c9-8f84-405f-b928-2ec21f8c6eb1,45e57df9-772b-40ca-aafc-898162c69844,87325
78699c1e-3234-4c39-a2d4-5e6e545dc68e,1cf3a191-a526-4d97-a3d3-434d14f60ce3,357965
6e279e72-004f-470e-8bb4-0999c3fc6164,cce1aaa6-a333-477e-8c63-815bef486b25,164473
1277cc00-3031-42e9-bb55-37ca86bbfb7c,fadaa8d2-d11e-48f4-b113-7ae97265e717,83143
7d7c80c6-da3d-482a-87d2-4323b489f08b,f52dd1ff-6bbf-4473-8f2f-718db4a10f87,8097
a8a3a809-1348-41fe-b334-afa6e29e0493,5e62c6a4-2bb4-4e1c-8488-e10c7b1c3f63,149811
7fba12e8-f336-4a99-a479-dbcb1fc058b8,385ddbb9-9e74-4532-b04a-de4e304cf8a7,234004
7cc6cfa4-c1e9-494a-986b-bbf607bc5550,3628d3b6-b07f-41cd-8c09-8c99afa414ba,536494
83ca04ab-5096-4031-b64a-163ca57dfb1b,db21b201-6b2e-4e52-ad8d-d44123fc5c63,160393
f38f3d11-ca55-4e14-9b7a-3c41774011e1,cd0aac86-7ac4-4828-8feb-b4a36d4f517c,485643
7d7d78f3-acce-4f6a-9cea-2a3afcde3e8f,a43c454e-eaae-4ccf-ba48-24cf178c0031,7027
8c6f7203-3c40-4766-9212-79d89260e8e9,3535f85d-9583-4470-ac4c-9afdc1038270,353895
cce1aaa6-a333-477e-8c63-815bef486b25,83ca04ab-5096-4031-b64a-163ca57dfb1b,283274
384df65c-8611-4041-99a2-9b5a19d87245,83ca04ab-5096-4031-b64a-163ca57dfb1b,159214
cd4373fe-0091-4421-898d-1322bb7921e8,a90a0979-3d6a-4c77-b2ce-81ba1f5311a5,541337
839cc007-0190-43a3-a229-b97fe0fdddd1,464300eb-3855-4132-b377-6fe93a794fee,40895
f52dd1ff-6bbf-4473-8f2f-718db4a10f87,14d26f53-dd5e-4cfa-aada-67c21bb5d939,441061
4e6f9bb8-78a5-4e09-9673-cce1f5489a5b,5f9a0ffa-c748-4fbb-95a5-8eab94c05210,143061
6603d019-cf11-4464-af83-d73a6114d7d9,b55783b5-489c-4878-a0aa-c81825d0ae80,7158
558c8707-3d8a-4375-8e7e-998395fb46e5,d1f46208-0958-4793-bf89-39afc8da5c85,94901
3628d3b6-b07f-41cd-8c09-8c99afa414ba,e3dc7114-400f-4423-b05f-d6c737c28279,118076
45e57df9-772b-40ca-aafc-898162c69844,a8a3a809-1348-41fe-b334-afa6e29e0493,414016
558c8707-3d8a-4375-8e7e-998395fb46e5,4b2c12b4-cdf9-4dc2-b23a-09610cc147eb,119863
394c6a7f-f4e5-40b8-bf5b-a953d624f184,2c754a65-ff58-47e6-85c1-78eb1aca2225,114721
7fba12e8-f336-4a99-a479-dbcb1fc058b8,e413f084-e90e-424a-b205-f3dd75142edc,349128
db21b201-6b2e-4e52-ad8d-d44123fc5c63,7d7d78f3-acce-4f6a-9cea-2a3afcde3e8f,28724
28be9ff8-6e8b-486b-bf5d-0d5f62c0c810,64afb508-3fdb-4f14-a721-040f46ad6d54,172214
54d734a2-73fa-4c9d-8cf3-7a39eaef3b2d,27a6c30d-3dd4-430c-9b72-6a22b6bc28be,32852
7d7c80c6-da3d-482a-87d2-4323b489f08b,67a1a352-63c6-43f9-9d71-ce28a20ae21c,16199
78560cc8-0cca-433a-8291-89c80601bf63,a730d385-0f71-42a3-8b8c-b4195bfa8f1f,20751
27a6c30d-3dd4-430c-9b72-6a22b6bc28be,839cc007-0190-43a3-a229-b97fe0fdddd1,321321
c855958a-64c0-4592-b32a-d7a4c8b2b733,9303996d-4078-4c79-80db-6a3eaa36104a,224998
1dc801b8-53d9-46a5-85fd-164140883dd0,095d08c2-5199-4d31-a548-12b5955c61a1,197757
3b07c7ff-6fed-490a-a9e1-f5bafebc6f0b,12ff259b-fcec-4111-8a3e-92f1b34ef005,410296
58207bba-605a-4b23-98aa-9ac09a28437f,0e73205f-4f6a-4208-ad93-9e5206df13c7,8876
a90a0979-3d6a-4c77-b2ce-81ba1f5311a5,1a445f91-2ead-438a-9157-e2306187972a,100669
e731b69c-eeaf-4cae-8db6-e0cb7a703579,4b3124e8-5fe8-4c26-8e72-8f6ba2766978,72084
180627e6-0c19-44ba-82b6-4ec97d3ad85d,c855958a-64c0-4592-b32a-d7a4c8b2b733,72944
04d0fe46-e270-4bf0-b721-ee363d6a6e2f,2993ded9-071e-45bc-9b13-accdf5d3ebec,360574
385ddbb9-9e74-4532-b04a-de4e304cf8a7,3fe4fa6b-719c-428e-ab19-ac1e5a83f0f1,71716
08610465-eb20-4cef-a770-ee3cd8e75508,1a445f91-2ead-438a-9157-e2306187972a,88294
c9fc8fa1-ca0e-4b1e-904c-80e5d80b2e39,64afb508-3fdb-4f14-a721-040f46ad6d54,67843
cf8d0727-06ae-41b7-a2bf-c14ea6affcfa,400beeb3-50ab-4b56-8775-3b2b07aedbc3,79668
85b8f4a0-8132-49e1-8991-32d3b09d6b71,07f047c6-eec0-4f71-98d8-0b06fac54ea9,311075
b154fd49-3672-4066-8fe1-a9993e912518,b5c5b6ab-0337-4187-afc3-a1ec6230064f,70826
1a445f91-2ead-438a-9157-e2306187972a,01961663-3143-4f5c-92e7-965eec12a0f9,342093
9bb7ec36-dda1-4ff9-a738-6f7f2e9f7630,464300eb-3855-4132-b377-6fe93a794fee,216446
87fcf9bd-c496-499a-8ddd-b5f35af99931,385ddbb9-9e74-4532-b04a-de4e304cf8a7,118469
245f557e-4c75-4015-b6b5-3a52111e716f,b54ac68a-3eca-435c-8902-200a1a1b09ff,77629
b5c5b6ab-0337-4187-afc3-a1ec6230064f,7fba12e8-f336-4a99-a479-dbcb1fc058b8,109132
1277cc00-3031-42e9-bb55-37ca86bbfb7c,1dc801b8-53d9-46a5-85fd-164140883dd0,106071
b5c5b6ab-0337-4187-afc3-a1ec6230064f,c855958a-64c0-4592-b32a-d7a4c8b2b733,178666
759c268e-84f7-4975-a0d9-19b2cd8f0dde,b54ac68a-3eca-435c-8902-200a1a1b09ff,120982
384df65c-8611-4041-99a2-9b5a19d87245,5f9a0ffa-c748-4fbb-95a5-8eab94c05210,87828
54d734a2-73fa-4c9d-8cf3-7a39eaef3b2d,29e9ab61-e061-4d94-8cd3-c99446d51c55,48258
65d47575-b37f-4501-841e-142b28a09398,22a5a25e-618e-456a-b80a-9cbef2c43460,155255
1cf3a191-a526-4d97-a3d3-434d14f60ce3,464300eb-3855-4132-b377-6fe93a794fee,98651
85b8f4a0-8132-49e1-8991-32d3b09d6b71,1cf3a191-a526-4d97-a3d3-434d14f60ce3,80048
4d871fb3-f0e1-4dc9-8415-2546e8723250,b31626b2-19f3-473f-8056-240a12f26768,104855
96e28973-b877-402f-b3ae-36ec55c8844e,759c268e-84f7-4975-a0d9-19b2cd8f0dde,404209
384df65c-8611-4041-99a2-9b5a19d87245,21140c1d-976c-4879-8bdc-a2a06014a372,224540
7d7c80c6-da3d-482a-87d2-4323b489f08b,9bb7ec36-dda1-4ff9-a738-6f7f2e9f7630,7247
b55783b5-489c-4878-a0aa-c81825d0ae80,a9b5bf1c-cbe0-4d26-9be9-e219091870fb,31594
07f047c6-eec0-4f71-98d8-0b06fac54ea9,310f8c32-4e53-4985-bd1b-6da805a969db,215874
f52dd1ff-6bbf-4473-8f2f-718db4a10f87,a8fe04d7-c6e9-4857-be39-37559d653f33,99290
87fcf9bd-c496-499a-8ddd-b5f35af99931,01961663-3143-4f5c-92e7-965eec12a0f9,115623
0305e738-0366-4b59-9641-5036465d07cd,245f557e-4c75-4015-b6b5-3a52111e716f,265042
32fffa33-1cd7-46d6-8e2e-e98450886d01,98eab8e7-ae72-4457-9ea0-742b7ae8093d,55154
68dd02c1-3e68-4d4d-8773-fe9569808537,b5dc2142-0bad-4987-be8e-d11f22d9ea51,446757
3535f85d-9583-4470-ac4c-9afdc1038270,fadaa8d2-d11e-48f4-b113-7ae97265e717,163687
1a445f91-2ead-438a-9157-e2306187972a,0e73205f-4f6a-4208-ad93-9e5206df13c7,407096
51d7b18f-7c8c-4230-a198-36ad0e73f79d,558c8707-3d8a-4375-8e7e-998395fb46e5,445854
385ddbb9-9e74-4532-b04a-de4e304cf8a7,1a445f91-2ead-438a-9157-e2306187972a,71227
310f8c32-4e53-4985-bd1b-6da805a969db,12ff259b-fcec-4111-8a3e-92f1b34ef005,177817
9303996d-4078-4c79-80db-6a3eaa36104a,db21b201-6b2e-4e52-ad8d-d44123fc5c63,494015
28be9ff8-6e8b-486b-bf5d-0d5f62c0c810,08610465-eb20-4cef-a770-ee3cd8e75508,205187
6e279e72-004f-470e-8bb4-0999c3fc6164,83ca04ab-5096-4031-b64a-163ca57dfb1b,210234
c63bfa5b-d5bb-461c-b9eb-e8744301a90e,f38f3d11-ca55-4e14-9b7a-3c41774011e1,42179
0a672532-6002-4b7d-bee3-274a62a9fb5a,1db7abdf-2504-4e24-99b3-3dffe16ee8eb,151484
d59927c9-8f84-405f-b928-2ec21f8c6eb1,dbc42853-f1be-402c-845f-6452bea1fcf0,73826
db21b201-6b2e-4e52-ad8d-d44123fc5c63,54d734a2-73fa-4c9d-8cf3-7a39eaef3b2d,80403
67a1a352-63c6-43f9-9d71-ce28a20ae21c,12ff259b-fcec-4111-8a3e-92f1b34ef005,14581
839cc007-0190-43a3-a229-b97fe0fdddd1,e7338740-b7ee-469c-9c74-bee7dd5f18d2,51875
12ff259b-fcec-4111-8a3e-92f1b34ef005,0a48b595-c065-4fc3-81fc-25305be2e919,118617
e7338740-b7ee-469c-9c74-bee7dd5f18d2,180627e6-0c19-44ba-82b6-4ec97d3ad85d,357979
87d34d56-3bfc-4b8e-b3cf-5f8fc1df2732,0532f619-2dfb-4ed2-8656-ce67a56128aa,94425
6603d019-cf11-4464-af83-d73a6114d7d9,759c268e-84f7-4975-a0d9-19b2cd8f0dde,13029
12ff259b-fcec-4111-8a3e-92f1b34ef005,01961663-3143-4f5c-92e7-965eec12a0f9,283132
22a5a25e-618e-456a-b80a-9cbef2c43460,8a1eb4a2-9b78-44bf-bb1e-2556e0dab34c,16959
9bb7ec36-dda1-4ff9-a738-6f7f2e9f7630,85b8f4a0-8132-49e1-8991-32d3b09d6b71,159707
9303996d-4078-4c79-80db-6a3eaa36104a,7e557ea8-c91d-46eb-8ca1-0358f43dcabe,565403
394c6a7f-f4e5-40b8-bf5b-a953d624f184,01961663-3143-4f5c-92e7-965eec12a0f9,53037
1ab2769c-a290-4b2f-9e27-da26985f69d8,e121b8a7-f238-42b9-8457-181650d599f1,124487
7fba12e8-f336-4a99-a479-dbcb1fc058b8,7d7c80c6-da3d-482a-87d2-4323b489f08b,127440
a44a2fb9-565b-468e-a23d-5956fdd2e744,4130354e-87e6-4255-9189-522263c3027f,84889
a730d385-0f71-42a3-8b8c-b4195bfa8f1f,14d26f53-dd5e-4cfa-aada-67c21bb5d939,360211
4e6f9bb8-78a5-4e09-9673-cce1f5489a5b,2993ded9-071e-45bc-9b13-accdf5d3ebec,88837
60daa3ab-6065-4f2b-830b-86b36bb4afe8,e413f084-e90e-424a-b205-f3dd75142edc,141491
1277cc00-3031-42e9-bb55-37ca86bbfb7c,d1f46208-0958-4793-bf89-39afc8da5c85,202357
01961663-3143-4f5c-92e7-965eec12a0f9,0a48b595-c065-4fc3-81fc-25305be2e919,179632
4130354e-87e6-4255-9189-522263c3027f,10949264-8492-44d9-ba5c-65c4b7838df4,97608
18036c84-0da6-4c1e-9b11-126a55b485c7,b391f9a6-4399-4069-9150-100fa9423b03,464241
08610465-eb20-4cef-a770-ee3cd8e75508,c63bfa5b-d5bb-461c-b9eb-e8744301a90e,161369
a9b5bf1c-cbe0-4d26-9be9-e219091870fb,58207bba-605a-4b23-98aa-9ac09a28437f,143514
12ff259b-fcec-4111-8a3e-92f1b34ef005,01961663-3143-4f5c-92e7-965eec12a0f9,316401
4d871fb3-f0e1-4dc9-8415-2546e8723250,dbc42853-f1be-402c-845f-6452bea1fcf0,135756
0e73205f-4f6a-4208-ad93-9e5206df13c7,9eddc067-b8c5-418d-8707-e41b27dafb46,192117
78699c1e-3234-4c39-a2d4-5e6e545dc68e,cd0aac86-7ac4-4828-8feb-b4a36d4f517c,319449
2c9eb637-701c-47c0-86f9-52df6517d923,b35a5f3e-d9e7-47bf-a5f8-e8abdc9166c0,137947
b31626b2-19f3-473f-8056-240a12f26768,119ea857-b60b-491c-8e01-ab437e50f26e,290118
78699c1e-3234-4c39-a2d4-5e6e545dc68e,394c6a7f-f4e5-40b8-bf5b-a953d624f184,318943
cf8d0727-06ae-41b7-a2bf-c14ea6affcfa,5065fc4a-0d76-4ae7-84f0-b17d57bc7ce8,119864
12ff259b-fcec-4111-8a3e-92f1b34ef005,28be9ff8-6e8b-486b-bf5d-0d5f62c0c810,148796
1dc801b8-53d9-46a5-85fd-164140883dd0,759c268e-84f7-4975-a0d9-19b2cd8f0dde,356709
04d0fe46-e270-4bf0-b721-ee363d6a6e2f,b391f9a6-4399-4069-9150-100fa9423b03,374900
9eddc067-b8c5-418d-8707-e41b27dafb46,07f047c6-eec0-4f71-98d8-0b06fac54ea9,52679
ea73977d-dcbd-4fd4-81c2-5ac84fa64cac,12ff259b-fcec-4111-8a3e-92f1b34ef005,67848
558c8707-3d8a-4375-8e7e-998395fb46e5,b5c5b6ab-0337-4187-afc3-a1ec6230064f,59353
9eddc067-b8c5-418d-8707-e41b27dafb46,85b8f4a0-8132-49e1-8991-32d3b09d6b71,29853
b35a5f3e-d9e7-47bf-a5f8-e8abdc9166c0,8c6f7203-3c40-4766-9212-79d89260e8e9,67295
3535f85d-9583-4470-ac4c-9afdc1038270,b5c5b6ab-0337-4187-afc3-a1ec6230064f,217807
5f9a0ffa-c748-4fbb-95a5-8eab94c05210,cce1aaa6-a333-477e-8c63-815bef486b25,206462
b55783b5-489c-4878-a0aa-c81825d0ae80,f5a4a30f-bf41-44c8-b3b3-283ffe260a60,82970
0e73205f-4f6a-4208-ad93-9e5206df13c7,21140c1d-976c-4879-8bdc-a2a06014a372,284736
f52dd1ff-6bbf-4473-8f2f-718db4a10f87,a43c454e-eaae-4ccf-ba48-24cf178c0031,459266
0a672532-6002-4b7d-bee3-274a62a9fb5a,28be9ff8-6e8b-486b-bf5d-0d5f62c0c810,304284
759c268e-84f7-4975-a0d9-19b2cd8f0dde,04d0fe46-e270-4bf0-b721-ee363d6a6e2f,159129
22a5a25e-618e-456a-b80a-9cbef2c43460,27a6c30d-3dd4-430c-9b72-6a22b6bc28be,41880
b5c5b6ab-0337-4187-afc3-a1ec6230064f,45e57df9-772b-40ca-aafc-898162c69844,63602
cf8d0727-06ae-41b7-a2bf-c14ea6affcfa,a90a0979-3d6a-4c77-b2ce-81ba1f5311a5,42674
d3f7b752-a107-4df3-9795-14db35826c73,2130aa47-2aba-4a23-b3ca-a4360325ae32,361651
67a1a352-63c6-43f9-9d71-ce28a20ae21c,cf8d0727-06ae-41b7-a2bf-c14ea6affcfa,53331
22a5a25e-618e-456a-b80a-9cbef2c43460,b55783b5-489c-4878-a0aa-c81825d0ae80,30970
8a5a20aa-c7aa-4e06-b3af-7285634af283,a43c454e-eaae-4ccf-ba48-24cf178c0031,10616
a9b5bf1c-cbe0-4d26-9be9-e219091870fb,25b1246f-0e37-44e9-a053-8fa48c7f8e1e,241465
5e62c6a4-2bb4-4e1c-8488-e10c7b1c3f63,58207bba-605a-4b23-98aa-9ac09a28437f,113781
06e59082-1be0-4c86-87a5-ccf1f9fea164,d1f46208-0958-4793-bf89-39afc8da5c85,421385
11e6699e-09c0-4e83-aa27-821896ae0c18,b5c5b6ab-0337-4187-afc3-a1ec6230064f,100662
78fd87d1-526d-4b18-8de8-c4c281977037,6e279e72-004f-470e-8bb4-0999c3fc6164,32975
400beeb3-50ab-4b56-8775-3b2b07aedbc3,0e73205f-4f6a-4208-ad93-9e5206df13c7,171626
b2063c94-d6ff-4b99-9b1a-191d9fc22602,a44a2fb9-565b-468e-a23d-5956fdd2e744,234664
07f047c6-eec0-4f71-98d8-0b06fac54ea9,d7ea63f6-7280-453f-83c2-3f8ddc60ef79,324865
7fba12e8-f336-4a99-a479-dbcb1fc058b8,f38f3d11-ca55-4e14-9b7a-3c41774011e1,242880
1cf3a191-a526-4d97-a3d3-434d14f60ce3,e313b334-d8e0-4f9d-a841-02495ccfd0d4,271143
98eab8e7-ae72-4457-9ea0-742b7ae8093d,b391f9a6-4399-4069-9150-100fa9423b03,41644
27a6c30d-3dd4-430c-9b72-6a22b6bc28be,9303996d-4078-4c79-80db-6a3eaa36104a,270986
25cf4233-39d3-47dc-bf10-51d2687e74de,32fffa33-1cd7-46d6-8e2e-e98450886d01,52242
3fe4fa6b-719c-428e-ab19-ac1e5a83f0f1,60daa3ab-6065-4f2b-830b-86b36bb4afe8,90726
14d26f53-dd5e-4cfa-aada-67c21bb5d939,b54ac68a-3eca-435c-8902-200a1a1b09ff,70403
8c6f7203-3c40-4766-9212-79d89260e8e9,b55783b5-489c-4878-a0aa-c81825d0ae80,94342
08610465-eb20-4cef-a770-ee3cd8e75508,4130354e-87e6-4255-9189-522263c3027f,101892
1cf3a191-a526-4d97-a3d3-434d14f60ce3,83ca04ab-5096-4031-b64a-163ca57dfb1b,120798
0a672532-6002-4b7d-bee3-274a62a9fb5a,558c8707-3d8a-4375-8e7e-998395fb46e5,184961
27a6c30d-3dd4-430c-9b72-6a22b6bc28be,ea73977d-dcbd-4fd4-81c2-5ac84fa64cac,472888
400beeb3-50ab-4b56-8775-3b2b07aedbc3,8a5a20aa-c7aa-4e06-b3af-7285634af283,93072
83ca04ab-5096-4031-b64a-163ca57dfb1b,d7ea63f6-7280-453f-83c2-3f8ddc60ef79,321042
7fba12e8-f336-4a99-a479-dbcb1fc058b8,54835b8a-a27f-4145-a0f6-df40badc1d0e,285876
759c268e-84f7-4975-a0d9-19b2cd8f0dde,25b1246f-0e37-44e9-a053-8fa48c7f8e1e,174626
5065fc4a-0d76-4ae7-84f0-b17d57bc7ce8,095d08c2-5199-4d31-a548-12b5955c61a1,189350
6603d019-cf11-4464-af83-d73a6114d7d9,54835b8a-a27f-4145-a0f6-df40badc1d0e,4838
28be9ff8-6e8b-486b-bf5d-0d5f62c0c810,48ad0f18-b76e-4483-9afc-cd7e59be5f3a,261695
a8a3a809-1348-41fe-b334-afa6e29e0493,98eab8e7-ae72-4457-9ea0-742b7ae8093d,178212
b31626b2-19f3-473f-8056-240a12f26768,b55783b5-489c-4878-a0aa-c81825d0ae80,222489
b2063c94-d6ff-4b99-9b1a-191d9fc22602,cce1aaa6-a333-477e-8c63-815bef486b25,148266
99d5f7aa-2bc3-4aab-be55-528b049579c6,98eab8e7-ae72-4457-9ea0-742b7ae8093d,379493
0a672532-6002-4b7d-bee3-274a62a9fb5a,b31626b2-19f3-473f-8056-240a12f26768,290410
10949264-8492-44d9-ba5c-65c4b7838df4,8a5a20aa-c7aa-4e06-b3af-7285634af283,122358
d9dbc87f-1fec-4d78-bf2b-ec41887dfd44,2c9eb637-701c-47c0-86f9-52df6517d923,62942
67a1a352-63c6-43f9-9d71-ce28a20ae21c,c855958a-64c0-4592-b32a-d7a4c8b2b733,63320
8a1eb4a2-9b78-44bf-bb1e-2556e0dab34c,b54ac68a-3eca-435c-8902-200a1a1b09ff,266647
7fba12e8-f336-4a99-a479-dbcb1fc058b8,0305e738-0366-4b59-9641-5036465d07cd,308988
98eab8e7-ae72-4457-9ea0-742b7ae8093d,10949264-8492-44d9-ba5c-65c4b7838df4,33791
27a6c30d-3dd4-430c-9b72-6a22b6bc28be,d1f46208-0958-4793-bf89-39afc8da5c85,404086
99d5f7aa-2bc3-4aab-be55-528b049579c6,14d26f53-dd5e-4cfa-aada-67c21bb5d939,553312
6e279e72-004f-470e-8bb4-0999c3fc6164,22a5a25e-618e-456a-b80a-9cbef2c43460,406218
8536988f-ed41-448c-97ce-9555c75abfaa,b55783b5-489c-4878-a0aa-c81825d0ae80,183501
1ab2769c-a290-4b2f-9e27-da26985f69d8,a730d385-0f71-42a3-8b8c-b4195bfa8f1f,168198
310f8c32-4e53-4985-bd1b-6da805a969db,4b3124e8-5fe8-4c26-8e72-8f6ba2766978,86371
07f047c6-eec0-4f71-98d8-0b06fac54ea9,b35a5f3e-d9e7-47bf-a5f8-e8abdc9166c0,237874
839cc007-0190-43a3-a229-b97fe0fdddd1,25cf4233-39d3-47dc-bf10-51d2687e74de,27726
384df65c-8611-4041-99a2-9b5a19d87245,e731b69c-eeaf-4cae-8db6-e0cb7a703579,186276
65d47575-b37f-4501-841e-142b28a09398,28be9ff8-6e8b-486b-bf5d-0d5f62c0c810,50369
7d7d78f3-acce-4f6a-9cea-2a3afcde3e8f,d3f7b752-a107-4df3-9795-14db35826c73,5402
e313b334-d8e0-4f9d-a841-02495ccfd0d4,68dd02c1-3e68-4d4d-8773-fe9569808537,223853
3fe4fa6b-719c-428e-ab19-ac1e5a83f0f1,cd0aac86-7ac4-4828-8feb-b4a36d4f517c,151117
3b07c7ff-6fed-490a-a9e1-f5bafebc6f0b,394c6a7f-f4e5-40b8-bf5b-a953d624f184,100828
87fcf9bd-c496-499a-8ddd-b5f35af99931,b154fd49-3672-4066-8fe1-a9993e912518,75847
dbc42853-f1be-402c-845f-6452bea1fcf0,54835b8a-a27f-4145-a0f6-df40badc1d0e,125633
21140c1d-976c-4879-8bdc-a2a06014a372,a730d385-0f71-42a3-8b8c-b4195bfa8f1f,106819
6c6bed17-97db-4220-bcd7-9c74bb5c30a0,839cc007-0190-43a3-a229-b97fe0fdddd1,274201
25cf4233-39d3-47dc-bf10-51d2687e74de,d3f7b752-a107-4df3-9795-14db35826c73,46090
9303996d-4078-4c79-80db-6a3eaa36104a,b31626b2-19f3-473f-8056-240a12f26768,233709
119ea857-b60b-491c-8e01-ab437e50f26e,21140c1d-976c-4879-8bdc-a2a06014a372,361638
83ca04ab-5096-4031-b64a-163ca57dfb1b,5e62c6a4-2bb4-4e1c-8488-e10c7b1c3f63,80532
1a445f91-2ead-438a-9157-e2306187972a,119ea857-b60b-491c-8e01-ab437e50f26e,197917
51d7b18f-7c8c-4230-a198-36ad0e73f79d,e121b8a7-f238-42b9-8457-181650d599f1,396036
db21b201-6b2e-4e52-ad8d-d44123fc5c63,839cc007-0190-43a3-a229-b97fe0fdddd1,96694
b2063c94-d6ff-4b99-9b1a-191d9fc22602,5065fc4a-0d76-4ae7-84f0-b17d57bc7ce8,213393
78699c1e-3234-4c39-a2d4-5e6e545dc68e,558c8707-3d8a-4375-8e7e-998395fb46e5,174915
e731b69c-eeaf-4cae-8db6-e0cb7a703579,4b3124e8-5fe8-4c26-8e72-8f6ba2766978,59058
464300eb-3855-4132-b377-6fe93a794fee,7d7d78f3-acce-4f6a-9cea-2a3afcde3e8f,56813
e121b8a7-f238-42b9-8457-181650d599f1,c63bfa5b-d5bb-461c-b9eb-e8744301a90e,21509
4130354e-87e6-4255-9189-522263c3027f,14d26f53-dd5e-4cfa-aada-67c21bb5d939,310207
d7ea63f6-7280-453f-83c2-3f8ddc60ef79,839cc007-0190-43a3-a229-b97fe0fdddd1,239315
a8a3a809-1348-41fe-b334-afa6e29e0493,22a5a25e-618e-456a-b80a-9cbef2c43460,159372
68dd02c1-3e68-4d4d-8773-fe9569808537,1cf3a191-a526-4d97-a3d3-434d14f60ce3,111112
310f8c32-4e53-4985-bd1b-6da805a969db,e121b8a7-f238-42b9-8457-181650d599f1,170970
0a48b595-c065-4fc3-81fc-25305be2e919,25cf4233-39d3-47dc-bf10-51d2687e74de,298383
394c6a7f-f4e5-40b8-bf5b-a953d624f184,e413f084-e90e-424a-b205-f3dd75142edc,118600
2daeec3a-f864-4eba-bdf5-03ccf9feb992,0532f619-2dfb-4ed2-8656-ce67a56128aa,125307
2c9eb637-701c-47c0-86f9-52df6517d923,06e59082-1be0-4c86-87a5-ccf1f9fea164,123747
60daa3ab-6065-4f2b-830b-86b36bb4afe8,f38f3d11-ca55-4e14-9b7a-3c41774011e1,132094
25cf4233-39d3-47dc-bf10-51d2687e74de,f52dd1ff-6bbf-4473-8f2f-718db4a10f87,56438
fadaa8d2-d11e-48f4-b113-7ae97265e717,f52dd1ff-6bbf-4473-8f2f-718db4a10f87,31240
6e279e72-004f-470e-8bb4-0999c3fc6164,2c9eb637-701c-47c0-86f9-52df6517d923,322999
8c6f7203-3c40-4766-9212-79d89260e8e9,7cc6cfa4-c1e9-494a-986b-bbf607bc5550,78952
095d08c2-5199-4d31-a548-12b5955c61a1,2c754a65-ff58-47e6-85c1-78eb1aca2225,201019
a730d385-0f71-42a3-8b8c-b4195bfa8f1f,464300eb-3855-4132-b377-6fe93a794fee,229686
54d734a2-73fa-4c9d-8cf3-7a39eaef3b2d,28be9ff8-6e8b-486b-bf5d-0d5f62c0c810,66532
a9b5bf1c-cbe0-4d26-9be9-e219091870fb,28be9ff8-6e8b-486b-bf5d-0d5f62c0c810,76356
78560cc8-0cca-433a-8291-89c80601bf63,8a5a20aa-c7aa-4e06-b3af-7285634af283,24017
07f047c6-eec0-4f71-98d8-0b06fac54ea9,b154fd49-3672-4066-8fe1-a9993e912518,381649
d9dbc87f-1fec-4d78-bf2b-ec41887dfd44,d59927c9-8f84-405f-b928-2ec21f8c6eb1,228098
cd4373fe-0091-4421-898d-1322bb7921e8,d7ea63f6-7280-453f-83c2-3f8ddc60ef79,406925
2c754a65-ff58-47e6-85c1-78eb1aca2225,b2063c94-d6ff-4b99-9b1a-191d9fc22602,82164
98eab8e7-ae72-4457-9ea0-742b7ae8093d,e3dc7114-400f-4423-b05f-d6c737c28279,69584
9303996d-4078-4c79-80db-6a3eaa36104a,7cc6cfa4-c1e9-494a-986b-bbf607bc5550,225571
384df65c-8611-4041-99a2-9b5a19d87245,fadaa8d2-d11e-48f4-b113-7ae97265e717,226727
a43c454e-eaae-4ccf-ba48-24cf178c0031,6c6bed17-97db-4220-bcd7-9c74bb5c30a0,2725
db21b201-6b2e-4e52-ad8d-d44123fc5c63,a9b5bf1c-cbe0-4d26-9be9-e219091870fb,69838
b35a5f3e-d9e7-47bf-a5f8-e8abdc9166c0,2daeec3a-f864-4eba-bdf5-03ccf9feb992,130117
4b3124e8-5fe8-4c26-8e72-8f6ba2766978,4e6f9bb8-78a5-4e09-9673-cce1f5489a5b,320389
c855958a-64c0-4592-b32a-d7a4c8b2b733,394c6a7f-f4e5-40b8-bf5b-a953d624f184,204387
83ca04ab-5096-4031-b64a-163ca57dfb1b,a44a2fb9-565b-468e-a23d-5956fdd2e744,258158
51d7b18f-7c8c-4230-a198-36ad0e73f79d,1cf3a191-a526-4d97-a3d3-434d14f60ce3,302879
d3f7b752-a107-4df3-9795-14db35826c73,f5a4a30f-bf41-44c8-b3b3-283ffe260a60,485578
10949264-8492-44d9-ba5c-65c4b7838df4,d9dbc87f-1fec-4d78-bf2b-ec41887dfd44,226080
01961663-3143-4f5c-92e7-965eec12a0f9,759c268e-84f7-4975-a0d9-19b2cd8f0dde,184404
21140c1d-976c-4879-8bdc-a2a06014a372,7e557ea8-c91d-46eb-8ca1-0358f43dcabe,75471
095d08c2-5199-4d31-a548-12b5955c61a1,5d4da318-295f-43fd-b303-bbd5fc786145,339818
558c8707-3d8a-4375-8e7e-998395fb46e5,1ab2769c-a290-4b2f-9e27-da26985f69d8,85256
2c754a65-ff58-47e6-85c1-78eb1aca2225,f5a4a30f-bf41-44c8-b3b3-283ffe260a60,261476
78560cc8-0cca-433a-8291-89c80601bf63,dbc42853-f1be-402c-845f-6452bea1fcf0,67756
d3f7b752-a107-4df3-9795-14db35826c73,e121b8a7-f238-42b9-8457-181650d599f1,274759
558c8707-3d8a-4375-8e7e-998395fb46e5,119ea857-b60b-491c-8e01-ab437e50f26e,33760
08610465-eb20-4cef-a770-ee3cd8e75508,cd4373fe-0091-4421-898d-1322bb7921e8,66547
e313b334-d8e0-4f9d-a841-02495ccfd0d4,78560cc8-0cca-433a-8291-89c80601bf63,168721
54d734a2-73fa-4c9d-8cf3-7a39eaef3b2d,9bb7ec36-dda1-4ff9-a738-6f7f2e9f7630,14857
14d26f53-dd5e-4cfa-aada-67c21bb5d939,6603d019-cf11-4464-af83-d73a6114d7d9,76172
0532f619-2dfb-4ed2-8656-ce67a56128aa,b5dc2142-0bad-4987-be8e-d11f22d9ea51,123767
b5dc2142-0bad-4987-be8e-d11f22d9ea51,e3dc7114-400f-4423-b05f-d6c737c28279,126430
48ad0f18-b76e-4483-9afc-cd7e59be5f3a,394c6a7f-f4e5-40b8-bf5b-a953d624f184,304584
a43c454e-eaae-4ccf-ba48-24cf178c0031,e313b334-d8e0-4f9d-a841-02495ccfd0d4,4135
96e28973-b877-402f-b3ae-36ec55c8844e,a8a3a809-1348-41fe-b334-afa6e29e0493,124182
c9fc8fa1-ca0e-4b1e-904c-80e5d80b2e39,9303996d-4078-4c79-80db-6a3eaa36104a,209900
cb0c31f6-0fd6-46de-af02-5d25005aa5bb,b35a5f3e-d9e7-47bf-a5f8-e8abdc9166c0,333680
0e73205f-4f6a-4208-ad93-9e5206df13c7,b54ac68a-3eca-435c-8902-200a1a1b09ff,217416
e121b8a7-f238-42b9-8457-181650d599f1,22a5a25e-618e-456a-b80a-9cbef2c43460,7176
e7338740-b7ee-469c-9c74-bee7dd5f18d2,78fd87d1-526d-4b18-8de8-c4c281977037,161305
99d5f7aa-2bc3-4aab-be55-528b049579c6,8c6f7203-3c40-4766-9212-79d89260e8e9,228098
1277cc00-3031-42e9-bb55-37ca86bbfb7c,8a1eb4a2-9b78-44bf-bb1e-2556e0dab34c,233014
2c754a65-ff58-47e6-85c1-78eb1aca2225,cf8d0727-06ae-41b7-a2bf-c14ea6affcfa,329551
cb0c31f6-0fd6-46de-af02-5d25005aa5bb,8a1eb4a2-9b78-44bf-bb1e-2556e0dab34c,353148
29e9ab61-e061-4d94-8cd3-c99446d51c55,e731b69c-eeaf-4cae-8db6-e0cb7a703579,336881
08610465-eb20-4cef-a770-ee3cd8e75508,7e557ea8-c91d-46eb-8ca1-0358f43dcabe,197115
464300eb-3855-4132-b377-6fe93a794fee,b5dc2142-0bad-4987-be8e-d11f22d9ea51,173594
fadaa8d2-d11e-48f4-b113-7ae97265e717,5065fc4a-0d76-4ae7-84f0-b17d57bc7ce8,41304
67a1a352-63c6-43f9-9d71-ce28a20ae21c,7d7d78f3-acce-4f6a-9cea-2a3afcde3e8f,54739
3fe4fa6b-719c-428e-ab19-ac1e5a83f0f1,12ff259b-fcec-4111-8a3e-92f1b34ef005,107493
245f557e-4c75-4015-b6b5-3a52111e716f,d9dbc87f-1fec-4d78-bf2b-ec41887dfd44,172338
48ad0f18-b76e-4483-9afc-cd7e59be5f3a,cb0c31f6-0fd6-46de-af02-5d25005aa5bb,376380
2c9eb637-701c-47c0-86f9-52df6517d923,4b2c12b4-cdf9-4dc2-b23a-09610cc147eb,85776
98eab8e7-ae72-4457-9ea0-742b7ae8093d,1ab2769c-a290-4b2f-9e27-da26985f69d8,40830
dbc42853-f1be-402c-845f-6452bea1fcf0,99d5f7aa-2bc3-4aab-be55-528b049579c6,541652
14d26f53-dd5e-4cfa-aada-67c21bb5d939,3fe4fa6b-719c-428e-ab19-ac1e5a83f0f1,57656
29e9ab61-e061-4d94-8cd3-c99446d51c55,b5c5b6ab-0337-4187-afc3-a1ec6230064f,103663
29e9ab61-e061-4d94-8cd3-c99446d51c55,839cc007-0190-43a3-a229-b97fe0fdddd1,364747
a9b5bf1c-cbe0-4d26-9be9-e219091870fb,9eddc067-b8c5-418d-8707-e41b27dafb46,189303
01961663-3143-4f5c-92e7-965eec12a0f9,5d4da318-295f-43fd-b303-bbd5fc786145,68922
fadaa8d2-d11e-48f4-b113-7ae97265e717,e121b8a7-f238-42b9-8457-181650d599f1,59589
06e59082-1be0-4c86-87a5-ccf1f9fea164,9bb7ec36-dda1-4ff9-a738-6f7f2e9f7630,419366
12ff259b-fcec-4111-8a3e-92f1b34ef005,87d34d56-3bfc-4b8e-b3cf-5f8fc1df2732,335932
6c6bed17-97db-4220-bcd7-9c74bb5c30a0,384df65c-8611-4041-99a2-9b5a19d87245,274745
9303996d-4078-4c79-80db-6a3eaa36104a,27a6c30d-3dd4-430c-9b72-6a22b6bc28be,440839
45e57df9-772b-40ca-aafc-898162c69844,6c6bed17-97db-4220-bcd7-9c74bb5c30a0,295890
9bb7ec36-dda1-4ff9-a738-6f7f2e9f7630,a8fe04d7-c6e9-4857-be39-37559d653f33,241663
385ddbb9-9e74-4532-b04a-de4e304cf8a7,a9b5bf1c-cbe0-4d26-9be9-e219091870fb,34308
7e557ea8-c91d-46eb-8ca1-0358f43dcabe,5d4da318-295f-43fd-b303-bbd5fc786145,163824
394c6a7f-f4e5-40b8-bf5b-a953d624f184,464300eb-3855-4132-b377-6fe93a794fee,82212
dbc42853-f1be-402c-845f-6452bea1fcf0,5f9a0ffa-c748-4fbb-95a5-8eab94c05210,581054
14d26f53-dd5e-4cfa-aada-67c21bb5d939,60daa3ab-6065-4f2b-830b-86b36bb4afe8,128150
1dc801b8-53d9-46a5-85fd-164140883dd0,01961663-3143-4f5c-92e7-965eec12a0f9,551003
c9fc8fa1-ca0e-4b1e-904c-80e5d80b2e39,27a6c30d-3dd4-430c-9b72-6a22b6bc28be,155063
a8a3a809-1348-41fe-b334-afa6e29e0493,c9fc8fa1-ca0e-4b1e-904c-80e5d80b2e39,427904
9303996d-4078-4c79-80db-6a3eaa36104a,60daa3ab-6065-4f2b-830b-86b36bb4afe8,267677
8c6f7203-3c40-4766-9212-79d89260e8e9,47cd9c20-4d9e-4b8a-813b-7cf5ccc918cd,439415
64afb508-3fdb-4f14-a721-040f46ad6d54,b31626b2-19f3-473f-8056-240a12f26768,126745
58207bba-605a-4b23-98aa-9ac09a28437f,65d47575-b37f-4501-841e-142b28a09398,11246
853a8faf-f277-4783-a080-1a32165bdc6e,68dd02c1-3e68-4d4d-8773-fe9569808537,230369
f38f3d11-ca55-4e14-9b7a-3c41774011e1,0e73205f-4f6a-4208-ad93-9e5206df13c7,280514
4130354e-87e6-4255-9189-522263c3027f,3628d3b6-b07f-41cd-8c09-8c99afa414ba,464390
1277cc00-3031-42e9-bb55-37ca86bbfb7c,47cd9c20-4d9e-4b8a-813b-7cf5ccc918cd,63009
d9dbc87f-1fec-4d78-bf2b-ec41887dfd44,8536988f-ed41-448c-97ce-9555c75abfaa,231957
394c6a7f-f4e5-40b8-bf5b-a953d624f184,78fd87d1-526d-4b18-8de8-c4c281977037,153529
0a672532-6002-4b7d-bee3-274a62a9fb5a,6603d019-cf11-4464-af83-d73a6114d7d9,303601
87d34d56-3bfc-4b8e-b3cf-5f8fc1df2732,47cd9c20-4d9e-4b8a-813b-7cf5ccc918cd,287242
2daeec3a-f864-4eba-bdf5-03ccf9feb992,ea73977d-dcbd-4fd4-81c2-5ac84fa64cac,267020
9eddc067-b8c5-418d-8707-e41b27dafb46,c9fc8fa1-ca0e-4b1e-904c-80e5d80b2e39,65195
08610465-eb20-4cef-a770-ee3cd8e75508,32fffa33-1cd7-46d6-8e2e-e98450886d01,82183
a90a0979-3d6a-4c77-b2ce-81ba1f5311a5,fadaa8d2-d11e-48f4-b113-7ae97265e717,123023
4d871fb3-f0e1-4dc9-8415-2546e8723250,cd4373fe-0091-4421-898d-1322bb7921e8,181279
e413f084-e90e-424a-b205-f3dd75142edc,ea73977d-dcbd-4fd4-81c2-5ac84fa64cac,14414
67a1a352-63c6-43f9-9d71-ce28a20ae21c,1277cc00-3031-42e9-bb55-37ca86bbfb7c,43747
7cc6cfa4-c1e9-494a-986b-bbf607bc5550,cf8d0727-06ae-41b7-a2bf-c14ea6affcfa,95253
3535f85d-9583-4470-ac4c-9afdc1038270,51d7b18f-7c8c-4230-a198-36ad0e73f79d,202493
3b07c7ff-6fed-490a-a9e1-f5bafebc6f0b,a43c454e-eaae-4ccf-ba48-24cf178c0031,298360
78fd87d1-526d-4b18-8de8-c4c281977037,87d34d56-3bfc-4b8e-b3cf-5f8fc1df2732,15859
99d5f7aa-2bc3-4aab-be55-528b049579c6,464300eb-3855-4132-b377-6fe93a794fee,408790
9303996d-4078-4c79-80db-6a3eaa36104a,cb0c31f6-0fd6-46de-af02-5d25005aa5bb,346937
1277cc00-3031-42e9-bb55-37ca86bbfb7c,c855958a-64c0-4592-b32a-d7a4c8b2b733,119295
558c8707-3d8a-4375-8e7e-998395fb46e5,b35a5f3e-d9e7-47bf-a5f8-e8abdc9166c0,75754
21140c1d-976c-4879-8bdc-a2a06014a372,1ab2769c-a290-4b2f-9e27-da26985f69d8,60916
5e62c6a4-2bb4-4e1c-8488-e10c7b1c3f63,1dc801b8-53d9-46a5-85fd-164140883dd0,91375
4b2c12b4-cdf9-4dc2-b23a-09610cc147eb,a9b5bf1c-cbe0-4d26-9be9-e219091870fb,268210
b35a5f3e-d9e7-47bf-a5f8-e8abdc9166c0,9bb7ec36-dda1-4ff9-a738-6f7f2e9f7630,54868
27a6c30d-3dd4-430c-9b72-6a22b6bc28be,12ff259b-fcec-4111-8a3e-92f1b34ef005,192278
18036c84-0da6-4c1e-9b11-126a55b485c7,2993ded9-071e-45bc-9b13-accdf5d3ebec,283495
99d5f7aa-2bc3-4aab-be55-528b049579c6,15ba1443-4cf1-4367-93b6-60fbb95a5b5e,222432
5d4da318-295f-43fd-b303-bbd5fc786145,b391f9a6-4399-4069-9150-100fa9423b03,73634
f38f3d11-ca55-4e14-9b7a-3c41774011e1,99d5f7aa-2bc3-4aab-be55-528b049579c6,486520
1a445f91-2ead-438a-9157-e2306187972a,9303996d-4078-4c79-80db-6a3eaa36104a,425718
e313b334-d8e0-4f9d-a841-02495ccfd0d4,1cf3a191-a526-4d97-a3d3-434d14f60ce3,147504
759c268e-84f7-4975-a0d9-19b2cd8f0dde,558c8707-3d8a-4375-8e7e-998395fb46e5,69959
8a1eb4a2-9b78-44bf-bb1e-2556e0dab34c,e3dc7114-400f-4423-b05f-d6c737c28279,109259
7cc6cfa4-c1e9-494a-986b-bbf607bc5550,cd4373fe-0091-4421-898d-1322bb7921e8,436698
54d734a2-73fa-4c9d-8cf3-7a39eaef3b2d,64afb508-3fdb-4f14-a721-040f46ad6d54,48381
a8a3a809-1348-41fe-b334-afa6e29e0493,4b3124e8-5fe8-4c26-8e72-8f6ba2766978,216798
464300eb-3855-4132-b377-6fe93a794fee,853a8faf-f277-4783-a080-1a32165bdc6e,195858
dbc42853-f1be-402c-845f-6452bea1fcf0,b5dc2142-0bad-4987-be8e-d11f22d9ea51,146558
2c754a65-ff58-47e6-85c1-78eb1aca2225,f5a4a30f-bf41-44c8-b3b3-283ffe260a60,79246
cd0aac86-7ac4-4828-8feb-b4a36d4f517c,a44a2fb9-565b-468e-a23d-5956fdd2e744,197453
01961663-3143-4f5c-92e7-965eec12a0f9,b5dc2142-0bad-4987-be8e-d11f22d9ea51,97223
9303996d-4078-4c79-80db-6a3eaa36104a,78560cc8-0cca-433a-8291-89c80601bf63,347733
10949264-8492-44d9-ba5c-65c4b7838df4,5f9a0ffa-c748-4fbb-95a5-8eab94c05210,218411
5d4da318-295f-43fd-b303-bbd5fc786145,fadaa8d2-d11e-48f4-b113-7ae97265e717,185756
65d47575-b37f-4501-841e-142b28a09398,2daeec3a-f864-4eba-bdf5-03ccf9feb992,122833
cf8d0727-06ae-41b7-a2bf-c14ea6affcfa,27a6c30d-3dd4-430c-9b72-6a22b6bc28be,75747
96e28973-b877-402f-b3ae-36ec55c8844e,e7338740-b7ee-469c-9c74-bee7dd5f18d2,105910
51d7b18f-7c8c-4230-a198-36ad0e73f79d,07f047c6-eec0-4f71-98d8-0b06fac54ea9,275519
b2063c94-d6ff-4b99-9b1a-191d9fc22602,c63bfa5b-d5bb-461c-b9eb-e8744301a90e,233366
96e28973-b877-402f-b3ae-36ec55c8844e,27a6c30d-3dd4-430c-9b72-6a22b6bc28be,126714
180627e6-0c19-44ba-82b6-4ec97d3ad85d,4b3124e8-5fe8-4c26-8e72-8f6ba2766978,48959
a43c454e-eaae-4ccf-ba48-24cf178c0031,28be9ff8-6e8b-486b-bf5d-0d5f62c0c810,1542
21140c1d-976c-4879-8bdc-a2a06014a372,12ff259b-fcec-4111-8a3e-92f1b34ef005,185131
29e9ab61-e061-4d94-8cd3-c99446d51c55,9bb7ec36-dda1-4ff9-a738-6f7f2e9f7630,323365
b54ac68a-3eca-435c-8902-200a1a1b09ff,7fba12e8-f336-4a99-a479-dbcb1fc058b8,128106
78fd87d1-526d-4b18-8de8-c4c281977037,400beeb3-50ab-4b56-8775-3b2b07aedbc3,39518
22a5a25e-618e-456a-b80a-9cbef2c43460,6e279e72-004f-470e-8bb4-0999c3fc6164,33083
e121b8a7-f238-42b9-8457-181650d599f1,d59927c9-8f84-405f-b928-2ec21f8c6eb1,12934
d9dbc87f-1fec-4d78-bf2b-ec41887dfd44,2c9eb637-701c-47c0-86f9-52df6517d923,134750
12ff259b-fcec-4111-8a3e-92f1b34ef005,08610465-eb20-4cef-a770-ee3cd8e75508,160990
d59927c9-8f84-405f-b928-2ec21f8c6eb1,11e6699e-09c0-4e83-aa27-821896ae0c18,70938
2130aa47-2aba-4a23-b3ca-a4360325ae32,06e59082-1be0-4c86-87a5-ccf1f9fea164,73184
b2063c94-d6ff-4b99-9b1a-191d9fc22602,a44a2fb9-565b-468e-a23d-5956fdd2e744,105130
c9fc8fa1-ca0e-4b1e-904c-80e5d80b2e39,45e57df9-772b-40ca-aafc-898162c69844,128346
68dd02c1-3e68-4d4d-8773-fe9569808537,cf8d0727-06ae-41b7-a2bf-c14ea6affcfa,467965
6603d019-cf11-4464-af83-d73a6114d7d9,b55783b5-489c-4878-a0aa-c81825d0ae80,8824
58207bba-605a-4b23-98aa-9ac09a28437f,cf8d0727-06ae-41b7-a2bf-c14ea6affcfa,17820
5f9a0ffa-c748-4fbb-95a5-8eab94c05210,9eddc067-b8c5-418d-8707-e41b27dafb46,109187
67a1a352-63c6-43f9-9d71-ce28a20ae21c,78699c1e-3234-4c39-a2d4-5e6e545dc68e,54462
01961663-3143-4f5c-92e7-965eec12a0f9,b2063c94-d6ff-4b99-9b1a-191d9fc22602,233815
0e73205f-4f6a-4208-ad93-9e5206df13c7,119ea857-b60b-491c-8e01-ab437e50f26e,458757
384df65c-8611-4041-99a2-9b5a19d87245,c63bfa5b-d5bb-461c-b9eb-e8744301a90e,48830
96e28973-b877-402f-b3ae-36ec55c8844e,04d0fe46-e270-4bf0-b721-ee363d6a6e2f,284700
4d871fb3-f0e1-4dc9-8415-2546e8723250,5e62c6a4-2bb4-4e1c-8488-e10c7b1c3f63,248270
839cc007-0190-43a3-a229-b97fe0fdddd1,384df65c-8611-4041-99a2-9b5a19d87245,31530
11e6699e-09c0-4e83-aa27-821896ae0c18,f38f3d11-ca55-4e14-9b7a-3c41774011e1,53705
5f9a0ffa-c748-4fbb-95a5-8eab94c05210,245f557e-4c75-4015-b6b5-3a52111e716f,78790
a730d385-0f71-42a3-8b8c-b4195bfa8f1f,2c754a65-ff58-47e6-85c1-78eb1aca2225,488754
68dd02c1-3e68-4d4d-8773-fe9569808537,14d26f53-dd5e-4cfa-aada-67c21bb5d939,409066
65d47575-b37f-4501-841e-142b28a09398,25b1246f-0e37-44e9-a053-8fa48c7f8e1e,57936
c9fc8fa1-ca0e-4b1e-904c-80e5d80b2e39,c855958a-64c0-4592-b32a-d7a4c8b2b733,197182
99d5f7aa-2bc3-4aab-be55-528b049579c6,8c6f7203-3c40-4766-9212-79d89260e8e9,406097
245f557e-4c75-4015-b6b5-3a52111e716f,a8a3a809-1348-41fe-b334-afa6e29e0493,199024
d3f7b752-a107-4df3-9795-14db35826c73,47cd9c20-4d9e-4b8a-813b-7cf5ccc918cd,192860
45e57df9-772b-40ca-aafc-898162c69844,60daa3ab-6065-4f2b-830b-86b36bb4afe8,120569
2130aa47-2aba-4a23-b3ca-a4360325ae32,a8fe04d7-c6e9-4857-be39-37559d653f33,157797
cd4373fe-0091-4421-898d-1322bb7921e8,3b07c7ff-6fed-490a-a9e1-f5bafebc6f0b,264767
7d7c80c6-da3d-482a-87d2-4323b489f08b,d9dbc87f-1fec-4d78-bf2b-ec41887dfd44,37381
8536988f-ed41-448c-97ce-9555c75abfaa,e7338740-b7ee-469c-9c74-bee7dd5f18d2,45133
9eddc067-b8c5-418d-8707-e41b27dafb46,b5c5b6ab-0337-4187-afc3-a1ec6230064f,23216
095d08c2-5199-4d31-a548-12b5955c61a1,9bb7ec36-dda1-4ff9-a738-6f7f2e9f7630,182179
3b07c7ff-6fed-490a-a9e1-f5bafebc6f0b,cd0aac86-7ac4-4828-8feb-b4a36d4f517c,202990
0a672532-6002-4b7d-bee3-274a62a9fb5a,a9b5bf1c-cbe0-4d26-9be9-e219091870fb,143137
cf8d0727-06ae-41b7-a2bf-c14ea6affcfa,83ca04ab-5096-4031-b64a-163ca57dfb1b,155827
b5c5b6ab-0337-4187-afc3-a1ec6230064f,cd4373fe-0091-4421-898d-1322bb7921e8,165561
2c9eb637-701c-47c0-86f9-52df6517d923,839cc007-0190-43a3-a229-b97fe0fdddd1,151473
d1f46208-0958-4793-bf89-39afc8da5c85,db21b201-6b2e-4e52-ad8d-d44123fc5c63,267753
b31626b2-19f3-473f-8056-240a12f26768,06e59082-1be0-4c86-87a5-ccf1f9fea164,130208
f52dd1ff-6bbf-4473-8f2f-718db4a10f87,f38f3d11-ca55-4e14-9b7a-3c41774011e1,423569
6c6bed17-97db-4220-bcd7-9c74bb5c30a0,dbc42853-f1be-402c-845f-6452bea1fcf0,160887
0a672532-6002-4b7d-bee3-274a62a9fb5a,a730d385-0f71-42a3-8b8c-b4195bfa8f1f,98155
9eddc067-b8c5-418d-8707-e41b27dafb46,e121b8a7-f238-42b9-8457-181650d599f1,62905
a8fe04d7-c6e9-4857-be39-37559d653f33,0a672532-6002-4b7d-bee3-274a62a9fb5a,94772
8a5a20aa-c7aa-4e06-b3af-7285634af283,1a445f91-2ead-438a-9157-e2306187972a,2763
87fcf9bd-c496-499a-8ddd-b5f35af99931,b5c5b6ab-0337-4187-afc3-a1ec6230064f,102716
095d08c2-5199-4d31-a548-12b5955c61a1,0e73205f-4f6a-4208-ad93-9e5206df13c7,298730
e121b8a7-f238-42b9-8457-181650d599f1,54835b8a-a27f-4145-a0f6-df40badc1d0e,13796
1a445f91-2ead-438a-9157-e2306187972a,e7338740-b7ee-469c-9c74-bee7dd5f18d2,464788
60daa3ab-6065-4f2b-830b-86b36bb4afe8,c63bfa5b-d5bb-461c-b9eb-e8744301a90e,110232
78699c1e-3234-4c39-a2d4-5e6e545dc68e,cce1aaa6-a333-477e-8c63-815bef486b25,158319
12ff259b-fcec-4111-8a3e-92f1b34ef005,85b8f4a0-8132-49e1-8991-32d3b09d6b71,332616
7d7c80c6-da3d-482a-87d2-4323b489f08b,9303996d-4078-4c79-80db-6a3eaa36104a,17472
5065fc4a-0d76-4ae7-84f0-b17d57bc7ce8,c63bfa5b-d5bb-461c-b9eb-e8744301a90e,254006
78fd87d1-526d-4b18-8de8-c4c281977037,85b8f4a0-8132-49e1-8991-32d3b09d6b71,31379
10949264-8492-44d9-ba5c-65c4b7838df4,7e557ea8-c91d-46eb-8ca1-0358f43dcabe,346764
87d34d56-3bfc-4b8e-b3cf-5f8fc1df2732,b391f9a6-4399-4069-9150-100fa9423b03,154682
b154fd49-3672-4066-8fe1-a9993e912518,21140c1d-976c-4879-8bdc-a2a06014a372,47885
3b07c7ff-6fed-490a-a9e1-f5bafebc6f0b,48ad0f18-b76e-4483-9afc-cd7e59be5f3a,225256
1ab2769c-a290-4b2f-9e27-da26985f69d8,87fcf9bd-c496-499a-8ddd-b5f35af99931,466927
18036c84-0da6-4c1e-9b11-126a55b485c7,2daeec3a-f864-4eba-bdf5-03ccf9feb992,241583
384df65c-8611-4041-99a2-9b5a19d87245,853a8faf-f277-4783-a080-1a32165bdc6e,138335
b35a5f3e-d9e7-47bf-a5f8-e8abdc9166c0,180627e6-0c19-44ba-82b6-4ec97d3ad85d,64991
394c6a7f-f4e5-40b8-bf5b-a953d624f184,9303996d-4078-4c79-80db-6a3eaa36104a,80839
b5dc2142-0bad-4987-be8e-d11f22d9ea51,0a48b595-c065-4fc3-81fc-25305be2e919,304962
b54ac68a-3eca-435c-8902-200a1a1b09ff,6e279e72-004f-470e-8bb4-0999c3fc6164,216083
2c9eb637-701c-47c0-86f9-52df6517d923,64afb508-3fdb-4f14-a721-040f46ad6d54,186062
1dc801b8-53d9-46a5-85fd-164140883dd0,180627e6-0c19-44ba-82b6-4ec97d3ad85d,283395
8536988f-ed41-448c-97ce-9555c75abfaa,cce1aaa6-a333-477e-8c63-815bef486b25,81944
8a1eb4a2-9b78-44bf-bb1e-2556e0dab34c,a44a2fb9-565b-468e-a23d-5956fdd2e744,175063
3628d3b6-b07f-41cd-8c09-8c99afa414ba,8c6f7203-3c40-4766-9212-79d89260e8e9,244319
1277cc00-3031-42e9-bb55-37ca86bbfb7c,e313b334-d8e0-4f9d-a841-02495ccfd0d4,262957
60daa3ab-6065-4f2b-830b-86b36bb4afe8,14d26f53-dd5e-4cfa-aada-67c21bb5d939,338830
0532f619-2dfb-4ed2-8656-ce67a56128aa,5d4da318-295f-43fd-b303-bbd5fc786145,182165
400beeb3-50ab-4b56-8775-3b2b07aedbc3,e731b69c-eeaf-4cae-8db6-e0cb7a703579,64812
5065fc4a-0d76-4ae7-84f0-b17d57bc7ce8,83ca04ab-5096-4031-b64a-163ca57dfb1b,302335
21140c1d-976c-4879-8bdc-a2a06014a372,58207bba-605a-4b23-98aa-9ac09a28437f,215841
095d08c2-5199-4d31-a548-12b5955c61a1,b5c5b6ab-0337-4187-afc3-a1ec6230064f,209902
9303996d-4078-4c79-80db-6a3eaa36104a,2130aa47-2aba-4a23-b3ca-a4360325ae32,433884
04d0fe46-e270-4bf0-b721-ee363d6a6e2f,2c9eb637-701c-47c0-86f9-52df6517d923,188286
8a1eb4a2-9b78-44bf-bb1e-2556e0dab34c,2130aa47-2aba-4a23-b3ca-a4360325ae32,189464
9303996d-4078-4c79-80db-6a3eaa36104a,b54ac68a-3eca-435c-8902-200a1a1b09ff,99424
0a48b595-c065-4fc3-81fc-25305be2e919,5e62c6a4-2bb4-4e1c-8488-e10c7b1c3f63,462653
7fba12e8-f336-4a99-a479-dbcb1fc058b8,78fd87d1-526d-4b18-8de8-c4c281977037,281355
839cc007-0190-43a3-a229-b97fe0fdddd1,3628d3b6-b07f-41cd-8c09-8c99afa414ba,36786
4b2c12b4-cdf9-4dc2-b23a-09610cc147eb,1dc801b8-53d9-46a5-85fd-164140883dd0,191355
85b8f4a0-8132-49e1-8991-32d3b09d6b71,2c9eb637-701c-47c0-86f9-52df6517d923,70715
7e557ea8-c91d-46eb-8ca1-0358f43dcabe,db21b201-6b2e-4e52-ad8d-d44123fc5c63,153990
4b3124e8-5fe8-4c26-8e72-8f6ba2766978,a8a3a809-1348-41fe-b334-afa6e29e0493,407614
2daeec3a-f864-4eba-bdf5-03ccf9feb992,06e59082-1be0-4c86-87a5-ccf1f9fea164,176439
1277cc00-3031-42e9-bb55-37ca86bbfb7c,b391f9a6-4399-4069-9150-100fa9423b03,159694
9303996d-4078-4c79-80db-6a3eaa36104a,b5c5b6ab-0337-4187-afc3-a1ec6230064f,364537
0a48b595-c065-4fc3-81fc-25305be2e919,0e73205f-4f6a-4208-ad93-9e5206df13c7,82569
25cf4233-39d3-47dc-bf10-51d2687e74de,d7ea63f6-7280-453f-83c2-3f8ddc60ef79,49167
3fe4fa6b-719c-428e-ab19-ac1e5a83f0f1,0a48b595-c065-4fc3-81fc-25305be2e919,30555
96e28973-b877-402f-b3ae-36ec55c8844e,839cc007-0190-43a3-a229-b97fe0fdddd1,275468
385ddbb9-9e74-4532-b04a-de4e304cf8a7,d59927c9-8f84-405f-b928-2ec21f8c6eb1,118514
cce1aaa6-a333-477e-8c63-815bef486b25,b31626b2-19f3-473f-8056-240a12f26768,73767
180627e6-0c19-44ba-82b6-4ec97d3ad85d,6603d019-cf11-4464-af83-d73a6114d7d9,84858
310f8c32-4e53-4985-bd1b-6da805a969db,51d7b18f-7c8c-4230-a198-36ad0e73f79d,57588
095d08c2-5199-4d31-a548-12b5955c61a1,25b1246f-0e37-44e9-a053-8fa48c7f8e1e,370562
f5a4a30f-bf41-44c8-b3b3-283ffe260a60,b154fd49-3672-4066-8fe1-a9993e912518,472660
87d34d56-3bfc-4b8e-b3cf-5f8fc1df2732,8a1eb4a2-9b78-44bf-bb1e-2556e0dab34c,323156
54d734a2-73fa-4c9d-8cf3-7a39eaef3b2d,9bb7ec36-dda1-4ff9-a738-6f7f2e9f7630,35197
c9fc8fa1-ca0e-4b1e-904c-80e5d80b2e39,c63bfa5b-d5bb-461c-b9eb-e8744301a90e,181566
d3f7b752-a107-4df3-9795-14db35826c73,32fffa33-1cd7-46d6-8e2e-e98450886d01,253212
ea73977d-dcbd-4fd4-81c2-5ac84fa64cac,64afb508-3fdb-4f14-a721-040f46ad6d54,116814
78560cc8-0cca-433a-8291-89c80601bf63,78699c1e-3234-4c39-a2d4-5e6e545dc68e,75937
d1f46208-0958-4793-bf89-39afc8da5c85,47cd9c20-4d9e-4b8a-813b-7cf5ccc918cd,105676
b391f9a6-4399-4069-9150-100fa9423b03,cd0aac86-7ac4-4828-8feb-b4a36d4f517c,297409
9eddc067-b8c5-418d-8707-e41b27dafb46,07f047c6-eec0-4f71-98d8-0b06fac54ea9,14726
cd4373fe-0091-4421-898d-1322bb7921e8,558c8707-3d8a-4375-8e7e-998395fb46e5,472259
400beeb3-50ab-4b56-8775-3b2b07aedbc3,e3dc7114-400f-4423-b05f-d6c737c28279,101248
cd4373fe-0091-4421-898d-1322bb7921e8,d59927c9-8f84-405f-b928-2ec21f8c6eb1,360362
9303996d-4078-4c79-80db-6a3eaa36104a,ea73977d-dcbd-4fd4-81c2-5ac84fa64cac,214542
8a1eb4a2-9b78-44bf-bb1e-2556e0dab34c,98eab8e7-ae72-4457-9ea0-742b7ae8093d,191286
0a672532-6002-4b7d-bee3-274a62a9fb5a,7d7d78f3-acce-4f6a-9cea-2a3afcde3e8f,79485
3b07c7ff-6fed-490a-a9e1-f5bafebc6f0b,c855958a-64c0-4592-b32a-d7a4c8b2b733,209589
3b07c7ff-6fed-490a-a9e1-f5bafebc6f0b,b5c5b6ab-0337-4187-afc3-a1ec6230064f,309238
db21b201-6b2e-4e52-ad8d-d44123fc5c63,f5a4a30f-bf41-44c8-b3b3-283ffe260a60,151486
9303996d-4078-4c79-80db-6a3eaa36104a,7d7d78f3-acce-4f6a-9cea-2a3afcde3e8f,104192
095d08c2-5199-4d31-a548-12b5955c61a1,119ea857-b60b-491c-8e01-ab437e50f26e,401845
1db7abdf-2504-4e24-99b3-3dffe16ee8eb,45e57df9-772b-40ca-aafc-898162c69844,268498
0e73205f-4f6a-4208-ad93-9e5206df13c7,b5c5b6ab-0337-4187-afc3-a1ec6230064f,203396
1a445f91-2ead-438a-9157-e2306187972a,0e73205f-4f6a-4208-ad93-9e5206df13c7,102581
394c6a7f-f4e5-40b8-bf5b-a953d624f184,6603d019-cf11-4464-af83-d73a6114d7d9,220005
180627e6-0c19-44ba-82b6-4ec97d3ad85d,29e9ab61-e061-4d94-8cd3-c99446d51c55,139556
8536988f-ed41-448c-97ce-9555c75abfaa,b154fd49-3672-4066-8fe1-a9993e912518,250127
6e279e72-004f-470e-8bb4-0999c3fc6164,6603d019-cf11-4464-af83-d73a6114d7d9,282555
87fcf9bd-c496-499a-8ddd-b5f35af99931,fadaa8d2-d11e-48f4-b113-7ae97265e717,54894
cf8d0727-06ae-41b7-a2bf-c14ea6affcfa,839cc007-0190-43a3-a229-b97fe0fdddd1,102647
2c9eb637-701c-47c0-86f9-52df6517d923,27a6c30d-3dd4-430c-9b72-6a22b6bc28be,152083
83ca04ab-5096-4031-b64a-163ca57dfb1b,07f047c6-eec0-4f71-98d8-0b06fac54ea9,356031
d9dbc87f-1fec-4d78-bf2b-ec41887dfd44,a43c454e-eaae-4ccf-ba48-24cf178c0031,220290
4b3124e8-5fe8-4c26-8e72-8f6ba2766978,45e57df9-772b-40ca-aafc-898162c69844,511581
385ddbb9-9e74-4532-b04a-de4e304cf8a7,9eddc067-b8c5-418d-8707-e41b27dafb46,47576
87d34d56-3bfc-4b8e-b3cf-5f8fc1df2732,28be9ff8-6e8b-486b-bf5d-0d5f62c0c810,182125
0a672532-6002-4b7d-bee3-274a62a9fb5a,1ab2769c-a290-4b2f-9e27-da26985f69d8,110670
0e73205f-4f6a-4208-ad93-9e5206df13c7,10949264-8492-44d9-ba5c-65c4b7838df4,134266
7fba12e8-f336-4a99-a479-dbcb1fc058b8,11e6699e-09c0-4e83-aa27-821896ae0c18,232815
fadaa8d2-d11e-48f4-b113-7ae97265e717,4b2c12b4-cdf9-4dc2-b23a-09610cc147eb,49060
54d734a2-73fa-4c9d-8cf3-7a39eaef3b2d,2c9eb637-701c-47c0-86f9-52df6517d923,67076
e313b334-d8e0-4f9d-a841-02495ccfd0d4,21140c1d-976c-4879-8bdc-a2a06014a372,455028
a8a3a809-1348-41fe-b334-afa6e29e0493,85b8f4a0-8132-49e1-8991-32d3b09d6b71,252290
0e73205f-4f6a-4208-ad93-9e5206df13c7,cf8d0727-06ae-41b7-a2bf-c14ea6affcfa,447200
cf8d0727-06ae-41b7-a2bf-c14ea6affcfa,0a48b595-c065-4fc3-81fc-25305be2e919,40249
853a8faf-f277-4783-a080-1a32165bdc6e,ea73977d-dcbd-4fd4-81c2-5ac84fa64cac,190875
558c8707-3d8a-4375-8e7e-998395fb46e5,245f557e-4c75-4015-b6b5-3a52111e716f,97543
25b1246f-0e37-44e9-a053-8fa48c7f8e1e,4b2c12b4-cdf9-4dc2-b23a-09610cc147eb,215268
67a1a352-63c6-43f9-9d71-ce28a20ae21c,d3f7b752-a107-4df3-9795-14db35826c73,27862
60daa3ab-6065-4f2b-830b-86b36bb4afe8,6603d019-cf11-4464-af83-d73a6114d7d9,300066
e413f084-e90e-424a-b205-f3dd75142edc,b55783b5-489c-4878-a0aa-c81825d0ae80,32641
78560cc8-0cca-433a-8291-89c80601bf63,7cc6cfa4-c1e9-494a-986b-bbf607bc5550,16850
27a6c30d-3dd4-430c-9b72-6a22b6bc28be,87d34d56-3bfc-4b8e-b3cf-5f8fc1df2732,486988
a730d385-0f71-42a3-8b8c-b4195bfa8f1f,08610465-eb20-4cef-a770-ee3cd8e75508,395120
180627e6-0c19-44ba-82b6-4ec97d3ad85d,54835b8a-a27f-4145-a0f6-df40badc1d0e,71084
87d34d56-3bfc-4b8e-b3cf-5f8fc1df2732,a43c454e-eaae-4ccf-ba48-24cf178c0031,182698
b35a5f3e-d9e7-47bf-a5f8-e8abdc9166c0,394c6a7f-f4e5-40b8-bf5b-a953d624f184,103499
fadaa8d2-d11e-48f4-b113-7ae97265e717,1db7abdf-2504-4e24-99b3-3dffe16ee8eb,49992
1dc801b8-53d9-46a5-85fd-164140883dd0,5d4da318-295f-43fd-b303-bbd5fc786145,524151
cd4373fe-0091-4421-898d-1322bb7921e8,4130354e-87e6-4255-9189-522263c3027f,340797
c855958a-64c0-4592-b32a-d7a4c8b2b733,11e6699e-09c0-4e83-aa27-821896ae0c18,315023
4130354e-87e6-4255-9189-522263c3027f,5e62c6a4-2bb4-4e1c-8488-e10c7b1c3f63,373649
b5c5b6ab-0337-4187-afc3-a1ec6230064f,ea73977d-dcbd-4fd4-81c2-5ac84fa64cac,145679
9303996d-4078-4c79-80db-6a3eaa36104a,18036c84-0da6-4c1e-9b11-126a55b485c7,101079
04d0fe46-e270-4bf0-b721-ee363d6a6e2f,095d08c2-5199-4d31-a548-12b5955c61a1,103582
4e6f9bb8-78a5-4e09-9673-cce1f5489a5b,1a445f91-2ead-438a-9157-e2306187972a,135899
4e6f9bb8-78a5-4e09-9673-cce1f5489a5b,2130aa47-2aba-4a23-b3ca-a4360325ae32,88755
a8a3a809-1348-41fe-b334-afa6e29e0493,d1f46208-0958-4793-bf89-39afc8da5c85,286630
7d7c80c6-da3d-482a-87d2-4323b489f08b,310f8c32-4e53-4985-bd1b-6da805a969db,18542
a90a0979-3d6a-4c77-b2ce-81ba1f5311a5,cf8d0727-06ae-41b7-a2bf-c14ea6affcfa,135990
a90a0979-3d6a-4c77-b2ce-81ba1f5311a5,45e57df9-772b-40ca-aafc-898162c69844,144085
cd0aac86-7ac4-4828-8feb-b4a36d4f517c,d9dbc87f-1fec-4d78-bf2b-ec41887dfd44,187443
759c268e-84f7-4975-a0d9-19b2cd8f0dde,5f9a0ffa-c748-4fbb-95a5-8eab94c05210,262690
21140c1d-976c-4879-8bdc-a2a06014a372,07f047c6-eec0-4f71-98d8-0b06fac54ea9,223033
a8a3a809-1348-41fe-b334-afa6e29e0493,a8fe04d7-c6e9-4857-be39-37559d653f33,522106
3fe4fa6b-719c-428e-ab19-ac1e5a83f0f1,9303996d-4078-4c79-80db-6a3eaa36104a,27175
8a5a20aa-c7aa-4e06-b3af-7285634af283,2c754a65-ff58-47e6-85c1-78eb1aca2225,6344
96e28973-b877-402f-b3ae-36ec55c8844e,b5dc2142-0bad-4987-be8e-d11f22d9ea51,219371
9303996d-4078-4c79-80db-6a3eaa36104a,4130354e-87e6-4255-9189-522263c3027f,405134
3b07c7ff-6fed-490a-a9e1-f5bafebc6f0b,12ff259b-fcec-4111-8a3e-92f1b34ef005,375821
759c268e-84f7-4975-a0d9-19b2cd8f0dde,b31626b2-19f3-473f-8056-240a12f26768,333349
ea73977d-dcbd-4fd4-81c2-5ac84fa64cac,2c754a65-ff58-47e6-85c1-78eb1aca2225,97728
7d7c80c6-da3d-482a-87d2-4323b489f08b,a9b5bf1c-cbe0-4d26-9be9-e219091870fb,8858
2c754a65-ff58-47e6-85c1-78eb1aca2225,54d734a2-73fa-4c9d-8cf3-7a39eaef3b2d,325489
6e279e72-004f-470e-8bb4-0999c3fc6164,10949264-8492-44d9-ba5c-65c4b7838df4,157320
0e73205f-4f6a-4208-ad93-9e5206df13c7,e121b8a7-f238-42b9-8457-181650d599f1,472087
d59927c9-8f84-405f-b928-2ec21f8c6eb1,9eddc067-b8c5-418d-8707-e41b27dafb46,64287
4d871fb3-f0e1-4dc9-8415-2546e8723250,cb0c31f6-0fd6-46de-af02-5d25005aa5bb,130354
1dc801b8-53d9-46a5-85fd-164140883dd0,78699c1e-3234-4c39-a2d4-5e6e545dc68e,267103
25b1246f-0e37-44e9-a053-8fa48c7f8e1e,c855958a-64c0-4592-b32a-d7a4c8b2b733,173870
400beeb3-50ab-4b56-8775-3b2b07aedbc3,6603d019-cf11-4464-af83-d73a6114d7d9,114488
e7338740-b7ee-469c-9c74-bee7dd5f18d2,7d7c80c6-da3d-482a-87d2-4323b489f08b,234225
9303996d-4078-4c79-80db-6a3eaa36104a,4b3124e8-5fe8-4c26-8e72-8f6ba2766978,169031
78fd87d1-526d-4b18-8de8-c4c281977037,99d5f7aa-2bc3-4aab-be55-528b049579c6,13431
54835b8a-a27f-4145-a0f6-df40badc1d0e,9eddc067-b8c5-418d-8707-e41b27dafb46,101557
d59927c9-8f84-405f-b928-2ec21f8c6eb1,a43c454e-eaae-4ccf-ba48-24cf178c0031,46353
5e62c6a4-2bb4-4e1c-8488-e10c7b1c3f63,7fba12e8-f336-4a99-a479-dbcb1fc058b8,119723
cf8d0727-06ae-41b7-a2bf-c14ea6affcfa,394c6a7f-f4e5-40b8-bf5b-a953d624f184,107524
10949264-8492-44d9-ba5c-65c4b7838df4,b154fd49-3672-4066-8fe1-a9993e912518,268551
d7ea63f6-7280-453f-83c2-3f8ddc60ef79,cd4373fe-0091-4421-898d-1322bb7921e8,284656
06e59082-1be0-4c86-87a5-ccf1f9fea164,47cd9c20-4d9e-4b8a-813b-7cf5ccc918cd,372371
54d734a2-73fa-4c9d-8cf3-7a39eaef3b2d,d3f7b752-a107-4df3-9795-14db35826c73,67124
06e59082-1be0-4c86-87a5-ccf1f9fea164,1cf3a191-a526-4d97-a3d3-434d14f60ce3,308053
22a5a25e-618e-456a-b80a-9cbef2c43460,180627e6-0c19-44ba-82b6-4ec97d3ad85d,15302
c855958a-64c0-4592-b32a-d7a4c8b2b733,7d7c80c6-da3d-482a-87d2-4323b489f08b,105651
7cc6cfa4-c1e9-494a-986b-bbf607bc5550,4130354e-87e6-4255-9189-522263c3027f,503897
d3f7b752-a107-4df3-9795-14db35826c73,e413f084-e90e-424a-b205-f3dd75142edc,311944
11e6699e-09c0-4e83-aa27-821896ae0c18,3628d3b6-b07f-41cd-8c09-8c99afa414ba,27526
87fcf9bd-c496-499a-8ddd-b5f35af99931,14d26f53-dd5e-4cfa-aada-67c21bb5d939,47363
98eab8e7-ae72-4457-9ea0-742b7ae8093d,45e57df9-772b-40ca-aafc-898162c69844,50199
1dc801b8-53d9-46a5-85fd-164140883dd0,25cf4233-39d3-47dc-bf10-51d2687e74de,424427
08610465-eb20-4cef-a770-ee3cd8e75508,4e6f9bb8-78a5-4e09-9673-cce1f5489a5b,149372
4130354e-87e6-4255-9189-522263c3027f,ea73977d-dcbd-4fd4-81c2-5ac84fa64cac,491381
4d871fb3-f0e1-4dc9-8415-2546e8723250,119ea857-b60b-491c-8e01-ab437e50f26e,166282
78699c1e-3234-4c39-a2d4-5e6e545dc68e,839cc007-0190-43a3-a229-b97fe0fdddd1,126860
9bb7ec36-dda1-4ff9-a738-6f7f2e9f7630,8a5a20aa-c7aa-4e06-b3af-7285634af283,72330
ea73977d-dcbd-4fd4-81c2-5ac84fa64cac,01961663-3143-4f5c-92e7-965eec12a0f9,38749
b35a5f3e-d9e7-47bf-a5f8-e8abdc9166c0,0a48b595-c065-4fc3-81fc-25305be2e919,49243
4130354e-87e6-4255-9189-522263c3027f,b2063c94-d6ff-4b99-9b1a-191d9fc22602,325442
4b2c12b4-cdf9-4dc2-b23a-09610cc147eb,394c6a7f-f4e5-40b8-bf5b-a953d624f184,109273
a43c454e-eaae-4ccf-ba48-24cf178c0031,b55783b5-489c-4878-a0aa-c81825d0ae80,2257
759c268e-84f7-4975-a0d9-19b2cd8f0dde,c63bfa5b-d5bb-461c-b9eb-e8744301a90e,236993
0532f619-2dfb-4ed2-8656-ce67a56128aa,21140c1d-976c-4879-8bdc-a2a06014a372,53743
1277cc00-3031-42e9-bb55-37ca86bbfb7c,22a5a25e-618e-456a-b80a-9cbef2c43460,265902
25b1246f-0e37-44e9-a053-8fa48c7f8e1e,67a1a352-63c6-43f9-9d71-ce28a20ae21c,90251
12ff259b-fcec-4111-8a3e-92f1b34ef005,48ad0f18-b76e-4483-9afc-cd7e59be5f3a,300908
64afb508-3fdb-4f14-a721-040f46ad6d54,cd4373fe-0091-4421-898d-1322bb7921e8,271970
83ca04ab-5096-4031-b64a-163ca57dfb1b,06e59082-1be0-4c86-87a5-ccf1f9fea164,348780
394c6a7f-f4e5-40b8-bf5b-a953d624f184,385ddbb9-9e74-4532-b04a-de4e304cf8a7,70708
a730d385-0f71-42a3-8b8c-b4195bfa8f1f,cd0aac86-7ac4-4828-8feb-b4a36d4f517c,374892
b154fd49-3672-4066-8fe1-a9993e912518,1cf3a191-a526-4d97-a3d3-434d14f60ce3,63605
853a8faf-f277-4783-a080-1a32165bdc6e,c9fc8fa1-ca0e-4b1e-904c-80e5d80b2e39,537435
db21b201-6b2e-4e52-ad8d-d44123fc5c63,d59927c9-8f84-405f-b928-2ec21f8c6eb1,45221
b391f9a6-4399-4069-9150-100fa9423b03,394c6a7f-f4e5-40b8-bf5b-a953d624f184,109300
21140c1d-976c-4879-8bdc-a2a06014a372,12ff259b-fcec-4111-8a3e-92f1b34ef005,149115
d7ea63f6-7280-453f-83c2-3f8ddc60ef79,e7338740-b7ee-469c-9c74-bee7dd5f18d2,271517
db21b201-6b2e-4e52-ad8d-d44123fc5c63,83ca04ab-5096-4031-b64a-163ca57dfb1b,47868
c63bfa5b-d5bb-461c-b9eb-e8744301a90e,0e73205f-4f6a-4208-ad93-9e5206df13c7,68306
9eddc067-b8c5-418d-8707-e41b27dafb46,0a672532-6002-4b7d-bee3-274a62a9fb5a,31750
0a48b595-c065-4fc3-81fc-25305be2e919,6c6bed17-97db-4220-bcd7-9c74bb5c30a0,91547
4e6f9bb8-78a5-4e09-9673-cce1f5489a5b,3535f85d-9583-4470-ac4c-9afdc1038270,192784
b54ac68a-3eca-435c-8902-200a1a1b09ff,64afb508-3fdb-4f14-a721-040f46ad6d54,124050
60daa3ab-6065-4f2b-830b-86b36bb4afe8,a43c454e-eaae-4ccf-ba48-24cf178c0031,217913
65d47575-b37f-4501-841e-142b28a09398,1db7abdf-2504-4e24-99b3-3dffe16ee8eb,111517
0305e738-0366-4b59-9641-5036465d07cd,3628d3b6-b07f-41cd-8c09-8c99afa414ba,155134
4130354e-87e6-4255-9189-522263c3027f,f38f3d11-ca55-4e14-9b7a-3c41774011e1,102852
27a6c30d-3dd4-430c-9b72-6a22b6bc28be,b154fd49-3672-4066-8fe1-a9993e912518,89309
78699c1e-3234-4c39-a2d4-5e6e545dc68e,5e62c6a4-2bb4-4e1c-8488-e10c7b1c3f63,301709
245f557e-4c75-4015-b6b5-3a52111e716f,1db7abdf-2504-4e24-99b3-3dffe16ee8eb,38904
1db7abdf-2504-4e24-99b3-3dffe16ee8eb,b5dc2142-0bad-4987-be8e-d11f22d9ea51,449909
d3f7b752-a107-4df3-9795-14db35826c73,c855958a-64c0-4592-b32a-d7a4c8b2b733,159874
a8fe04d7-c6e9-4857-be39-37559d653f33,4d871fb3-f0e1-4dc9-8415-2546e8723250,128922
28be9ff8-6e8b-486b-bf5d-0d5f62c0c810,1ab2769c-a290-4b2f-9e27-da26985f69d8,265024
0305e738-0366-4b59-9641-5036465d07cd,14d26f53-dd5e-4cfa-aada-67c21bb5d939,82966
54835b8a-a27f-4145-a0f6-df40badc1d0e,b55783b5-489c-4878-a0aa-c81825d0ae80,45501
180627e6-0c19-44ba-82b6-4ec97d3ad85d,4e6f9bb8-78a5-4e09-9673-cce1f5489a5b,93687
5e62c6a4-2bb4-4e1c-8488-e10c7b1c3f63,0a48b595-c065-4fc3-81fc-25305be2e919,117250
4e6f9bb8-78a5-4e09-9673-cce1f5489a5b,7d7c80c6-da3d-482a-87d2-4323b489f08b,89012
fadaa8d2-d11e-48f4-b113-7ae97265e717,87fcf9bd-c496-499a-8ddd-b5f35af99931,57041
b55783b5-489c-4878-a0aa-c81825d0ae80,7fba12e8-f336-4a99-a479-dbcb1fc058b8,96648
4d871fb3-f0e1-4dc9-8415-2546e8723250,1cf3a191-a526-4d97-a3d3-434d14f60ce3,159646
c63bfa5b-d5bb-461c-b9eb-e8744301a90e,3fe4fa6b-719c-428e-ab19-ac1e5a83f0f1,46360
06e59082-1be0-4c86-87a5-ccf1f9fea164,ea73977d-dcbd-4fd4-81c2-5ac84fa64cac,127049
1dc801b8-53d9-46a5-85fd-164140883dd0,3535f85d-9583-4470-ac4c-9afdc1038270,364248
f38f3d11-ca55-4e14-9b7a-3c41774011e1,8c6f7203-3c40-4766-9212-79d89260e8e9,285904
25cf4233-39d3-47dc-bf10-51d2687e74de,07f047c6-eec0-4f71-98d8-0b06fac54ea9,56884
4d871fb3-f0e1-4dc9-8415-2546e8723250,29e9ab61-e061-4d94-8cd3-c99446d51c55,282206
384df65c-8611-4041-99a2-9b5a19d87245,67a1a352-63c6-43f9-9d71-ce28a20ae21c,43193
15ba1443-4cf1-4367-93b6-60fbb95a5b5e,01961663-3143-4f5c-92e7-965eec12a0f9,337903
d9dbc87f-1fec-4d78-bf2b-ec41887dfd44,64afb508-3fdb-4f14-a721-040f46ad6d54,160591
0305e738-0366-4b59-9641-5036465d07cd,2c9eb637-701c-47c0-86f9-52df6517d923,87250
c9fc8fa1-ca0e-4b1e-904c-80e5d80b2e39,dbc42853-f1be-402c-845f-6452bea1fcf0,191986
28be9ff8-6e8b-486b-bf5d-0d5f62c0c810,7d7d78f3-acce-4f6a-9cea-2a3afcde3e8f,188881
18036c84-0da6-4c1e-9b11-126a55b485c7,54835b8a-a27f-4145-a0f6-df40badc1d0e,105582
a43c454e-eaae-4ccf-ba48-24cf178c0031,0532f619-2dfb-4ed2-8656-ce67a56128aa,2364
2130aa47-2aba-4a23-b3ca-a4360325ae32,d7ea63f6-7280-453f-83c2-3f8ddc60ef79,350495
b55783b5-489c-4878-a0aa-c81825d0ae80,d7ea63f6-7280-453f-83c2-3f8ddc60ef79,136416
a730d385-0f71-42a3-8b8c-b4195bfa8f1f,6c6bed17-97db-4220-bcd7-9c74bb5c30a0,157548
3fe4fa6b-719c-428e-ab19-ac1e5a83f0f1,65d47575-b37f-4501-841e-142b28a09398,91910
a9b5bf1c-cbe0-4d26-9be9-e219091870fb,25b1246f-0e37-44e9-a053-8fa48c7f8e1e,389533
7cc6cfa4-c1e9-494a-986b-bbf607bc5550,b2063c94-d6ff-4b99-9b1a-191d9fc22602,285800
c855958a-64c0-4592-b32a-d7a4c8b2b733,2993ded9-071e-45bc-9b13-accdf5d3ebec,236273
7fba12e8-f336-4a99-a479-dbcb1fc058b8,6e279e72-004f-470e-8bb4-0999c3fc6164,298222
b2063c94-d6ff-4b99-9b1a-191d9fc22602,095d08c2-5199-4d31-a548-12b5955c61a1,319480
12ff259b-fcec-4111-8a3e-92f1b34ef005,b55783b5-489c-4878-a0aa-c81825d0ae80,212442
a8fe04d7-c6e9-4857-be39-37559d653f33,0305e738-0366-4b59-9641-5036465d07cd,36408
e313b334-d8e0-4f9d-a841-02495ccfd0d4,6e279e72-004f-470e-8bb4-0999c3fc6164,200063
98eab8e7-ae72-4457-9ea0-742b7ae8093d,e313b334-d8e0-4f9d-a841-02495ccfd0d4,84932
21140c1d-976c-4879-8bdc-a2a06014a372,385ddbb9-9e74-4532-b04a-de4e304cf8a7,181636
d9dbc87f-1fec-4d78-bf2b-ec41887dfd44,01961663-3143-4f5c-92e7-965eec12a0f9,91787
4b2c12b4-cdf9-4dc2-b23a-09610cc147eb,7e557ea8-c91d-46eb-8ca1-0358f43dcabe,176778
c855958a-64c0-4592-b32a-d7a4c8b2b733,29e9ab61-e061-4d94-8cd3-c99446d51c55,333321
18036c84-0da6-4c1e-9b11-126a55b485c7,0a48b595-c065-4fc3-81fc-25305be2e919,171650
98eab8e7-ae72-4457-9ea0-742b7ae8093d,8a1eb4a2-9b78-44bf-bb1e-2556e0dab34c,24974
5065fc4a-0d76-4ae7-84f0-b17d57bc7ce8,1dc801b8-53d9-46a5-85fd-164140883dd0,214338
45e57df9-772b-40ca-aafc-898162c69844,25b1246f-0e37-44e9-a053-8fa48c7f8e1e,215586
9bb7ec36-dda1-4ff9-a738-6f7f2e9f7630,a8a3a809-1348-41fe-b334-afa6e29e0493,179441
cf8d0727-06ae-41b7-a2bf-c14ea6affcfa,48ad0f18-b76e-4483-9afc-cd7e59be5f3a,38739
1ab2769c-a290-4b2f-9e27-da26985f69d8,1cf3a191-a526-4d97-a3d3-434d14f60ce3,308444
a8fe04d7-c6e9-4857-be39-37559d653f33,45e57df9-772b-40ca-aafc-898162c69844,98305
